date,product_id,quantity,selling_price,discount,region,channel
1/1/2024,P001,3,20.4,0,North,Retail
1/1/2024,P002,2,24.3,0,West,Retail
1/1/2024,P003,1,49.87,0,South,Online
1/1/2024,P004,10,8.77,0.05,West,Retail
1/1/2024,P005,2,174.8,0,West,Retail
1/1/2024,P006,3,60.27,0,East,Online
1/1/2024,P007,2,33.75,0,North,Online
1/1/2024,P008,4,22.38,0.05,North,Retail
1/1/2024,P009,2,19.29,0,North,Online
1/1/2024,P010,1,17.44,0,South,Retail
1/1/2024,P011,3,64.73,0,North,Retail
1/1/2024,P012,1,40.24,0,North,Retail
1/1/2024,P013,4,16.43,0,West,Online
1/1/2024,P014,1,22.14,0,North,Retail
1/1/2024,P015,2,12.43,0,South,Online
1/2/2024,P001,5,20.02,0,West,Online
1/2/2024,P002,2,24.21,0,North,Retail
1/2/2024,P003,1,51.65,0,,Online
1/2/2024,P004,9,8.66,0,West,Retail
1/2/2024,P005,3,183.91,0,West,Online
1/2/2024,P007,2,33.93,0,West,Online
1/2/2024,P008,2,23.5,0,North,Online
1/2/2024,P012,1,40.61,0,South,Retail
1/2/2024,P013,2,17.57,0,North,Online
1/2/2024,P014,4,22.09,0,West,Online
1/2/2024,P015,6,11.62,0,North,Retail
1/3/2024,P001,6,20.23,0,South,Online
1/3/2024,P002,2,24.12,0,South,Online
1/3/2024,P003,1,51.67,0,North,Online
1/3/2024,P008,2,23,0,South,Retail
1/3/2024,P010,1,18.09,0,South,Online
1/3/2024,P013,2,17.64,0,North,Retail
1/3/2024,P014,1,22.05,0,West,Online
1/3/2024,P015,2,11.97,0,West,Online
1/4/2024,P001,4,20.71,0,West,Online
1/4/2024,P002,5,25.46,0,South,Retail
1/4/2024,P004,4,9.32,0,South,Retail
1/4/2024,P005,1,181.29,0.1,East,Online
1/4/2024,P006,2,61.26,0,East,Online
1/4/2024,P007,1,33.92,0.1,East,Online
1/4/2024,P008,4,22.74,0,South,Online
1/4/2024,P009,5,18.96,0,North,Retail
1/4/2024,P010,1,18.49,0,North,Online
1/4/2024,P012,3,39.36,0,North,Retail
1/4/2024,P014,3,22.87,0,North,Online
1/5/2024,P001,4,19.25,0.1,North,Online
1/5/2024,P002,2,25.59,0,North,Retail
1/5/2024,P003,1,48.8,0,East,Retail
1/5/2024,P004,8,9.07,0.1,North,Retail
1/5/2024,P006,4,58.29,0,West,Online
1/5/2024,P007,3,35.01,0,West,Online
1/5/2024,P009,3,18.86,0,South,Online
1/5/2024,P010,1,17.87,0,North,Online
1/5/2024,P011,3,66.48,0,North,Online
1/5/2024,P012,5,40.05,0,North,Retail
1/5/2024,P013,1,17.45,0.05,North,Online
1/5/2024,P014,2,22.57,0,South,Online
1/5/2024,P015,2,12.43,0,South,Online
1/6/2024,P001,3,19.52,0,West,Online
1/6/2024,P002,6,24.78,0.15,West,Online
1/6/2024,P003,1,51.62,0.1,North,Online
1/6/2024,P004,9,8.89,0,West,Retail
1/6/2024,P005,4,185.03,0,South,Online
1/6/2024,P007,2,34.54,0,South,Retail
1/6/2024,P008,2,22.58,0,North,Retail
1/6/2024,P009,8,19.34,0,East,Retail
1/6/2024,P010,4,17.45,0.1,East,Online
1/6/2024,P011,4,65.28,0,West,Retail
1/6/2024,P013,1,17.23,0,East,Retail
1/6/2024,P014,1,21.52,0,West,Retail
1/7/2024,P001,4,19.57,0,East,Retail
1/7/2024,P002,4,24.16,0,South,Retail
1/7/2024,P003,3,50.29,0,West,Online
1/7/2024,P004,5,8.64,0,East,Retail
1/7/2024,P005,3,176.89,0,South,Online
1/7/2024,P006,4,58.75,0,North,Online
1/7/2024,P007,1,35.81,0,East,Online
1/7/2024,P008,5,22.26,0,South,Retail
1/7/2024,P009,1,19.69,0,South,Online
1/7/2024,P011,2,62.97,0,North,Online
1/7/2024,P012,2,39.72,0.05,North,Retail
1/7/2024,P014,2,22.48,0,East,Online
1/7/2024,P015,5,11.95,0,South,Online
1/8/2024,P004,3,9.04,0,East,Online
1/8/2024,P005,1,183.92,0,West,Online
1/8/2024,P006,3,61.49,0,East,Online
1/8/2024,P007,1,33.81,0.15,East,Online
1/8/2024,P008,5,22.3,0,South,Retail
1/8/2024,P009,2,18.26,0,East,Online
1/8/2024,P010,3,17.34,0,East,Online
1/8/2024,P011,1,65.49,0,West,Online
1/8/2024,P012,4,40.82,0,West,Online
1/8/2024,P014,2,22.68,0,North,Online
1/8/2024,P015,2,12.39,0,East,Online
1/9/2024,P001,7,20.64,0,West,Online
1/9/2024,P002,1,25.95,0,West,Retail
1/9/2024,P003,1,50.42,0,South,Online
1/9/2024,P004,4,8.75,0,South,Online
1/9/2024,P007,2,34.11,0,North,Online
1/9/2024,P009,3,18.61,0,South,Retail
1/9/2024,P010,4,17.47,0,North,Online
1/9/2024,P011,2,63.71,0,East,Retail
1/9/2024,P012,2,39.69,0,North,Online
1/9/2024,P013,2,16.67,0,West,Online
1/9/2024,P014,1,22.36,0,East,Online
1/9/2024,P015,2,12.41,0,West,Retail
1/10/2024,P001,4,19.39,0,North,Retail
1/10/2024,P002,2,24.05,0,South,Retail
1/10/2024,P003,2,50.12,0,West,Retail
1/10/2024,P004,4,8.88,0,West,Retail
1/10/2024,P005,1,186.09,0,South,Online
1/10/2024,P006,1,59.79,0,East,Online
1/10/2024,P007,2,35.62,0,South,Online
1/10/2024,P008,2,23.32,0,East,Online
1/10/2024,P009,7,19.35,0,West,Retail
1/10/2024,P010,3,17.86,0,East,Online
1/10/2024,P012,2,39.44,0,North,Retail
1/10/2024,P013,2,16.5,0,West,Retail
1/10/2024,P014,1,22.34,0,East,Online
1/10/2024,P015,4,11.89,0,East,Online
1/11/2024,P001,6,19.58,0,West,Retail
1/11/2024,P002,5,25.28,0,West,Online
1/11/2024,P003,1,51.25,0,East,Online
1/11/2024,P004,7,8.74,0,North,Online
1/11/2024,P005,1,174.78,0,North,Retail
1/11/2024,P008,6,22.25,0,South,Retail
1/11/2024,P009,2,19.25,0,South,Retail
1/11/2024,P010,1,18.35,0,West,Online
1/11/2024,P013,1,16.38,0.05,South,Retail
1/11/2024,P015,2,12.34,0,East,Retail
1/12/2024,P002,3,25.49,0,East,Online
1/12/2024,P003,2,48.33,0,North,Retail
1/12/2024,P004,9,9.1,0,North,Retail
1/12/2024,P005,3,173.5,0,South,Online
1/12/2024,P006,3,58.89,0,South,Online
1/12/2024,P007,1,33.59,0,East,Retail
1/12/2024,P008,4,22.47,0,West,Online
1/12/2024,P009,1,18.54,0,East,Online
1/12/2024,P010,1,17.35,0,North,Online
1/12/2024,P011,2,62.91,0,North,Online
1/12/2024,P013,4,16.86,0,North,Retail
1/12/2024,P014,2,21.99,0,South,Online
1/12/2024,P015,2,11.7,0,West,Retail
1/13/2024,P001,7,19.91,0,South,Retail
1/13/2024,P002,3,24.32,0,South,Online
1/13/2024,P003,5,50.67,0.1,West,Online
1/13/2024,P004,2,9.12,0,North,Retail
1/13/2024,P005,1,172.87,0,North,Online
1/13/2024,P006,2,58.36,0,North,Online
1/13/2024,P007,2,35.25,0,South,Online
1/13/2024,P009,5,18.86,0,West,Retail
1/13/2024,P010,2,18.02,0,West,Retail
1/13/2024,P011,3,64.79,0,West,Online
1/13/2024,P012,1,41.42,0,North,Retail
1/13/2024,P013,3,16.89,0,South,Online
1/13/2024,P014,1,22.35,0,North,Retail
1/14/2024,P001,2,20.53,0,East,Retail
1/14/2024,P002,2,25.93,0,East,Online
1/14/2024,P003,2,50.82,0,North,Retail
1/14/2024,P004,11,8.69,0.15,East,Online
1/14/2024,P005,1,175.06,0,West,Retail
1/14/2024,P006,3,57.83,0,West,Online
1/14/2024,P007,3,35.83,0,North,Retail
1/14/2024,P008,1,22.49,0,East,Online
1/14/2024,P009,3,19.25,0,West,Online
1/14/2024,P010,2,17.42,0,East,Online
1/14/2024,P011,3,62.74,0,East,Online
1/14/2024,P013,3,17.43,0,East,Online
1/14/2024,P014,5,21.76,0,West,Retail
1/14/2024,P015,4,11.7,0,North,Retail
1/15/2024,P001,2,19.51,0,East,Online
1/15/2024,P002,3,24.95,0,South,Online
1/15/2024,P004,8,8.89,0,South,Online
1/15/2024,P006,1,58.22,0,East,Online
1/15/2024,P007,3,36.02,0,South,Online
1/15/2024,P008,3,22.1,0,South,Online
1/15/2024,P009,2,18.57,0,South,Retail
1/15/2024,P010,3,17.66,0,East,Online
1/15/2024,P011,1,63.41,0.15,East,Online
1/15/2024,P012,2,40.99,0,West,Retail
1/15/2024,P014,2,22.81,0,North,Online
1/15/2024,P015,5,12.06,0,South,Online
1/16/2024,P001,3,20.39,0,North,Online
1/16/2024,P002,5,24.8,0,North,Online
1/16/2024,P003,1,49.86,0,North,Online
1/16/2024,P004,6,9.31,0,North,Online
1/16/2024,P005,1,175.12,0,South,Online
1/16/2024,P006,2,57.83,0,West,Online
1/16/2024,P007,1,35.78,0,North,Online
1/16/2024,P008,4,22.29,0,East,Online
1/16/2024,P009,4,19.35,0,South,Online
1/16/2024,P010,6,18.69,0.1,East,Retail
1/16/2024,P011,4,66.39,0,South,Online
1/16/2024,P012,1,39.09,0,South,Online
1/16/2024,P014,1,21.81,0,East,Online
1/16/2024,P015,4,12.02,0,West,Online
1/17/2024,P002,5,25.27,0,North,Retail
1/17/2024,P003,2,51.88,0,East,Online
1/17/2024,P004,3,9.34,0.15,North,Retail
1/17/2024,P005,3,180.31,0,North,Online
1/17/2024,P006,1,61.41,0,South,Online
1/17/2024,P007,1,35.99,0.05,West,Online
1/17/2024,P008,4,23.09,0,West,Online
1/17/2024,P009,3,18.34,0,North,Online
1/17/2024,P010,2,18.46,0,South,Retail
1/17/2024,P011,3,65.14,0,West,Online
1/17/2024,P012,4,39.83,0,East,Online
1/17/2024,P015,2,12.06,0,North,Online
1/18/2024,P001,4,20.64,0,West,Retail
1/18/2024,P002,2,24.49,0,East,Retail
1/18/2024,P003,4,50.1,0,East,Online
1/18/2024,P004,11,8.87,0,East,Online
1/18/2024,P005,1,183.72,0,North,Online
1/18/2024,P007,1,33.74,0,West,Retail
1/18/2024,P008,3,23.55,0,North,Online
1/18/2024,P009,3,19.23,0,North,Retail
1/18/2024,P010,2,17.59,0.1,North,Retail
1/18/2024,P012,5,39.91,0,South,Online
1/18/2024,P014,2,22.56,0,South,Retail
1/19/2024,P001,1,20.41,0,North,Retail
1/19/2024,P002,1,25.69,0,West,Online
1/19/2024,P003,1,48.29,0,East,Retail
1/19/2024,P004,6,8.96,0,East,Online
1/19/2024,P005,2,181.7,0,East,Online
1/19/2024,P006,1,58.01,0,West,Online
1/19/2024,P007,1,34.53,0,South,Online
1/19/2024,P008,3,23.7,0,South,Online
1/19/2024,P010,1,17.87,0,North,Online
1/19/2024,P012,2,38.43,0,South,Online
1/19/2024,P013,3,17.01,0,South,Online
1/19/2024,P015,1,12.09,0,West,Retail
1/20/2024,P001,5,19.73,0,South,Online
1/20/2024,P002,5,24.09,0,West,Online
1/20/2024,P004,12,8.85,0.05,South,Online
1/20/2024,P006,1,59.26,0,South,Online
1/20/2024,P007,2,36.11,0,East,Online
1/20/2024,P009,6,19.74,0,North,Online
1/20/2024,P010,2,17.29,0,East,Online
1/20/2024,P012,1,39.28,0,South,Online
1/20/2024,P013,2,16.34,0,South,Retail
1/20/2024,P014,3,22.46,0,West,Retail
1/20/2024,P015,6,11.6,0,North,Retail
1/21/2024,P001,4,19.26,0,North,Online
1/21/2024,P002,4,24.65,0,North,Online
1/21/2024,P003,1,50.25,0,South,Retail
1/21/2024,P004,11,9.04,0,South,Online
1/21/2024,P006,2,62.09,0,North,Online
1/21/2024,P007,3,33.88,0,West,Retail
1/21/2024,P008,2,23.78,0,South,Online
1/21/2024,P009,4,19.3,0.1,North,Retail
1/21/2024,P010,1,18.64,0,South,Online
1/21/2024,P011,2,62.71,0,West,Online
1/21/2024,P012,1,40.4,0,North,Online
1/21/2024,P013,6,16.89,0,South,Retail
1/21/2024,P014,1,21.33,0,North,Retail
1/21/2024,P015,5,12.04,0,East,Retail
1/22/2024,P001,4,19.34,0,East,Online
1/22/2024,P002,4,24.07,0,West,Online
1/22/2024,P004,11,8.91,0,West,Online
1/22/2024,P005,3,173.75,0,South,Online
1/22/2024,P006,2,60.34,0,West,Online
1/22/2024,P008,4,22.38,0.1,East,Online
1/22/2024,P009,1,19.5,0.15,South,Online
1/22/2024,P010,1,17.88,0,North,Online
1/22/2024,P011,1,66.71,0.05,South,Retail
1/22/2024,P012,2,39.56,0,South,Online
1/22/2024,P013,2,17.5,0,South,Online
1/22/2024,P014,2,21.13,0.05,West,Retail
1/23/2024,P001,3,19.21,0,North,Online
1/23/2024,P002,1,25.18,0,West,Retail
1/23/2024,P003,-2,49.18,0,East,Retail
1/23/2024,P004,5,8.68,0,West,Online
1/23/2024,P005,1,185.75,0,North,Retail
1/23/2024,P006,4,60.94,0,North,Online
1/23/2024,P007,3,34.16,0,South,Online
1/23/2024,P009,6,19.05,0,South,Online
1/23/2024,P010,3,18.12,0,North,Retail
1/23/2024,P011,2,66.88,0,East,Online
1/23/2024,P014,3,21.3,0,North,Online
1/23/2024,P015,4,11.56,0,West,Retail
1/24/2024,P001,4,20.28,0,South,Online
1/24/2024,P003,4,48.47,0.15,East,Retail
1/24/2024,P005,1,175.14,0,North,Online
1/24/2024,P006,1,61.97,0,West,Retail
1/24/2024,P007,2,36.27,0,West,Retail
1/24/2024,P009,3,19.03,0,North,Online
1/24/2024,P010,2,18.2,0,West,Online
1/24/2024,P012,1,40.37,0,North,Online
1/24/2024,P013,1,16.45,0,East,Retail
1/24/2024,P015,6,12.4,0.05,West,Online
1/25/2024,P002,1,24.89,0,West,Retail
1/25/2024,P004,9,8.73,0,West,Online
1/25/2024,P005,1,184.59,0,South,Online
1/25/2024,P006,1,61.54,0,West,Retail
1/25/2024,P008,3,22.6,0,West,Online
1/25/2024,P009,4,,0,North,Retail
1/25/2024,P010,3,18.32,0,North,Retail
1/25/2024,P011,3,67.21,0,East,Online
1/25/2024,P013,3,16.98,0,South,Online
1/25/2024,P014,2,21.81,0,West,Online
1/25/2024,P015,6,12.07,0,West,Online
1/26/2024,P001,7,20.5,0.15,West,Retail
1/26/2024,P002,4,25.77,0,South,Online
1/26/2024,P003,2,48.55,0,West,Online
1/26/2024,P004,4,8.93,0,North,Retail
1/26/2024,P006,1,59.02,0,North,Online
1/26/2024,P008,2,23.62,0,South,Retail
1/26/2024,P009,2,18.99,0.15,North,Retail
1/26/2024,P011,4,65.78,0,East,Online
1/26/2024,P013,4,17.4,0,North,Online
1/26/2024,P014,2,21.57,0,South,Online
1/26/2024,P015,4,12.41,0,North,Retail
1/27/2024,P002,8,24.11,0,East,Online
1/27/2024,P003,2,48.17,0,North,Retail
1/27/2024,P006,2,62.02,0,East,Online
1/27/2024,P007,3,35.86,0,East,Online
1/27/2024,P008,5,22.75,0.05,West,Online
1/27/2024,P009,3,18.33,0,East,Online
1/27/2024,P010,5,18.35,0,South,Online
1/27/2024,P011,1,64.55,0,West,Online
1/27/2024,P013,1,16.65,0,South,Online
1/27/2024,P014,2,21.4,0.05,East,Online
1/27/2024,P015,1,12.41,0,East,Online
1/28/2024,P001,5,20.19,0,North,Online
1/28/2024,P002,3,25.93,0.1,West,Online
1/28/2024,P003,1,50.68,0,South,Online
1/28/2024,P004,3,8.75,0,North,Online
1/28/2024,P005,2,182.83,0,East,Online
1/28/2024,P006,2,58,0,North,Online
1/28/2024,P007,2,34.38,0,North,Retail
1/28/2024,P008,3,23.75,0,South,Online
1/28/2024,P010,3,18.12,0,West,Online
1/28/2024,P011,1,64.83,0,East,Online
1/28/2024,P012,7,38.71,0,North,Online
1/28/2024,P014,2,22.56,0,North,Online
1/28/2024,P015,4,12.31,0,South,Retail
1/29/2024,P002,1,24.15,0,North,Online
1/29/2024,P003,3,51.78,0.1,South,Online
1/29/2024,P004,7,8.9,0,South,Online
1/29/2024,P005,3,175.44,0,North,Online
1/29/2024,P006,4,60.67,0,West,Retail
1/29/2024,P008,4,22.47,0,North,Online
1/29/2024,P009,3,18.85,0,North,Online
1/29/2024,P011,4,65.57,0,East,Online
1/29/2024,P012,1,40.89,0,East,Online
1/29/2024,P013,7,16.42,0,South,Online
1/29/2024,P014,4,22.3,0,East,Online
1/29/2024,P015,4,12.12,0,East,Retail
1/30/2024,P001,2,19.72,0,North,Online
1/30/2024,P002,3,25.79,0.05,East,Retail
1/30/2024,P003,1,51.1,0,North,Online
1/30/2024,P004,8,9.06,0,West,Online
1/30/2024,P007,3,35.59,0,North,Retail
1/30/2024,P009,1,19.73,0,North,Retail
1/30/2024,P011,1,65.03,0,East,Online
1/30/2024,P012,1,38.65,0,North,Online
1/30/2024,P013,1,17.06,0,West,Retail
1/30/2024,P014,1,21.38,0,East,Retail
1/30/2024,P015,3,11.57,0,West,Online
1/31/2024,P001,5,19.21,0,North,Online
1/31/2024,P002,2,25.61,0,South,Online
1/31/2024,P003,2,50.06,0.1,North,Online
1/31/2024,P004,7,9.03,0,South,Retail
1/31/2024,P005,2,179.83,0.15,South,Online
1/31/2024,P006,1,57.97,0,West,Online
1/31/2024,P007,1,34.12,0,South,Online
1/31/2024,P008,5,23.05,0,West,Online
1/31/2024,P011,2,62.86,0,South,Retail
1/31/2024,P012,4,39.92,0.1,North,Online
1/31/2024,P013,2,16.39,0.15,South,Online
1/31/2024,P014,3,21.22,0,East,Online
2/1/2024,P002,6,24.44,0,South,Online
2/1/2024,P003,1,50.09,0,South,Online
2/1/2024,P004,5,9.2,0,West,Online
2/1/2024,P008,2,22.95,0,West,Retail
2/1/2024,P009,3,18.73,0,South,Online
2/1/2024,P010,1,18.5,0,East,Online
2/1/2024,P012,4,40.17,0,East,Online
2/1/2024,P013,2,17.26,0,East,Online
2/1/2024,P014,1,21.3,0,South,Online
2/1/2024,P015,6,11.61,0,East,Online
2/2/2024,P001,1,19.56,0,North,Online
2/2/2024,P002,4,25.05,0.15,West,Retail
2/2/2024,P003,3,48.29,0,West,Online
2/2/2024,P004,2,8.77,0.15,South,Retail
2/2/2024,P005,2,184.62,0,West,Online
2/2/2024,P007,3,35.81,0,East,Retail
2/2/2024,P009,4,19.7,0,East,Online
2/2/2024,P010,5,17.91,0,South,Retail
2/2/2024,P011,4,64.98,0,West,Retail
2/2/2024,P012,2,40.82,0,North,Retail
2/2/2024,P013,-1,17.19,0,North,Online
2/2/2024,P014,3,22.85,0,East,Retail
2/2/2024,P015,4,12.34,0,East,Online
2/3/2024,P001,4,19.22,0,South,Online
2/3/2024,P002,3,24.6,0,East,Retail
2/3/2024,P003,2,51.98,0,East,Retail
2/3/2024,P004,12,9.33,0,West,Online
2/3/2024,P004,12,9.33,0,West,Online
2/3/2024,P005,1,174.81,0,West,Online
2/3/2024,P006,2,61.17,0.05,West,Retail
2/3/2024,P007,4,35.77,0,South,Online
2/3/2024,P008,1,23.91,0,West,Retail
2/3/2024,P009,2,18.99,0,South,Online
2/3/2024,P011,1,65.8,0,West,Online
2/3/2024,P012,3,39.42,0,East,Online
2/3/2024,P013,6,16.46,0,East,Online
2/3/2024,P014,1,22.56,0,South,Online
2/3/2024,P015,2,11.56,0,West,Online
2/4/2024,P001,4,19.52,0,West,Online
2/4/2024,P002,2,25.81,0,North,Retail
2/4/2024,P003,2,49.51,0,West,Online
2/4/2024,P004,8,8.94,0,South,Online
2/4/2024,P006,3,60.47,0.15,East,Retail
2/4/2024,P007,1,33.66,1.35,East,Online
2/4/2024,P008,1,22.35,0,West,Retail
2/4/2024,P009,12,19.52,0,East,Retail
2/4/2024,P010,5,18.1,0,West,Retail
2/4/2024,P011,3,63.37,0,West,Online
2/4/2024,P012,3,38.66,0,East,Online
2/4/2024,P013,3,17.57,0,North,Online
2/4/2024,P015,3,12.15,0,West,Retail
2/5/2024,P001,5,20.4,0,East,Retail
2/5/2024,P002,4,24.69,0,North,Online
2/5/2024,P004,6,8.78,0,East,Online
2/5/2024,P005,3,180.97,0,North,Online
2/5/2024,P007,1,34.37,0,West,Retail
2/5/2024,P008,1,23.4,0,West,Online
2/5/2024,P009,5,18.67,0,East,Online
2/5/2024,P010,2,18.21,0,East,Retail
2/5/2024,P011,2,63.86,0,East,Online
2/5/2024,P012,3,40.65,0.05,North,Online
2/5/2024,P013,3,16.66,0,South,Online
2/5/2024,P014,1,21.32,0,East,Online
2/6/2024,P001,5,20.77,0,South,Retail
2/6/2024,P002,2,25.04,0,West,Online
2/6/2024,P004,10,8.97,0,East,Online
2/6/2024,P006,2,58.64,0,North,Retail
2/6/2024,P007,3,36.14,0,South,Online
2/6/2024,P009,3,18.37,0.15,North,Online
2/6/2024,P010,2,17.4,0,West,Online
2/6/2024,P011,2,65.48,0,South,Retail
2/6/2024,P013,1,17.25,0,West,Online
2/6/2024,P014,1,21.36,0,South,Online
2/6/2024,P015,1,11.7,0.1,North,Online
2/7/2024,P001,3,19.79,0.1,North,Online
2/7/2024,P002,3,24.64,0,North,Online
2/7/2024,P003,1,50.85,0,North,Retail
2/7/2024,P004,4,9.07,0,West,Retail
2/7/2024,P006,1,59.76,0.05,South,Online
2/7/2024,P007,2,36.24,0,East,Retail
2/7/2024,P008,4,22.3,0,East,Retail
2/7/2024,P009,3,19.64,0,South,Online
2/7/2024,P010,1,18.3,0,North,Online
2/7/2024,P011,4,66.55,0,East,Retail
2/7/2024,P012,1,40.92,0,East,Retail
2/7/2024,P013,3,16.35,0,East,Retail
2/7/2024,P014,1,21.76,0,South,Online
2/7/2024,P015,3,11.68,0,East,Retail
2/8/2024,P001,2,20.14,0,South,Retail
2/8/2024,P002,4,25.41,0,East,Retail
2/8/2024,P003,3,51.06,0,West,Retail
2/8/2024,P004,12,8.94,0,East,Online
2/8/2024,P006,4,57.75,0,East,Online
2/8/2024,P008,2,23.06,0,South,Online
2/8/2024,P011,1,63.85,0,South,Retail
2/8/2024,P013,5,17.38,0,South,Online
2/8/2024,P014,3,22.34,0,South,Retail
2/9/2024,P004,6,8.7,0,West,Retail
2/9/2024,P006,2,57.89,0,East,Retail
2/9/2024,P007,1,35.18,0,North,Retail
2/9/2024,P009,2,18.74,0,West,Retail
2/9/2024,P010,1,17.64,0,North,Online
2/9/2024,P011,1,63.28,0,West,Online
2/9/2024,P012,5,41.12,0.15,West,Retail
2/9/2024,P013,1,17.03,0,North,Online
2/9/2024,P015,7,11.92,0,East,Retail
2/10/2024,P001,4,19.84,1.35,West,Online
2/10/2024,P003,1,51.58,0,West,Online
2/10/2024,P004,3,9.05,0,West,Online
2/10/2024,P005,2,179.58,0,North,Online
2/10/2024,P008,5,23.58,0.15,South,Retail
2/10/2024,P009,5,18.54,0,East,Online
2/10/2024,P010,2,18.62,0.15,South,Retail
2/10/2024,P014,2,22.11,0,East,Retail
2/10/2024,P015,4,12.14,0.15,South,Retail
2/11/2024,P001,8,19.95,0,West,Online
2/11/2024,P002,1,25.01,0,West,Online
2/11/2024,P003,2,50.08,0,East,Online
2/11/2024,P004,10,8.95,0,South,Online
2/11/2024,P005,2,176.72,0,West,Online
2/11/2024,P006,2,59.37,0.15,East,Online
2/11/2024,P007,2,33.6,0,South,Online
2/11/2024,P008,2,22.41,0,South,Online
2/11/2024,P010,5,17.61,0,South,Online
2/11/2024,P011,2,64.77,0,South,Online
2/11/2024,P013,5,17.1,0.15,West,Online
2/11/2024,P014,2,21.38,0,South,Retail
2/11/2024,P015,3,11.99,0,East,Online
2/12/2024,P001,7,20.43,0,West,Online
2/12/2024,P002,3,24.71,0,South,Online
2/12/2024,P003,1,49.81,0,West,Online
2/12/2024,P004,7,8.71,0,South,Online
2/12/2024,P005,1,,0,West,Retail
2/12/2024,P006,3,60.23,0,West,Online
2/12/2024,P007,2,35.46,0,East,Online
2/12/2024,P010,2,18.68,0,North,Retail
2/12/2024,P013,4,17.27,0,West,Online
2/12/2024,P014,1,22.44,0.05,East,Online
2/12/2024,P015,4,12.3,0.1,West,Online
2/13/2024,P001,10,20.36,0,South,Online
2/13/2024,P002,2,24.78,0,South,Retail
2/13/2024,P003,3,48.42,0,West,Retail
2/13/2024,P004,6,9,0,East,Retail
2/13/2024,P006,2,58.86,0,West,Online
2/13/2024,P007,1,33.74,0,North,Online
2/13/2024,P008,1,22.94,0.15,South,Retail
2/13/2024,P009,2,19.51,0,South,Online
2/13/2024,P011,2,65.38,0,South,Retail
2/13/2024,P013,4,16.52,0,East,Online
2/13/2024,P014,1,21.31,0,East,Retail
2/13/2024,P015,2,12.47,0,North,Online
2/14/2024,P001,7,19.83,0,North,Retail
2/14/2024,P002,2,24.26,0,East,Online
2/14/2024,P003,1,51.16,0,South,Retail
2/14/2024,P004,5,9.02,0,East,Online
2/14/2024,P006,2,59.56,0,South,Online
2/14/2024,P007,3,33.96,0,West,Online
2/14/2024,P008,2,22.14,0,East,Retail
2/14/2024,P010,2,18.6,0,East,Online
2/14/2024,P012,4,39.26,0,North,Online
2/14/2024,P013,2,16.92,0.1,West,Online
2/14/2024,P015,7,12.23,0,North,Retail
2/15/2024,P002,2,24.37,0,East,Retail
2/15/2024,P003,1,49.84,0,West,Retail
2/15/2024,P004,8,8.8,0,West,Online
2/15/2024,P006,2,58.45,0,East,Retail
2/15/2024,P007,1,35.5,0,North,Retail
2/15/2024,P011,2,64.62,0,South,Online
2/15/2024,P013,2,17.3,0,South,Online
2/15/2024,P014,2,21.6,0,North,Retail
2/15/2024,P015,3,11.74,0,West,Online
2/16/2024,P001,6,19.77,0,East,Online
2/16/2024,P002,3,25.38,0,East,Online
2/16/2024,P003,1,50.76,0,West,Online
2/16/2024,P004,9,9.12,0,West,Online
2/16/2024,P005,1,184.52,0,North,Retail
2/16/2024,P006,1,58.36,0,East,Online
2/16/2024,P008,3,23.52,0,West,Retail
2/16/2024,P009,3,19.53,0.05,East,Retail
2/16/2024,P010,5,18.34,0,West,Online
2/16/2024,P011,2,66.11,0,West,Online
2/16/2024,P012,1,38.42,0,North,Online
2/16/2024,P013,1,16.74,0,South,Online
2/16/2024,P014,1,22.54,0,North,Online
2/16/2024,P015,2,12.12,0,West,Retail
2/17/2024,P003,3,48.66,0,West,Online
2/17/2024,P004,8,8.8,0,South,Online
2/17/2024,P006,3,62,0,East,Retail
2/17/2024,P007,2,35.25,0.15,North,Retail
2/17/2024,P009,3,19.57,0,North,Online
2/17/2024,P010,2,18.71,0,West,Online
2/17/2024,P011,1,65.29,0,West,Retail
2/17/2024,P012,3,38.93,0,West,Online
2/17/2024,P013,3,16.99,0,South,Online
2/17/2024,P014,3,21.37,0,West,Online
2/17/2024,P015,3,12.26,0,East,Retail
2/18/2024,P001,10,19.66,0.15,East,Retail
2/18/2024,P002,2,25.66,0,South,Retail
2/18/2024,P003,2,51.06,0.1,South,Retail
2/18/2024,P004,8,8.76,0,East,Online
2/18/2024,P005,1,173.36,0,South,Retail
2/18/2024,P006,2,61.6,0,West,Online
2/18/2024,P007,2,34.92,0,North,Online
2/18/2024,P008,5,22.83,0,North,Retail
2/18/2024,P009,3,19.18,0,West,Online
2/18/2024,P012,3,40.55,0.05,North,Online
2/18/2024,P013,4,17.23,0,West,Retail
2/18/2024,P014,3,21.41,0,South,Online
2/19/2024,P004,6,8.84,0,South,Online
2/19/2024,P007,1,33.6,0,North,Retail
2/19/2024,P008,3,22.41,0,North,Online
2/19/2024,P009,1,18.7,1.35,West,Retail
2/19/2024,P010,1,18.45,0,South,Online
2/19/2024,P011,4,64.61,0,West,Online
2/19/2024,P012,2,39.44,0,East,Retail
2/19/2024,P013,7,16.55,0,West,Online
2/19/2024,P014,1,21.31,0,West,Online
2/19/2024,P015,6,12.46,0,South,Online
2/20/2024,P001,3,20.2,0,South,Online
2/20/2024,P002,2,24.68,0,East,Online
2/20/2024,P004,5,8.73,0,South,Online
2/20/2024,P005,1,183.82,0,South,Online
2/20/2024,P006,4,59.22,0.05,East,Online
2/20/2024,P008,3,23.46,0,West,Retail
2/20/2024,P009,5,18.35,0,West,Retail
2/20/2024,P010,3,17.48,0,West,Online
2/20/2024,P011,2,66.14,0,East,Online
2/20/2024,P012,2,40.88,0.15,North,Online
2/20/2024,P013,4,16.87,0,North,Online
2/20/2024,P015,2,12.04,0,East,Online
2/21/2024,P001,4,20.35,0,South,Online
2/21/2024,P002,1,24.76,0,West,Online
2/21/2024,P003,5,49.76,0,West,Online
2/21/2024,P004,5,9.21,0,North,Retail
2/21/2024,P005,1,180.53,0,East,Online
2/21/2024,P006,1,62.06,0,North,Retail
2/21/2024,P008,1,23.43,0.05,South,Retail
2/21/2024,P012,2,39.06,0,West,Online
2/21/2024,P015,5,12.23,0,West,Online
2/22/2024,P001,4,19.6,0,East,Online
2/22/2024,P003,2,49.59,0,North,Online
2/22/2024,P004,5,8.74,0,East,Online
2/22/2024,P005,1,176.85,0,West,Online
2/22/2024,P006,3,59.25,0,South,Retail
2/22/2024,P007,1,33.59,0,East,Online
2/22/2024,P008,3,23.3,0,East,Online
2/22/2024,P010,1,18.54,0,East,Retail
2/22/2024,P012,1,38.95,0,South,Online
2/22/2024,P013,1,17.51,0,West,Online
2/22/2024,P014,1,22.84,0,North,Retail
2/22/2024,P015,6,11.79,0,West,Online
2/23/2024,P001,1,20.1,0,East,Retail
2/23/2024,P002,3,25.78,0,East,Online
2/23/2024,P004,6,8.79,0,East,Retail
2/23/2024,P006,2,57.64,0,South,Retail
2/23/2024,P008,1,22.84,0.15,West,Retail
2/23/2024,P009,1,19.09,0,North,Retail
2/23/2024,P010,2,18.11,0.15,South,Online
2/23/2024,P010,2,18.11,0.15,South,Online
2/23/2024,P011,2,63.89,0,East,Retail
2/23/2024,P013,1,17.03,0,West,Online
2/23/2024,P014,3,22.19,0,East,Online
2/23/2024,P015,4,12.34,0,South,Online
2/24/2024,P001,2,19.5,0,North,Online
2/24/2024,P003,3,51.59,0,West,Online
2/24/2024,P004,7,9.07,0,West,Retail
2/24/2024,P006,2,58.07,0,East,Online
2/24/2024,P008,5,22.58,0,North,Retail
2/24/2024,P009,10,18.51,0,East,Retail
2/24/2024,P011,2,65.56,0,East,Online
2/24/2024,P014,4,22.19,0,South,Retail
2/24/2024,P015,4,12.19,0,South,Online
2/25/2024,P001,11,19.37,0,East,Retail
2/25/2024,P002,6,25.01,0,West,Retail
2/25/2024,P004,8,8.93,0,East,Retail
2/25/2024,P006,1,58.78,0,East,Retail
2/25/2024,P007,2,33.86,0,West,Online
2/25/2024,P008,2,22.57,0,North,Retail
2/25/2024,P009,1,19.42,0,South,Retail
2/25/2024,P012,3,40.32,0.05,East,Retail
2/25/2024,P013,3,16.58,0,East,Online
2/25/2024,P014,1,22.18,0,South,Retail
2/25/2024,P015,5,11.76,0,East,Online
2/26/2024,P001,3,20.43,0,West,Retail
2/26/2024,P005,2,181.77,0,West,Retail
2/26/2024,P007,1,35.25,0,North,Retail
2/26/2024,P008,2,23.44,0,South,Online
2/26/2024,P009,2,19.74,0,East,Online
2/26/2024,P010,2,17.84,0,West,Retail
2/26/2024,P014,2,21.91,0,West,Online
2/26/2024,P015,2,12.15,0,West,Online
2/27/2024,P001,4,20.18,0,North,Online
2/27/2024,P003,4,48.63,0,West,Online
2/27/2024,P004,4,9.31,0,East,Online
2/27/2024,P005,3,181.15,0,North,Retail
2/27/2024,P009,6,19.18,0,West,Online
2/27/2024,P010,5,18.53,0,North,Online
2/27/2024,P012,1,39.85,0,West,Online
2/27/2024,P013,3,16.89,0,West,Retail
2/27/2024,P014,2,21.28,0,North,Online
2/27/2024,P015,3,11.55,0,East,Retail
2/28/2024,P001,3,19.72,0,East,Online
2/28/2024,P002,1,25.83,0.1,North,Online
2/28/2024,P003,2,48.27,0,North,Online
2/28/2024,P004,4,8.88,0,North,Online
2/28/2024,P006,3,60.17,0,South,Online
2/28/2024,P007,5,34.62,0,North,Online
2/28/2024,P008,3,22.78,0,East,Online
2/28/2024,P010,2,17.73,0,West,Online
2/28/2024,P012,3,39.18,0,East,Online
2/28/2024,P013,1,16.44,0,North,Online
2/28/2024,P014,5,21.74,0,West,Online
2/28/2024,P015,1,12.4,0,South,Online
2/29/2024,P001,8,19.82,0,West,Retail
2/29/2024,P002,2,24.06,0,South,Retail
2/29/2024,P003,2,49.04,0,West,Retail
2/29/2024,P005,1,178.77,0,East,Online
2/29/2024,P006,3,58.48,0,West,Online
2/29/2024,P009,2,18.47,0,East,Retail
2/29/2024,P010,2,18.08,0,East,Online
2/29/2024,P011,1,64.65,0,East,Online
2/29/2024,P012,1,38.63,0,West,Retail
2/29/2024,P013,2,17.39,0,East,Online
2/29/2024,P014,4,21.87,0,South,Retail
2/29/2024,P015,2,12.36,0,West,Online
3/1/2024,P001,4,19.24,0,North,Online
3/1/2024,P004,6,8.69,0,North,Online
3/1/2024,P004,6,8.69,0,North,Online
3/1/2024,P005,3,186.16,0,West,Online
3/1/2024,P006,4,59.99,0,West,Online
3/1/2024,P008,3,23.63,0,West,Retail
3/1/2024,P009,4,18.81,0,North,Online
3/1/2024,P010,2,17.85,0,South,Retail
3/1/2024,P011,3,64.14,0,South,Retail
3/1/2024,P012,5,40.72,0,East,Retail
3/1/2024,P013,3,16.76,0,East,Online
3/1/2024,P014,3,22.64,0,East,Online
3/1/2024,P015,5,11.71,0,South,Retail
3/2/2024,P001,8,20.75,0,South,Retail
3/2/2024,P002,4,25.1,0,North,Online
3/2/2024,P004,6,9.18,0,South,Online
3/2/2024,P005,1,185.43,0,West,Online
3/2/2024,P006,2,57.7,0,North,Online
3/2/2024,P008,3,22.78,0,South,Online
3/2/2024,P009,6,19.28,0,North,Retail
3/2/2024,P010,2,18.23,0,East,Online
3/2/2024,P011,3,66.11,0,North,Retail
3/2/2024,P012,7,38.54,0,East,Online
3/2/2024,P013,7,17.21,0.05,West,Online
3/2/2024,P014,3,21.89,0,North,Online
3/2/2024,P015,4,12.41,0.1,East,Online
3/3/2024,P001,4,20.36,0,East,Online
3/3/2024,P002,2,24.43,0,North,Online
3/3/2024,P004,6,8.72,0,West,Online
3/3/2024,P005,3,176.52,0,West,Online
3/3/2024,P006,2,61.62,0.05,West,Online
3/3/2024,P007,2,34.86,0,North,Online
3/3/2024,P008,7,23.26,0,South,Retail
3/3/2024,P009,8,18.24,0,South,Retail
3/3/2024,P010,5,17.62,0,South,Online
3/3/2024,P013,2,17.49,0,North,Online
3/3/2024,P015,4,11.91,0,West,Online
3/4/2024,P001,1,19.87,0.05,North,Retail
3/4/2024,P002,3,25.75,0,West,Retail
3/4/2024,P003,1,51.17,0,East,Retail
3/4/2024,P004,4,9.29,0,North,Retail
3/4/2024,P005,2,178.22,0,West,Retail
3/4/2024,P006,2,61.67,0,West,Retail
3/4/2024,P007,1,35.96,0,North,Online
3/4/2024,P008,2,23.71,0.05,North,Retail
3/4/2024,P009,5,19.08,0,South,Online
3/4/2024,P011,2,64.17,0,South,Online
3/4/2024,P012,3,39.97,0,East,Online
3/4/2024,P013,1,17.47,0,North,Retail
3/4/2024,P014,4,21.78,0,East,Online
3/4/2024,P015,1,11.77,0,North,Retail
3/5/2024,P001,4,20.14,0,East,Online
3/5/2024,P002,1,24.01,0.1,North,Online
3/5/2024,P003,2,49.07,0,East,Online
3/5/2024,P005,2,173.42,0,West,Retail
3/5/2024,P006,3,61.52,0,North,Online
3/5/2024,P007,3,35.12,0,South,Retail
3/5/2024,P008,2,23.28,0,North,Retail
3/5/2024,P009,5,19.07,0,South,Online
3/5/2024,P010,1,18.23,0,West,Retail
3/5/2024,P011,4,63.88,0,South,Online
3/5/2024,P012,2,38.79,0,South,Retail
3/5/2024,P014,1,22.63,0,East,Retail
3/5/2024,P015,4,11.56,0,South,Retail
3/6/2024,P001,5,19.86,0,West,Retail
3/6/2024,P002,3,24.66,0,North,Online
3/6/2024,P004,6,,0,South,Retail
3/6/2024,P005,1,176.05,0,West,Online
3/6/2024,P008,5,23.19,0,North,Retail
3/6/2024,P009,1,18.46,0,West,Online
3/6/2024,P010,4,17.96,0,West,Retail
3/6/2024,P011,4,66.24,0,West,Online
3/6/2024,P012,4,40.02,0,West,Online
3/6/2024,P013,5,17.26,0,North,Retail
3/6/2024,P015,8,12.36,0,East,Retail
3/7/2024,P002,4,25.81,0,South,Online
3/7/2024,P003,1,50.14,0,North,Online
3/7/2024,P004,7,9.2,0,East,Retail
3/7/2024,P005,1,181.85,0,West,Online
3/7/2024,P009,10,19.03,0,East,Retail
3/7/2024,P012,2,40.69,0,South,Retail
3/7/2024,P015,4,12.01,0,North,Online
3/8/2024,P002,1,24.32,0,South,Online
3/8/2024,P003,4,48.92,0,West,Online
3/8/2024,P004,7,9.25,0,West,Online
3/8/2024,P008,6,22.63,0,North,Online
3/8/2024,P009,6,19.19,0,West,Retail
3/8/2024,P010,1,17.96,0,East,Retail
3/8/2024,P011,1,64.13,0,West,Online
3/8/2024,P012,2,39.26,0.15,East,Online
3/8/2024,P013,4,17.41,0,East,Retail
3/8/2024,P014,2,22.79,0,South,Online
3/8/2024,P015,4,12.15,0,West,Online
3/9/2024,P001,4,20.33,0,South,Online
3/9/2024,P002,8,25.61,0,South,Retail
3/9/2024,P003,2,50.27,0,West,Retail
3/9/2024,P004,8,8.63,0,West,Retail
3/9/2024,P005,1,182.72,0,West,Online
3/9/2024,P006,2,60.75,0,South,Online
3/9/2024,P007,2,36.06,0,South,Retail
3/9/2024,P008,1,23.88,0,West,Online
3/9/2024,P010,6,18.26,0,South,Online
3/9/2024,P011,1,65.11,0,East,Online
3/9/2024,P013,3,16.58,0,East,Online
3/9/2024,P014,5,22.35,0,North,Retail
3/9/2024,P015,8,11.94,0,South,Retail
3/10/2024,P002,2,25.11,0.15,South,Retail
3/10/2024,P003,3,48.95,0,North,Online
3/10/2024,P004,9,9.04,0,West,Online
3/10/2024,P005,1,182.09,0,East,Online
3/10/2024,P006,5,59.76,0.15,West,Online
3/10/2024,P007,1,34.72,0,West,Online
3/10/2024,P008,4,22.14,0,West,Retail
3/10/2024,P009,4,19.58,0,West,Retail
3/10/2024,P010,3,18.57,0,South,Retail
3/10/2024,P012,3,38.81,0.05,East,Retail
3/10/2024,P013,3,16.69,0,North,Online
3/10/2024,P014,3,21.41,0,South,Retail
3/10/2024,P015,5,12.43,0,West,Online
3/11/2024,P001,3,20.45,0,West,Online
3/11/2024,P002,1,24.42,0,North,Retail
3/11/2024,P003,4,49.01,0,East,Online
3/11/2024,P005,2,183.81,0,East,Online
3/11/2024,P006,2,61.8,0,North,Online
3/11/2024,P007,1,35.69,0,North,Retail
3/11/2024,P008,5,22.09,1.35,West,Online
3/11/2024,P009,5,19.22,0,North,Online
3/11/2024,P010,2,17.87,0,East,Online
3/11/2024,P011,1,65.79,0,West,Online
3/11/2024,P013,1,16.6,0,West,Online
3/11/2024,P014,3,22.03,0,West,Online
3/11/2024,P015,7,11.53,0,North,Retail
3/12/2024,P001,6,19.23,0,North,Retail
3/12/2024,P002,7,25.08,0.15,East,Retail
3/12/2024,P003,3,48.23,0,North,Online
3/12/2024,P004,6,8.91,0.1,South,Retail
3/12/2024,P005,1,176.65,0,South,Online
3/12/2024,P006,3,57.85,0,East,Retail
3/12/2024,P007,1,35.5,0,North,Online
3/12/2024,P008,4,22.88,0,West,Online
3/12/2024,P009,5,18.24,0,West,Retail
3/12/2024,P012,2,40.92,0,West,Online
3/12/2024,P013,6,17.52,0,South,Retail
3/12/2024,P014,8,21.68,0,,Retail
3/12/2024,P015,6,11.82,0,West,Online
3/13/2024,P002,3,25.67,0,East,Retail
3/13/2024,P003,1,49.98,0,East,Online
3/13/2024,P004,6,8.91,0,West,Retail
3/13/2024,P005,1,175.88,0,East,Retail
3/13/2024,P006,1,59.62,0,West,Retail
3/13/2024,P008,5,23.79,0,East,Online
3/13/2024,P009,8,19.5,0,South,Online
3/13/2024,P011,1,63.68,0,East,Online
3/13/2024,P012,2,40.08,0,West,Online
3/13/2024,P013,2,17.22,0,East,Retail
3/13/2024,P014,1,21.19,0,North,Retail
3/13/2024,P015,2,11.89,0,West,Online
3/14/2024,P002,3,24.66,0,North,Online
3/14/2024,P003,1,49.75,0,West,Online
3/14/2024,P004,13,8.65,0,South,Online
3/14/2024,P006,1,61.08,0,East,Retail
3/14/2024,P010,2,18.53,0,East,Retail
3/14/2024,P011,1,64.36,0,East,Retail
3/14/2024,P012,3,38.96,0,West,Retail
3/14/2024,P013,3,17.4,0,East,Online
3/14/2024,P014,4,21.34,0,East,Online
3/14/2024,P015,7,11.75,0,East,Online
3/15/2024,P001,5,20.3,0,South,Online
3/15/2024,P002,4,25.19,0,South,Online
3/15/2024,P003,1,50.8,0,East,Online
3/15/2024,P004,7,8.72,0,West,Retail
3/15/2024,P006,2,57.8,0,West,Online
3/15/2024,P008,4,22.68,0,North,Online
3/15/2024,P009,3,19.04,0,South,Online
3/15/2024,P010,2,18.65,0,North,Online
3/15/2024,P011,3,65.61,0,North,Online
3/15/2024,P012,1,41.18,0,East,Retail
3/15/2024,P013,2,17.2,0,West,Online
3/15/2024,P014,1,21.89,0.15,North,Online
3/15/2024,P015,1,12.11,0,East,Online
3/16/2024,P001,6,19.59,0,North,Online
3/16/2024,P002,3,25.67,0,South,Online
3/16/2024,P003,2,49.03,0,West,Online
3/16/2024,P004,6,8.64,0,East,Retail
3/16/2024,P005,3,185.69,0,South,Retail
3/16/2024,P006,6,61.74,0.15,North,Online
3/16/2024,P007,3,34.37,0.1,West,Retail
3/16/2024,P008,7,22.51,0,West,Retail
3/16/2024,P009,4,18.6,0,East,Retail
3/16/2024,P010,4,17.27,0,South,Online
3/16/2024,P011,1,63.28,0,East,Online
3/16/2024,P012,5,40.79,0,West,Retail
3/16/2024,P013,6,17.05,0,South,Online
3/16/2024,P015,5,12.45,0,West,Online
3/17/2024,P001,6,20.5,0,North,Online
3/17/2024,P003,1,51.95,0.05,North,Online
3/17/2024,P004,8,9.23,0,West,Online
3/17/2024,P005,2,174.62,0,North,Online
3/17/2024,P006,4,62.12,0,East,Online
3/17/2024,P007,5,34.31,0,South,Online
3/17/2024,P008,2,22.59,0,East,Online
3/17/2024,P009,3,19.01,0,East,Retail
3/17/2024,P010,3,17.77,0,East,Online
3/17/2024,P011,2,65.97,0,West,Online
3/17/2024,P012,3,41.25,0,North,Online
3/17/2024,P013,4,16.85,0,West,Online
3/17/2024,P014,4,22.7,0,South,Retail
3/17/2024,P015,2,12.45,0,East,Online
3/18/2024,P001,8,19.29,0,East,Online
3/18/2024,P002,5,24.27,0,North,Retail
3/18/2024,P003,1,51.69,0,North,Retail
3/18/2024,P005,2,173.64,0,North,Online
3/18/2024,P006,1,57.94,0,West,Online
3/18/2024,P008,4,23.47,0,East,Online
3/18/2024,P009,6,18.97,0,South,Retail
3/18/2024,P010,2,18.35,0,West,Online
3/18/2024,P011,2,63.26,0,South,Retail
3/18/2024,P012,4,40.59,0,West,Online
3/18/2024,P014,2,21.93,0,East,Online
3/18/2024,P015,5,11.81,0,East,Retail
3/19/2024,P001,2,20.06,0.1,West,Retail
3/19/2024,P002,4,25.27,0.15,East,Online
3/19/2024,P003,2,50.92,0,East,Online
3/19/2024,P004,5,8.67,0,South,Retail
3/19/2024,P005,3,185.69,0,West,Online
3/19/2024,P006,2,62.3,0,South,Online
3/19/2024,P008,2,23.24,0,West,Retail
3/19/2024,P009,4,18.71,0,South,Retail
3/19/2024,P010,3,17.91,0,South,Online
3/19/2024,P011,5,65.45,0,East,Retail
3/19/2024,P012,6,38.67,0,West,Retail
3/19/2024,P013,1,16.69,0,East,Retail
3/19/2024,P014,4,21.12,0.1,South,Retail
3/19/2024,P015,6,11.82,0,West,Retail
3/20/2024,P002,4,24.3,0,East,Online
3/20/2024,P003,7,50,0,North,Online
3/20/2024,P004,5,8.8,0,South,Online
3/20/2024,P006,5,61.43,0,South,Online
3/20/2024,P007,3,34.04,0,North,Online
3/20/2024,P009,3,19.1,0,East,Retail
3/20/2024,P010,2,18.65,0,North,Retail
3/20/2024,P011,1,65.6,0,East,Retail
3/20/2024,P012,4,39.24,0,South,Online
3/20/2024,P013,2,17.6,0,North,Online
3/20/2024,P015,8,12.28,0,North,Online
3/21/2024,P001,6,19.85,0,West,Retail
3/21/2024,P002,8,24.51,0,North,Online
3/21/2024,P003,1,51.38,0,North,Online
3/21/2024,P004,6,9.19,0,West,Online
3/21/2024,P005,1,,0,East,Retail
3/21/2024,P006,2,58.37,0,North,Retail
3/21/2024,P009,5,18.53,0,East,Online
3/21/2024,P011,4,62.42,0,South,Online
3/21/2024,P012,2,39.3,0,North,Online
3/21/2024,P013,3,16.94,0,South,Retail
3/21/2024,P014,1,21.48,0,South,Online
3/21/2024,P015,5,12.14,0,South,Online
3/22/2024,P001,3,19.39,0,East,Retail
3/22/2024,P002,3,25.54,0,South,Online
3/22/2024,P003,1,51.29,0,North,Online
3/22/2024,P006,1,59.31,0,North,Online
3/22/2024,P007,1,34.93,0,North,Online
3/22/2024,P010,2,18.3,0.15,North,Online
3/22/2024,P013,6,16.48,0,North,Online
3/22/2024,P014,3,21.7,0,North,Retail
3/23/2024,P001,9,20.45,0,South,Online
3/23/2024,P002,2,25.18,0,North,Online
3/23/2024,P003,5,48.4,0,East,Retail
3/23/2024,P004,10,9.07,0,East,Online
3/23/2024,P005,4,181.32,0,East,Online
3/23/2024,P006,1,58.2,0,East,Retail
3/23/2024,P008,12,22.81,0,West,Retail
3/23/2024,P009,4,19.07,0.15,East,Online
3/23/2024,P011,3,63.1,0,East,Online
3/23/2024,P012,6,38.82,0,South,Online
3/23/2024,P013,3,16.84,0,East,Online
3/23/2024,P015,4,12.35,0.05,West,Online
3/24/2024,P001,7,19.99,0,East,Online
3/24/2024,P002,2,25.49,0,North,Online
3/24/2024,P004,9,9.22,0,East,Online
3/24/2024,P005,2,176.59,0,North,Online
3/24/2024,P006,3,59.24,0,East,Retail
3/24/2024,P007,2,34.38,0,South,Retail
3/24/2024,P008,2,22.87,0,East,Online
3/24/2024,P010,2,18.31,0,North,Online
3/24/2024,P011,3,64.33,0,West,Online
3/24/2024,P012,4,38.93,0,East,Online
3/24/2024,P013,4,16.72,0.05,North,Retail
3/24/2024,P014,6,21.6,0,North,Online
3/24/2024,P015,3,12.41,0,North,Online
3/25/2024,P001,4,19.2,0,West,Online
3/25/2024,P003,6,50.83,0,North,Online
3/25/2024,P004,7,8.87,0,South,Retail
3/25/2024,P005,2,177.98,0.1,West,Online
3/25/2024,P006,2,58.86,0,North,Retail
3/25/2024,P008,6,23.61,0,East,Online
3/25/2024,P009,3,19.26,0,West,Online
3/25/2024,P010,3,18.45,0,East,Online
3/25/2024,P011,1,63.47,0.05,North,Online
3/25/2024,P012,4,39.1,0,North,Online
3/25/2024,P013,4,16.96,0,East,Retail
3/25/2024,P014,4,21.99,0,East,Online
3/25/2024,P015,7,12.34,0,East,Online
3/26/2024,P001,5,20.3,0,South,Retail
3/26/2024,P002,3,25.34,0.15,East,Online
3/26/2024,P003,1,49.37,0,East,Retail
3/26/2024,P004,8,8.98,0,East,Online
3/26/2024,P006,1,60.84,0.05,North,Retail
3/26/2024,P007,3,34.79,0.1,South,Retail
3/26/2024,P008,6,23.03,0,East,Online
3/26/2024,P009,3,19.69,0,South,Online
3/26/2024,P011,2,66.26,0,West,Online
3/26/2024,P014,5,21.7,0,South,Online
3/26/2024,P015,4,12.27,0,West,Online
3/27/2024,P001,6,19.59,0,West,Online
3/27/2024,P002,3,24.68,0,West,Retail
3/27/2024,P003,3,51.93,0,West,Retail
3/27/2024,P004,11,9.25,0.1,South,Retail
3/27/2024,P005,2,179.82,0,East,Online
3/27/2024,P007,2,34.04,0,West,Online
3/27/2024,P008,1,23.52,0,North,Online
3/27/2024,P010,4,18.08,0,North,Online
3/27/2024,P011,4,66.24,0,South,Retail
3/27/2024,P012,2,38.55,0,North,Retail
3/27/2024,P014,4,22.13,0,North,Online
3/27/2024,P015,6,12.26,0,North,Online
3/28/2024,P001,5,19.64,0,North,Online
3/28/2024,P002,6,25.38,0,East,Online
3/28/2024,P003,2,48.68,0,South,Online
3/28/2024,P004,6,9.24,0,South,Online
3/28/2024,P005,3,182.41,0,East,Online
3/28/2024,P006,3,60.96,0,East,Online
3/28/2024,P007,3,34.71,0,East,Retail
3/28/2024,P010,3,17.9,0,East,Retail
3/28/2024,P011,1,64.75,0,North,Online
3/28/2024,P012,2,41.42,0,East,Online
3/28/2024,P013,3,16.78,0,South,Retail
3/28/2024,P014,1,21.47,0,South,Online
3/28/2024,P015,2,11.66,0,North,Online
3/29/2024,P001,4,19.32,0,North,Retail
3/29/2024,P002,6,25.49,0,West,Online
3/29/2024,P003,5,48.63,0.1,East,Retail
3/29/2024,P004,9,9.06,0,North,Online
3/29/2024,P006,2,58.25,0,West,Online
3/29/2024,P008,1,23.57,0,East,Online
3/29/2024,P009,5,19.31,0.05,West,Retail
3/29/2024,P010,2,18.24,0,South,Online
3/29/2024,P012,1,38.46,0,East,Retail
3/29/2024,P013,3,17.16,0,West,Online
3/29/2024,P015,4,12.04,0,East,Retail
3/30/2024,P003,1,51.29,0,South,Online
3/30/2024,P004,9,9.15,0,West,Online
3/30/2024,P005,2,186.38,0,North,Retail
3/30/2024,P006,4,59.69,0.1,East,Online
3/30/2024,P007,3,35.79,0,North,Online
3/30/2024,P008,6,22.12,0,East,Online
3/30/2024,P009,3,19.54,0,West,Online
3/30/2024,P010,4,18.24,0,South,Online
3/30/2024,P012,3,41.06,0.15,West,Retail
3/30/2024,P013,7,17.11,0,East,Online
3/30/2024,P014,1,22.8,0,East,Online
3/30/2024,P015,3,11.69,0,North,Online
3/31/2024,P001,5,19.37,0,North,Online
3/31/2024,P003,7,49.94,0,South,Online
3/31/2024,P004,8,9.07,0,East,Online
3/31/2024,P008,5,23.55,0,South,Retail
3/31/2024,P009,5,19.15,0,West,Online
3/31/2024,P011,1,66.22,0,East,Online
3/31/2024,P012,3,39.59,0,North,Online
3/31/2024,P013,1,17.2,0,East,Retail
3/31/2024,P014,3,22.23,0,East,Online
3/31/2024,P014,3,22.23,0,East,Online
3/31/2024,P015,2,11.55,0,South,Online
4/1/2024,P002,1,24.09,0,North,Retail
4/1/2024,P003,2,49.75,0,East,Online
4/1/2024,P004,4,8.63,0,North,Retail
4/1/2024,P005,1,178.35,0.15,West,Online
4/1/2024,P006,2,61,0,West,Retail
4/1/2024,P008,4,22.41,0,East,Online
4/1/2024,P009,2,18.62,0,North,Online
4/1/2024,P010,1,18.22,0,South,Online
4/1/2024,P011,1,67.2,0.1,West,Online
4/1/2024,P012,2,41.02,0,South,Online
4/1/2024,P013,3,16.79,0,East,Retail
4/1/2024,P014,4,22.72,0,North,Online
4/2/2024,P001,7,20.33,0,East,Retail
4/2/2024,P002,3,25.26,0,East,Online
4/2/2024,P003,2,48.42,0,South,Online
4/2/2024,P004,4,9.2,0,North,Online
4/2/2024,P005,1,185.43,0,North,Online
4/2/2024,P006,3,60.34,0,South,Online
4/2/2024,P007,1,35.13,0.1,West,Retail
4/2/2024,P008,3,22.89,0,North,Online
4/2/2024,P012,2,40.7,0.1,West,Online
4/2/2024,P013,3,16.48,0,West,Online
4/2/2024,P014,5,21.7,0,South,Online
4/3/2024,P001,4,20.34,0,South,Online
4/3/2024,P003,1,51.91,0,East,Retail
4/3/2024,P004,4,9.2,0,South,Retail
4/3/2024,P005,1,187.14,0,North,Retail
4/3/2024,P006,5,62.39,0,North,Retail
4/3/2024,P007,2,34.99,0,South,Online
4/3/2024,P008,4,22.11,0,East,Online
4/3/2024,P009,1,18.82,0,South,Retail
4/3/2024,P010,1,18.09,0,West,Online
4/3/2024,P011,1,65.12,0,South,Retail
4/3/2024,P012,3,40.67,0,South,Online
4/3/2024,P014,4,21.98,0,West,Online
4/3/2024,P015,4,11.73,0,North,Retail
4/4/2024,P001,7,19.67,0,South,Online
4/4/2024,P002,4,24.44,0.15,North,Online
4/4/2024,P004,7,9.16,0,North,Online
4/4/2024,P007,1,35.04,0,West,Online
4/4/2024,P008,3,22.7,0,North,Online
4/4/2024,P009,3,19.08,0,East,Online
4/4/2024,P010,4,17.73,0,East,Online
4/4/2024,P011,1,66.2,0,East,Retail
4/4/2024,P012,1,38.53,0.1,East,Online
4/4/2024,P013,2,16.72,0,East,Online
4/4/2024,P014,1,22.22,0,West,Retail
4/4/2024,P015,5,11.85,0.1,South,Online
4/5/2024,P001,3,19.29,0,South,Retail
4/5/2024,P002,5,24.12,0,South,Retail
4/5/2024,P003,2,51.27,0,East,Online
4/5/2024,P004,2,8.87,0,East,Online
4/5/2024,P006,5,61.85,0,West,Online
4/5/2024,P007,2,34.27,0,West,Online
4/5/2024,P008,5,22.42,0,South,Retail
4/5/2024,P009,2,19.51,0,East,Online
4/5/2024,P010,3,17.71,0,West,Retail
4/5/2024,P012,4,40.22,0,West,Retail
4/5/2024,P013,2,16.49,0.1,South,Online
4/5/2024,P014,5,22.53,0,South,Online
4/5/2024,P015,1,11.74,0,South,Retail
4/6/2024,P001,3,20.68,0,South,Retail
4/6/2024,P002,3,25.89,0,West,Online
4/6/2024,P003,3,50.23,0,West,Online
4/6/2024,P004,11,8.99,0,East,Online
4/6/2024,P006,4,57.66,0,North,Online
4/6/2024,P008,4,22.43,0,West,Online
4/6/2024,P009,3,19.6,0,West,Retail
4/6/2024,P010,3,18.4,0,West,Online
4/6/2024,P013,3,16.33,0,East,Online
4/6/2024,P014,3,21.31,0,South,Online
4/7/2024,P001,8,19.8,0,South,Online
4/7/2024,P002,2,24.08,0,East,Retail
4/7/2024,P003,3,48.69,0,South,Retail
4/7/2024,P004,7,8.81,0,South,Retail
4/7/2024,P005,1,179.76,0,East,Online
4/7/2024,P006,1,61.41,0,West,Retail
4/7/2024,P009,7,19.29,0,South,Retail
4/7/2024,P010,1,18.16,0,East,Online
4/7/2024,P013,-5,16.39,0,West,Online
4/7/2024,P014,2,21.96,0,South,Retail
4/7/2024,P015,3,11.84,0,South,Online
4/8/2024,P001,8,20.54,0,North,Online
4/8/2024,P002,3,25.53,0,South,Online
4/8/2024,P004,9,9.3,0,East,Online
4/8/2024,P005,3,176.55,0.1,North,Online
4/8/2024,P006,3,62.26,0,West,Online
4/8/2024,P008,4,22.94,0.05,West,Retail
4/8/2024,P009,4,19.65,0,West,Online
4/8/2024,P010,2,17.81,0,West,Retail
4/8/2024,P011,4,64.97,0,East,Online
4/8/2024,P012,2,41.56,0,North,Retail
4/8/2024,P014,4,22.49,0,East,Online
4/8/2024,P015,4,12.29,0,East,Online
4/9/2024,P001,8,20.19,0,West,Online
4/9/2024,P003,5,50.99,0.05,South,Online
4/9/2024,P004,12,8.71,0,South,Online
4/9/2024,P005,3,182.43,0,North,Retail
4/9/2024,P006,4,58.43,0,East,Online
4/9/2024,P007,1,35.17,0,South,Online
4/9/2024,P008,7,23.38,0,South,Online
4/9/2024,P009,5,18.27,0,West,Online
4/9/2024,P010,2,17.72,0,West,Retail
4/9/2024,P011,3,67.22,0,East,Retail
4/9/2024,P012,3,39.76,0,North,Retail
4/9/2024,P014,2,21.7,0,North,Retail
4/9/2024,P015,5,12.22,0,South,Online
4/10/2024,P001,6,19.68,0,South,Online
4/10/2024,P002,1,25.09,0,West,Online
4/10/2024,P003,2,50.33,0,North,Online
4/10/2024,P005,1,177.9,0,East,Online
4/10/2024,P006,1,60.71,0,South,Online
4/10/2024,P007,1,34.47,0,East,Online
4/10/2024,P009,4,18.6,0,North,Retail
4/10/2024,P011,2,65.54,0,North,Retail
4/10/2024,P012,4,40.83,0,South,Online
4/10/2024,P015,4,12.47,0,North,Online
4/11/2024,P001,7,20.02,0,North,Online
4/11/2024,P002,5,25.51,0.1,West,Online
4/11/2024,P003,2,48.26,0,North,Online
4/11/2024,P004,10,9.01,0,North,Online
4/11/2024,P006,3,61.38,0,East,Online
4/11/2024,P008,5,22.91,0,South,Retail
4/11/2024,P009,4,19.38,0,West,Retail
4/11/2024,P010,3,17.54,0,South,Online
4/11/2024,P012,6,40.34,0,East,Online
4/11/2024,P013,3,16.52,0,South,Online
4/11/2024,P015,5,12.32,0,East,Online
4/12/2024,P001,7,20.48,0,West,Retail
4/12/2024,P002,6,24.26,0,South,Online
4/12/2024,P003,4,51.3,0,North,Online
4/12/2024,P004,16,8.81,0,West,Online
4/12/2024,P005,1,183.43,0,North,Retail
4/12/2024,P007,1,34.38,0,South,Online
4/12/2024,P008,4,23.67,0,East,Online
4/12/2024,P010,3,17.55,0,West,Online
4/12/2024,P011,4,63.62,0,West,Online
4/12/2024,P013,3,17.22,0,South,Retail
4/12/2024,P014,3,21.79,0,East,Online
4/12/2024,P015,3,12.15,0,North,Online
4/13/2024,P001,4,19.33,0,West,Online
4/13/2024,P002,7,24.58,0,North,Online
4/13/2024,P004,4,8.74,0,East,Online
4/13/2024,P006,2,58.5,0,West,Online
4/13/2024,P007,2,36.06,0,South,Online
4/13/2024,P008,8,22.1,0,West,Retail
4/13/2024,P010,3,17.86,0,West,Online
4/13/2024,P011,1,63.3,0,East,Online
4/13/2024,P012,2,38.77,0,North,Retail
4/13/2024,P013,3,16.42,0,East,Online
4/13/2024,P014,4,21.25,0,North,Online
4/13/2024,P015,5,12.3,0,North,Online
4/14/2024,P001,6,20.5,0,West,Online
4/14/2024,P002,4,24.94,0.05,West,Online
4/14/2024,P003,4,48.24,0,North,Online
4/14/2024,P004,6,8.88,0,East,Online
4/14/2024,P006,1,61.73,0,North,Retail
4/14/2024,P007,1,35.93,0,West,Online
4/14/2024,P008,11,23.68,0.05,North,Online
4/14/2024,P009,2,18.57,0,North,Online
4/14/2024,P010,2,18.01,0,East,Online
4/14/2024,P012,5,38.5,0,North,Online
4/14/2024,P013,3,16.58,0,West,Retail
4/14/2024,P015,3,11.65,0,East,Online
4/15/2024,P001,4,20.6,0,South,Retail
4/15/2024,P002,4,24.25,0,East,Online
4/15/2024,P004,8,8.73,0,East,Online
4/15/2024,P005,2,185.33,0,North,Retail
4/15/2024,P006,2,60.34,0,South,Online
4/15/2024,P007,2,34.12,0,North,Online
4/15/2024,P008,8,23.27,0,West,Retail
4/15/2024,P009,1,19.58,0,North,Online
4/15/2024,P010,3,17.61,0,West,Online
4/15/2024,P011,1,63.85,0.15,South,Online
4/15/2024,P012,4,40.79,0.15,West,Online
4/15/2024,P014,2,22.65,0,North,Online
4/15/2024,P015,4,11.59,0.1,North,Online
4/16/2024,P001,6,20.02,0,West,Online
4/16/2024,P002,1,24.05,0,West,Retail
4/16/2024,P004,9,9.25,0,West,Retail
4/16/2024,P006,3,60.32,0,South,Online
4/16/2024,P008,1,23.4,0,East,Online
4/16/2024,P012,3,41.08,0.1,South,Retail
4/16/2024,P013,3,17.2,0,South,Retail
4/16/2024,P014,1,21.87,0,South,Retail
4/16/2024,P015,4,11.92,0,West,Retail
4/17/2024,P001,7,19.54,0,East,Online
4/17/2024,P002,5,24.22,0,East,Online
4/17/2024,P003,3,49.51,0,East,Online
4/17/2024,P004,5,8.91,0.15,South,Online
4/17/2024,P006,2,58.29,0,North,Online
4/17/2024,P007,1,35.48,0,North,Online
4/17/2024,P008,4,22.33,0,South,Online
4/17/2024,P009,5,19.16,0,North,Online
4/17/2024,P010,3,18.08,0,North,Online
4/17/2024,P011,2,67.56,0,North,Online
4/17/2024,P012,6,40.43,0,South,Retail
4/17/2024,P014,3,21.82,0,North,Retail
4/17/2024,P015,5,12.23,0,West,Online
4/18/2024,P001,8,19.38,0,North,Online
4/18/2024,P002,2,24.18,0,East,Retail
4/18/2024,P003,4,50.18,0,North,Online
4/18/2024,P005,2,185.14,0,South,Retail
4/18/2024,P007,4,35.21,0,West,Online
4/18/2024,P008,2,22.64,0,West,Retail
4/18/2024,P010,4,17.7,0,East,Online
4/18/2024,P013,1,17.34,0.1,East,Online
4/18/2024,P014,2,21.16,0.05,East,Online
4/18/2024,P015,2,12.18,0,South,Online
4/19/2024,P001,6,20.26,0,South,Online
4/19/2024,P002,5,25.34,0,South,Online
4/19/2024,P003,7,48.94,0.15,South,Retail
4/19/2024,P004,7,8.72,0,West,Online
4/19/2024,P005,4,185.94,0,East,Retail
4/19/2024,P006,3,58.44,0.15,North,Online
4/19/2024,P007,2,34.21,0,South,Online
4/19/2024,P008,5,23.51,0,East,Online
4/19/2024,P010,1,18.01,0,West,Online
4/19/2024,P012,5,41.52,0,West,Retail
4/19/2024,P014,2,21.17,0,South,Online
4/19/2024,P015,4,11.78,0,South,Online
4/20/2024,P001,16,19.75,0,South,Retail
4/20/2024,P002,8,25.44,0,East,Online
4/20/2024,P003,1,50.52,0,West,Online
4/20/2024,P004,11,9.17,0,South,Online
4/20/2024,P006,2,61.31,0,East,Online
4/20/2024,P008,2,23.7,0,West,Online
4/20/2024,P009,2,18.39,0,East,Retail
4/20/2024,P010,3,18.43,0.15,West,Retail
4/20/2024,P011,2,67.54,0,South,Online
4/20/2024,P012,4,41.25,0.1,South,Online
4/20/2024,P013,4,16.75,0.1,East,Online
4/20/2024,P014,3,22.21,0,North,Online
4/20/2024,P015,6,11.56,0,North,Retail
4/21/2024,P001,5,19.89,0,West,Online
4/21/2024,P002,3,25.39,0,East,Online
4/21/2024,P003,2,50.59,0,East,Online
4/21/2024,P005,3,178.44,0,North,Retail
4/21/2024,P006,4,57.94,0,North,Online
4/21/2024,P007,2,34.67,0,East,Retail
4/21/2024,P008,2,23.18,0,West,Retail
4/21/2024,P011,2,65.67,0,East,Online
4/21/2024,P012,1,39.64,0,South,Retail
4/21/2024,P013,3,17.49,0,North,Online
4/21/2024,P014,7,22.24,0,North,Online
4/22/2024,P001,3,20.63,0,North,Online
4/22/2024,P002,3,25.95,0.05,East,Online
4/22/2024,P005,2,180.26,0,North,Online
4/22/2024,P006,3,59.42,0,South,Retail
4/22/2024,P007,2,33.63,0,North,Online
4/22/2024,P008,1,22.77,0,North,Online
4/22/2024,P010,6,18.18,0,North,Online
4/22/2024,P013,2,16.89,0,South,Retail
4/22/2024,P014,4,21.5,0.15,East,Retail
4/22/2024,P015,-3,12.39,0,South,Online
4/23/2024,P001,9,19.86,0.15,West,Retail
4/23/2024,P004,4,8.97,0,North,Online
4/23/2024,P006,1,58.28,0,South,Online
4/23/2024,P008,5,23.82,0,North,Online
4/23/2024,P009,4,19.28,0,East,Retail
4/23/2024,P010,2,17.56,0,North,Online
4/23/2024,P011,3,64.05,0,West,Online
4/23/2024,P012,2,40.55,0,East,Retail
4/23/2024,P013,4,16.8,0,West,Online
4/23/2024,P015,5,11.98,0.05,West,Retail
4/24/2024,P001,6,19.44,0,East,Online
4/24/2024,P002,3,24.85,0,,Retail
4/24/2024,P004,9,8.74,0.05,East,Online
4/24/2024,P006,3,61.31,0,North,Online
4/24/2024,P007,1,35.69,0,East,Online
4/24/2024,P010,1,17.41,0,South,Retail
4/24/2024,P011,4,63.47,0,East,Retail
4/24/2024,P012,5,40.43,0,East,Online
4/24/2024,P013,1,16.63,0.15,East,Retail
4/24/2024,P014,3,22.82,0,North,Online
4/25/2024,P001,6,20.26,0,East,Retail
4/25/2024,P002,6,24.79,0,East,Retail
4/25/2024,P003,1,51.36,0,North,Online
4/25/2024,P006,1,57.75,0,South,Retail
4/25/2024,P007,4,35.86,0,East,Retail
4/25/2024,P008,3,22.54,0,West,Retail
4/25/2024,P009,3,19.35,0.15,North,Retail
4/25/2024,P011,3,63.46,0,North,Retail
4/25/2024,P012,3,39.04,0,West,Retail
4/25/2024,P013,3,17.2,0,East,Online
4/25/2024,P014,2,22.79,0,North,Retail
4/25/2024,P015,2,12.03,1.35,East,Retail
4/26/2024,P001,2,20.04,0,West,Online
4/26/2024,P002,1,24.59,0,East,Online
4/26/2024,P003,3,48.77,0,West,Retail
4/26/2024,P004,10,8.76,0,South,Retail
4/26/2024,P005,1,179.56,0,West,Retail
4/26/2024,P006,5,60.7,0,West,Retail
4/26/2024,P007,1,34.16,0,East,Retail
4/26/2024,P008,3,23.36,0,East,Retail
4/26/2024,P009,6,19.66,0,South,Online
4/26/2024,P010,4,17.41,0,East,Online
4/26/2024,P011,3,64.07,0,South,Retail
4/26/2024,P013,2,17.34,0,South,Retail
4/26/2024,P014,2,22.78,0,North,Online
4/26/2024,P015,3,12.18,0,West,Retail
4/27/2024,P001,5,20.24,0,East,Retail
4/27/2024,P002,1,24.23,0,East,Retail
4/27/2024,P003,2,50.29,0,North,Online
4/27/2024,P004,13,9.11,0,South,Retail
4/27/2024,P006,3,59.01,0.15,North,Retail
4/27/2024,P009,5,19.54,0,West,Online
4/27/2024,P010,3,17.57,0,West,Retail
4/27/2024,P012,4,40.23,0,South,Retail
4/27/2024,P013,5,17.29,0,West,Online
4/27/2024,P015,5,11.96,0.15,South,Online
4/28/2024,P001,8,20.43,0,North,Online
4/28/2024,P003,2,50.22,0,East,Retail
4/28/2024,P004,10,8.82,0,East,Retail
4/28/2024,P005,1,175.56,0,South,Online
4/28/2024,P006,4,58.24,0,East,Online
4/28/2024,P007,1,36.21,0,East,Online
4/28/2024,P008,4,23.06,0,South,Online
4/28/2024,P009,6,18.35,0,West,Online
4/28/2024,P010,2,18.15,0,North,Retail
4/28/2024,P011,2,62.52,0,South,Online
4/28/2024,P012,3,38.72,0,South,Retail
4/28/2024,P013,5,17.43,0,South,Online
4/28/2024,P014,4,21.54,0,South,Retail
4/29/2024,P001,3,20,0,West,Online
4/29/2024,P002,4,25.26,0,North,Online
4/29/2024,P003,2,48.23,0.15,East,Online
4/29/2024,P004,11,9,0,East,Online
4/29/2024,P005,1,178.39,0,East,Online
4/29/2024,P006,1,59.54,0,North,Retail
4/29/2024,P008,5,22.17,0,East,Online
4/29/2024,P009,1,18.34,0,North,Online
4/29/2024,P011,1,66.29,0,West,Retail
4/29/2024,P013,2,16.84,0,South,Retail
4/29/2024,P014,4,22.35,0,South,Online
4/29/2024,P015,7,11.73,0,South,Retail
4/30/2024,P001,5,19.36,0.1,South,Online
4/30/2024,P002,1,24.69,0,West,Online
4/30/2024,P003,2,51.95,0,North,Online
4/30/2024,P005,5,174.94,0,North,Online
4/30/2024,P006,1,60.31,0,North,Online
4/30/2024,P007,4,35.78,0,North,Retail
4/30/2024,P008,2,22.1,0,North,Online
4/30/2024,P009,5,18.97,0,South,Online
4/30/2024,P010,4,17.83,0,South,Online
4/30/2024,P011,2,63.26,0,North,Online
4/30/2024,P012,-3,39.72,0.15,West,Online
4/30/2024,P014,4,22.06,0,North,Retail
4/30/2024,P015,4,12.14,0,North,Online
5/1/2024,P002,1,24.59,0,South,Retail
5/1/2024,P004,6,9.16,0,South,Retail
5/1/2024,P005,2,185.56,0.1,North,Online
5/1/2024,P006,1,60.61,0,North,Online
5/1/2024,P007,2,35.97,0,East,Online
5/1/2024,P008,3,23.78,0,North,Online
5/1/2024,P009,2,18.35,0,West,Retail
5/1/2024,P010,2,18.52,0,South,Online
5/1/2024,P011,1,65.16,0,West,Online
5/1/2024,P012,5,39.64,0,South,Online
5/1/2024,P013,6,17.1,0,West,Online
5/1/2024,P014,4,22.43,0,East,Online
5/1/2024,P015,2,11.81,0,North,Online
5/2/2024,P001,5,19.84,0,North,Retail
5/2/2024,P003,1,51.58,0,East,Online
5/2/2024,P004,9,9.08,0,North,Online
5/2/2024,P005,1,177.27,0.1,West,Online
5/2/2024,P006,7,58.52,0.15,South,Online
5/2/2024,P007,5,35.33,0,North,Online
5/2/2024,P008,3,23.5,0,West,Online
5/2/2024,P009,2,18.53,0.05,West,Retail
5/2/2024,P010,3,18,0,West,Online
5/2/2024,P011,2,66.9,0,South,Online
5/3/2024,P001,12,19.86,0.1,North,Online
5/3/2024,P002,3,24.59,0,East,Online
5/3/2024,P004,9,9.1,0,East,Online
5/3/2024,P005,5,173.73,0,North,Online
5/3/2024,P006,1,59.83,0,North,Retail
5/3/2024,P008,2,22.43,0,South,Retail
5/3/2024,P009,3,18.6,0,North,Online
5/3/2024,P010,3,18.67,0,North,Retail
5/3/2024,P011,2,66.7,0,North,Online
5/3/2024,P012,1,40.88,0,South,Retail
5/3/2024,P013,2,17.51,0.1,North,Retail
5/3/2024,P014,2,21.35,0,South,Online
5/3/2024,P015,2,11.77,0,North,Online
5/4/2024,P001,4,19.39,0,North,Online
5/4/2024,P002,5,24.29,0,East,Online
5/4/2024,P004,12,9.04,0,West,Online
5/4/2024,P006,3,61.19,0,East,Retail
5/4/2024,P008,5,22.26,0,North,Online
5/4/2024,P009,3,19.61,0,North,Retail
5/4/2024,P010,2,18.68,0,South,Online
5/4/2024,P012,3,38.89,0,North,Retail
5/4/2024,P013,5,16.4,0,North,Online
5/4/2024,P014,2,21.79,0,North,Online
5/4/2024,P015,8,12.14,0,South,Online
5/5/2024,P001,7,20.46,0,West,Retail
5/5/2024,P002,2,24.84,0,South,Online
5/5/2024,P004,10,9.14,0,East,Retail
5/5/2024,P006,4,61.69,0,East,Online
5/5/2024,P007,1,34.32,0,East,Online
5/5/2024,P008,2,23.53,0,North,Retail
5/5/2024,P010,2,17.82,0,East,Retail
5/5/2024,P011,1,65.56,0,North,Retail
5/5/2024,P012,8,39.02,0,West,Online
5/5/2024,P013,2,16.51,0.15,South,Online
5/5/2024,P014,3,21.12,0,East,Online
5/5/2024,P015,3,11.74,0.05,West,Online
5/6/2024,P002,2,24.92,0,East,Online
5/6/2024,P003,3,50.56,0,North,Online
5/6/2024,P006,5,61.93,0,South,Online
5/6/2024,P007,3,36.24,0,South,Online
5/6/2024,P008,6,23.13,0,East,Retail
5/6/2024,P010,3,17.88,0,East,Online
5/6/2024,P011,2,65.83,0,West,Online
5/6/2024,P012,4,39.78,0,South,Online
5/6/2024,P013,3,17.45,0,West,Online
5/6/2024,P015,4,12.12,0.1,West,Online
5/7/2024,P001,5,19.25,0,South,Online
5/7/2024,P002,2,25.33,0,West,Online
5/7/2024,P003,4,51.37,0.15,West,Online
5/7/2024,P004,3,8.94,0,East,Retail
5/7/2024,P005,2,180.11,0,West,Retail
5/7/2024,P006,1,61.24,0,East,Retail
5/7/2024,P007,2,34.6,0,North,Retail
5/7/2024,P008,5,22.36,0,East,Online
5/7/2024,P009,3,19.59,0,South,Online
5/7/2024,P010,2,18.27,0,East,Online
5/7/2024,P011,5,67.17,0,South,Online
5/7/2024,P012,3,40.18,0,West,Retail
5/7/2024,P013,1,17.58,0,East,Online
5/7/2024,P014,1,22.65,0,South,Retail
5/7/2024,P015,2,12.42,0,South,Online
5/8/2024,P001,8,19.95,0,East,Online
5/8/2024,P002,5,24.4,0.1,West,Retail
5/8/2024,P004,12,9.26,0,East,Retail
5/8/2024,P005,1,184.32,0,West,Online
5/8/2024,P008,5,23.56,0,South,Online
5/8/2024,P010,3,18.07,0,West,Online
5/8/2024,P011,1,63.68,0,South,Retail
5/8/2024,P012,1,41.05,0,East,Retail
5/8/2024,P013,7,16.71,0,South,Retail
5/8/2024,P014,3,22.03,0,West,Retail
5/8/2024,P015,5,12.39,0,North,Online
5/9/2024,P001,8,19.68,0,West,Retail
5/9/2024,P002,1,25.03,0,North,Online
5/9/2024,P003,2,49.74,0,North,Retail
5/9/2024,P004,11,8.99,0,East,Online
5/9/2024,P005,1,174,0,South,Online
5/9/2024,P006,3,59.42,0,North,Retail
5/9/2024,P008,5,22.78,0,South,Retail
5/9/2024,P009,3,19.53,0.15,East,Online
5/9/2024,P010,2,18.19,0,West,Online
5/9/2024,P011,4,66.14,0,South,Online
5/9/2024,P012,3,40.45,0,South,Retail
5/9/2024,P013,6,16.86,0,East,Retail
5/9/2024,P014,6,21.76,0,East,Online
5/9/2024,P015,5,12.04,0,West,Online
5/10/2024,P002,4,24.64,0,West,Retail
5/10/2024,P004,14,9.32,0.15,West,Retail
5/10/2024,P006,1,61.8,0,North,Retail
5/10/2024,P008,5,22.67,0,North,Retail
5/10/2024,P009,2,18.91,0,South,Online
5/10/2024,P013,3,16.87,0.05,South,Retail
5/10/2024,P014,1,22.71,0,West,Online
5/10/2024,P015,4,12.17,0,North,Retail
5/11/2024,P001,11,19.91,0,East,Retail
5/11/2024,P002,2,24.67,0,East,Retail
5/11/2024,P003,4,49.45,0.05,East,Retail
5/11/2024,P004,9,9.21,0,West,Online
5/11/2024,P005,3,182.72,0,West,Online
5/11/2024,P006,2,62.23,0,South,Online
5/11/2024,P011,3,63.96,0,North,Online
5/11/2024,P012,1,41.23,0,North,Online
5/11/2024,P013,4,17.62,0,West,Online
5/11/2024,P014,3,22.48,0,North,Retail
5/11/2024,P015,4,11.93,0,West,Online
5/12/2024,P001,5,20.22,0,South,Online
5/12/2024,P003,4,50.62,0,South,Online
5/12/2024,P004,11,8.7,0,West,Online
5/12/2024,P005,2,186.07,0,North,Online
5/12/2024,P006,2,58.19,0,South,Online
5/12/2024,P007,2,35.76,0,East,Retail
5/12/2024,P008,3,22.38,0,West,Retail
5/12/2024,P009,6,18.56,0,South,Online
5/12/2024,P010,4,18.37,0,South,Online
5/12/2024,P011,2,63.13,0.05,North,Retail
5/12/2024,P012,2,40.91,0,South,Retail
5/12/2024,P013,4,16.44,0,North,Retail
5/12/2024,P014,3,21.94,0,East,Online
5/12/2024,P015,7,12.43,0,North,Retail
5/13/2024,P001,3,20.18,0,,Online
5/13/2024,P002,6,24.41,0.15,East,Online
5/13/2024,P003,7,51.51,0.15,East,Online
5/13/2024,P008,3,23.61,0,East,Online
5/13/2024,P009,5,18.64,0,South,Retail
5/13/2024,P010,1,17.97,0,South,Online
5/13/2024,P012,5,40.73,0,East,Retail
5/13/2024,P013,6,16.69,0,East,Retail
5/13/2024,P014,5,22.41,0,East,Online
5/13/2024,P015,3,11.86,0,East,Online
5/14/2024,P001,9,19.26,0,South,Retail
5/14/2024,P002,6,25.29,0,North,Retail
5/14/2024,P003,4,49.73,0,North,Online
5/14/2024,P005,1,176.41,0,South,Retail
5/14/2024,P008,1,22.92,0,South,Online
5/14/2024,P009,4,19.2,0,South,Retail
5/14/2024,P010,2,18.11,0,West,Retail
5/14/2024,P012,3,41.05,1.35,North,Retail
5/14/2024,P013,1,16.58,0.1,West,Online
5/14/2024,P014,2,22.72,0,South,Retail
5/15/2024,P001,4,20.35,0,North,Retail
5/15/2024,P002,3,24.43,0,North,Retail
5/15/2024,P003,3,51.14,0,North,Retail
5/15/2024,P004,12,9.27,0.1,North,Online
5/15/2024,P005,1,175.74,0,South,Online
5/15/2024,P006,1,58.92,0,South,Online
5/15/2024,P008,2,23.09,0,South,Online
5/15/2024,P009,4,19.08,0,North,Retail
5/15/2024,P010,3,18.45,0,West,Online
5/15/2024,P011,1,65.54,0,West,Online
5/15/2024,P013,2,16.44,0,East,Retail
5/15/2024,P014,2,22.14,0,South,Online
5/15/2024,P015,4,12.05,0,West,Online
5/16/2024,P001,4,19.29,0,West,Online
5/16/2024,P003,2,48.54,0,South,Retail
5/16/2024,P004,8,8.85,0,East,Online
5/16/2024,P006,4,59.6,0,North,Retail
5/16/2024,P009,1,19.42,0,North,Retail
5/16/2024,P010,3,18.49,0,East,Retail
5/16/2024,P014,2,21.77,0,West,Retail
5/17/2024,P001,5,19.55,0,East,Online
5/17/2024,P002,4,24.2,0,South,Retail
5/17/2024,P003,2,51.31,0.1,East,Online
5/17/2024,P004,8,8.64,0,West,Retail
5/17/2024,P005,2,177.45,0,North,Online
5/17/2024,P006,2,58.23,0.1,East,Online
5/17/2024,P007,4,35.58,0,West,Retail
5/17/2024,P009,4,19.33,0,West,Retail
5/17/2024,P010,5,17.53,0,East,Retail
5/17/2024,P011,1,63.97,0,North,Online
5/17/2024,P012,3,41.44,0,South,Online
5/17/2024,P013,5,17.49,0.15,South,Retail
5/17/2024,P014,4,21.93,0,South,Retail
5/17/2024,P015,3,12.34,0.1,East,Retail
5/18/2024,P001,5,19.73,0,South,Retail
5/18/2024,P002,8,24.58,0,East,Online
5/18/2024,P003,3,49.8,0.1,West,Online
5/18/2024,P004,12,9.18,0,West,Online
5/18/2024,P005,1,184.24,0,North,Retail
5/18/2024,P006,3,61.16,0.15,East,Retail
5/18/2024,P007,1,35.97,0,South,Online
5/18/2024,P008,2,22.19,0,East,Online
5/18/2024,P009,6,18.5,0,South,Retail
5/18/2024,P011,3,63.69,0,South,Online
5/18/2024,P012,1,39.55,0,South,Retail
5/18/2024,P013,2,17.64,0,West,Online
5/18/2024,P014,3,21.32,0,North,Retail
5/18/2024,P015,4,12.15,0,East,Online
5/19/2024,P001,3,20.09,0,East,Online
5/19/2024,P002,4,25.63,0,West,Online
5/19/2024,P003,3,51.74,0.05,South,Online
5/19/2024,P005,2,182.41,0,North,Retail
5/19/2024,P006,4,58.91,0,West,Retail
5/19/2024,P008,4,22.65,0,South,Retail
5/19/2024,P010,4,18.58,0,North,Retail
5/19/2024,P011,2,67.38,0,East,Retail
5/19/2024,P012,2,40.8,0,West,Online
5/19/2024,P013,2,16.58,0,West,Online
5/19/2024,P014,2,21.14,0,South,Online
5/20/2024,P001,5,20.46,0,North,Retail
5/20/2024,P002,3,24.32,0,North,Retail
5/20/2024,P003,1,50.89,0,North,Retail
5/20/2024,P004,4,8.77,0,East,Online
5/20/2024,P005,2,176.94,0,North,Retail
5/20/2024,P006,4,59.77,0.15,East,Online
5/20/2024,P008,2,23.13,0,South,Retail
5/20/2024,P010,1,18.16,0,West,Retail
5/20/2024,P011,2,63.25,0,East,Online
5/20/2024,P012,2,40.24,0,West,Retail
5/20/2024,P015,9,11.8,0,North,Online
5/21/2024,P001,4,19.76,1.35,West,Online
5/21/2024,P002,4,24.42,0,North,Online
5/21/2024,P003,4,49.05,0,North,Online
5/21/2024,P004,7,8.74,0,East,Retail
5/21/2024,P007,2,35.44,0,East,Online
5/21/2024,P009,3,19.43,0,West,Retail
5/21/2024,P010,1,17.77,0,East,Retail
5/21/2024,P011,3,67.1,0,South,Online
5/21/2024,P012,2,41.23,0,East,Online
5/21/2024,P013,4,17.07,0,North,Retail
5/21/2024,P015,1,11.68,0,North,Online
5/22/2024,P001,5,19.67,0.05,North,Online
5/22/2024,P004,7,8.84,0,North,Online
5/22/2024,P006,3,61.41,0,East,Retail
5/22/2024,P008,1,23.91,0,East,Online
5/22/2024,P009,3,19.18,0,North,Online
5/22/2024,P010,4,18.64,0,North,Retail
5/22/2024,P013,3,17.05,0,North,Online
5/22/2024,P014,4,22.16,0,West,Online
5/22/2024,P015,1,12.43,0.15,South,Online
5/23/2024,P001,5,19.59,0,West,Online
5/23/2024,P002,3,25.15,0,West,Online
5/23/2024,P003,2,48.39,0,North,Online
5/23/2024,P004,3,9.09,0.15,North,Online
5/23/2024,P005,1,175.9,0,West,Online
5/23/2024,P006,2,60.3,1.35,North,Online
5/23/2024,P008,3,22.63,0,North,Online
5/23/2024,P009,1,18.91,0,South,Retail
5/23/2024,P010,2,18.54,0,East,Retail
5/23/2024,P011,2,64.52,0,West,Online
5/23/2024,P012,2,40.32,0,West,Retail
5/23/2024,P013,1,17.14,0,East,Retail
5/23/2024,P014,5,22.52,0,East,Online
5/23/2024,P015,4,11.67,0,West,Online
5/24/2024,P001,3,20.47,0,East,Retail
5/24/2024,P002,2,24.31,0,South,Retail
5/24/2024,P003,2,50.47,0,South,Retail
5/24/2024,P004,6,9.33,0,West,Online
5/24/2024,P005,1,174.23,0,North,Retail
5/24/2024,P007,2,34.49,0,South,Retail
5/24/2024,P008,2,23.35,0,West,Online
5/24/2024,P009,2,19.05,0,West,Online
5/24/2024,P011,3,62.66,0,North,Online
5/24/2024,P012,2,40.65,0,South,Online
5/24/2024,P013,3,16.32,0,West,Retail
5/24/2024,P015,3,12.46,0,South,Online
5/25/2024,P002,3,25.99,0,East,Retail
5/25/2024,P003,4,48.17,0,South,Online
5/25/2024,P004,9,9.1,0,East,Retail
5/25/2024,P006,2,61.08,0,South,Online
5/25/2024,P007,3,36.05,0,West,Retail
5/25/2024,P008,2,23.42,0,North,Retail
5/25/2024,P009,4,19.64,0,East,Online
5/25/2024,P010,4,18.66,0,South,Retail
5/25/2024,P012,6,39.92,0.15,South,Retail
5/25/2024,P013,8,16.35,0,West,Retail
5/25/2024,P014,4,21.72,0,South,Online
5/25/2024,P015,4,11.98,0,East,Retail
5/26/2024,P001,1,20.1,0,South,Online
5/26/2024,P002,5,25.62,0,West,Retail
5/26/2024,P004,10,9.32,0,North,Online
5/26/2024,P005,2,178.62,0,North,Retail
5/26/2024,P006,1,58.94,0,South,Retail
5/26/2024,P007,1,34.22,0,North,Retail
5/26/2024,P008,2,23.11,0,West,Retail
5/26/2024,P009,3,19.17,0,North,Retail
5/26/2024,P010,4,18.68,0.15,West,Retail
5/26/2024,P012,3,39.86,0,North,Retail
5/26/2024,P014,5,22.27,0,West,Online
5/27/2024,P001,7,20.03,0,North,Online
5/27/2024,P002,8,25.99,0,North,Retail
5/27/2024,P003,1,49.03,0,South,Online
5/27/2024,P004,8,8.87,0,East,Retail
5/27/2024,P005,4,183.45,0,West,Online
5/27/2024,P006,1,59.37,0,North,Online
5/27/2024,P007,1,33.7,0,West,Online
5/27/2024,P008,2,22.71,0,East,Online
5/27/2024,P009,5,19.21,0,North,Online
5/27/2024,P010,1,18.64,0,North,Online
5/27/2024,P011,3,64.29,0,South,Online
5/27/2024,P012,7,39.71,0,North,Retail
5/27/2024,P013,2,16.57,0,West,Retail
5/27/2024,P014,2,21.16,0,West,Online
5/27/2024,P015,5,11.86,0,South,Retail
5/28/2024,P001,2,19.59,0,East,Online
5/28/2024,P002,4,25.81,0,North,Online
5/28/2024,P003,2,48.29,0,East,Online
5/28/2024,P004,8,9.3,0,West,Retail
5/28/2024,P008,-3,22.17,0,North,Online
5/28/2024,P009,2,18.68,0,West,Online
5/28/2024,P010,4,18.18,0.15,East,Online
5/28/2024,P012,5,40.05,0,North,Online
5/28/2024,P013,4,17.47,0,West,Online
5/28/2024,P014,1,21.98,0,West,Online
5/28/2024,P015,1,11.76,0,West,Online
5/29/2024,P002,4,24.35,0,East,Online
5/29/2024,P003,1,51.54,0,East,Online
5/29/2024,P004,9,8.72,0,West,Retail
5/29/2024,P006,2,61.08,0,West,Online
5/29/2024,P008,2,23.26,0,West,Online
5/29/2024,P009,2,19.3,0,South,Online
5/29/2024,P010,7,18.66,0.1,West,Retail
5/29/2024,P011,2,65.79,0,West,Online
5/29/2024,P012,2,38.7,0,East,Online
5/29/2024,P013,3,17.52,0,South,Online
5/29/2024,P014,1,22.2,0.05,North,Retail
5/29/2024,P015,1,11.98,0,South,Retail
5/30/2024,P001,6,20.61,0,West,Online
5/30/2024,P002,3,25.27,0,South,Retail
5/30/2024,P003,2,48.19,0,South,Online
5/30/2024,P004,6,9.24,0,West,Online
5/30/2024,P006,3,61.89,0,West,Online
5/30/2024,P007,1,34.68,0,West,Online
5/30/2024,P008,6,22.87,1.35,South,Retail
5/30/2024,P008,6,22.87,1.35,South,Retail
5/30/2024,P009,3,18.42,0,West,Online
5/30/2024,P010,3,18.29,0,South,Online
5/30/2024,P011,2,66.69,0,West,Retail
5/30/2024,P012,1,39.29,0,South,Online
5/30/2024,P013,5,16.66,0,East,Online
5/30/2024,P015,6,11.72,0,West,Retail
5/31/2024,P001,9,20.76,0,East,Online
5/31/2024,P002,-1,25.32,0,South,Retail
5/31/2024,P003,3,48.51,0,South,Online
5/31/2024,P004,5,8.86,0,East,Online
5/31/2024,P005,2,185.06,0,North,Retail
5/31/2024,P007,1,33.84,0.05,North,Online
5/31/2024,P008,3,22.82,0,West,Online
5/31/2024,P009,5,18.96,0,South,Online
5/31/2024,P010,4,17.57,0,West,Online
5/31/2024,P011,1,65.04,0,South,Retail
5/31/2024,P012,2,40.43,0,East,Online
5/31/2024,P013,1,16.42,0,East,Online
5/31/2024,P014,1,22.54,0,West,Retail
5/31/2024,P015,6,11.87,0,North,Online
6/1/2024,P001,5,19.36,0,East,Online
6/1/2024,P002,4,25.64,0,South,Retail
6/1/2024,P003,5,50.78,0,East,Online
6/1/2024,P008,5,22.74,0,East,Retail
6/1/2024,P009,8,18.36,0,North,Online
6/1/2024,P010,3,18.01,0,South,Online
6/1/2024,P011,5,64.31,0,South,Retail
6/1/2024,P012,5,39.7,0,West,Retail
6/1/2024,P013,5,17.49,0,East,Online
6/1/2024,P014,3,22.26,0,North,Online
6/1/2024,P015,7,11.66,0,West,Retail
6/2/2024,P001,7,20.59,0,South,Online
6/2/2024,P002,12,25.16,0,North,Retail
6/2/2024,P003,3,50.41,0,West,Online
6/2/2024,P004,11,9.27,0,North,Online
6/2/2024,P005,1,182.66,0,South,Online
6/2/2024,P006,5,59.68,0,West,Online
6/2/2024,P008,3,23.44,0,North,Retail
6/2/2024,P009,7,18.92,0,West,Retail
6/2/2024,P011,1,65.82,0,North,Retail
6/2/2024,P012,8,41.58,0,South,Online
6/2/2024,P013,2,17.2,0,West,Retail
6/2/2024,P015,8,12.14,0,South,Online
6/3/2024,P002,3,25.24,0,North,Online
6/3/2024,P003,1,51.25,0,East,Online
6/3/2024,P005,1,181.05,0.15,East,Retail
6/3/2024,P006,3,60.81,0.1,West,Online
6/3/2024,P008,3,23.72,0.05,South,Online
6/3/2024,P009,2,19.4,0,West,Retail
6/3/2024,P010,2,18.04,0,West,Online
6/3/2024,P011,4,64.68,0,South,Retail
6/3/2024,P012,2,38.75,0,East,Retail
6/3/2024,P013,5,17.53,0,East,Online
6/3/2024,P014,5,22.62,0,East,Retail
6/3/2024,P015,9,11.65,0,North,Online
6/4/2024,P001,8,19.21,0,West,Retail
6/4/2024,P002,2,24.07,0,West,Retail
6/4/2024,P003,2,48.23,0,East,Online
6/4/2024,P004,10,9.04,0,South,Online
6/4/2024,P005,2,184.27,0,North,Online
6/4/2024,P007,3,35.73,0,East,Retail
6/4/2024,P008,1,22.15,0,East,Online
6/4/2024,P009,4,19.08,0,North,Online
6/4/2024,P010,2,18.33,0,West,Online
6/4/2024,P012,3,38.44,0,West,Online
6/4/2024,P013,4,16.86,0,West,Online
6/4/2024,P014,3,21.68,0.15,South,Retail
6/4/2024,P015,1,11.9,0,North,Online
6/5/2024,P001,9,20.01,0,North,Retail
6/5/2024,P002,3,25.03,0,North,Retail
6/5/2024,P003,3,50,0,East,Online
6/5/2024,P004,7,9.32,0,North,Online
6/5/2024,P005,2,186.44,0,West,Online
6/5/2024,P007,2,34.34,0,East,Retail
6/5/2024,P008,3,23.04,0.15,East,Retail
6/5/2024,P009,2,19.56,0.1,East,Online
6/5/2024,P010,7,17.35,0,West,Online
6/5/2024,P011,2,66.12,0,East,Online
6/5/2024,P012,4,40.71,0,North,Online
6/5/2024,P013,3,16.5,0,West,Online
6/5/2024,P014,1,22.64,0,East,Online
6/5/2024,P015,3,11.71,0,North,Retail
6/6/2024,P002,6,24.63,0,West,Online
6/6/2024,P003,2,50.84,0,North,Online
6/6/2024,P004,11,8.8,0,South,Retail
6/6/2024,P005,1,174.8,0,North,Retail
6/6/2024,P006,4,59.96,0,West,Retail
6/6/2024,P007,1,35.21,0,South,Online
6/6/2024,P009,2,18.94,0,West,Online
6/6/2024,P010,3,17.35,0,East,Retail
6/6/2024,P012,3,40.08,0,East,Retail
6/6/2024,P014,2,21.16,0,North,Online
6/6/2024,P015,9,12.38,0,South,Retail
6/7/2024,P001,5,19.63,0,West,Retail
6/7/2024,P002,1,24.74,0,East,Retail
6/7/2024,P004,8,8.83,0,North,Online
6/7/2024,P007,2,35.31,0,West,Online
6/7/2024,P008,3,22.28,0,East,Online
6/7/2024,P009,1,18.65,0,North,Retail
6/7/2024,P010,7,18.61,0,South,Online
6/7/2024,P012,6,40.24,0,East,Retail
6/7/2024,P013,4,16.7,0,North,Online
6/7/2024,P014,4,21.54,0,North,Online
6/7/2024,P015,4,11.53,0,South,Retail
6/8/2024,P001,4,19.48,0,West,Retail
6/8/2024,P002,3,24.47,0,South,Retail
6/8/2024,P003,3,49.38,0,North,Retail
6/8/2024,P005,4,184.43,0,North,Retail
6/8/2024,P006,3,61.34,0,West,Online
6/8/2024,P007,5,35.29,0,West,Online
6/8/2024,P008,3,22.53,0,East,Retail
6/8/2024,P009,5,18.39,0,East,Online
6/8/2024,P010,2,18.2,0,North,Retail
6/8/2024,P012,4,40.21,0.05,South,Retail
6/8/2024,P013,8,17.23,0,South,Online
6/8/2024,P014,3,22.05,0,West,Online
6/8/2024,P015,6,,0,West,Online
6/9/2024,P001,4,20.22,0.15,West,Retail
6/9/2024,P002,4,25.33,0,North,Online
6/9/2024,P003,3,50.46,0,North,Online
6/9/2024,P004,11,8.75,0,West,Online
6/9/2024,P005,1,179.76,0,West,Online
6/9/2024,P006,1,62.13,0,East,Online
6/9/2024,P007,1,33.79,0,South,Retail
6/9/2024,P009,3,19.15,0,South,Retail
6/9/2024,P010,2,17.55,0,East,Retail
6/9/2024,P011,7,67.07,0,North,Online
6/9/2024,P013,6,17.01,0,East,Online
6/9/2024,P014,2,22.6,0,South,Online
6/9/2024,P015,3,11.64,0,East,Online
6/10/2024,P001,7,20.33,0,South,Online
6/10/2024,P002,6,24.51,0,West,Retail
6/10/2024,P005,3,184.24,0,East,Retail
6/10/2024,P006,1,61.53,0,South,Online
6/10/2024,P007,6,35.48,0,North,Online
6/10/2024,P008,1,23.36,0,East,Online
6/10/2024,P009,5,19.41,0,South,Retail
6/10/2024,P011,2,66.15,0,West,Retail
6/10/2024,P012,6,41.42,0,South,Retail
6/10/2024,P013,2,17.16,0,South,Retail
6/10/2024,P014,1,21.8,0,West,Online
6/10/2024,P015,6,11.58,0,South,Online
6/11/2024,P001,5,20.52,0,West,Online
6/11/2024,P002,4,24.07,0,West,Online
6/11/2024,P003,4,51.31,0,East,Retail
6/11/2024,P004,12,9.27,0,West,Online
6/11/2024,P005,2,180.27,0,North,Retail
6/11/2024,P007,2,34.73,0,East,Online
6/11/2024,P008,2,22.24,0,West,Retail
6/11/2024,P009,5,19.31,0,South,Retail
6/11/2024,P011,3,65.95,0,North,Retail
6/11/2024,P012,2,38.62,0,West,Online
6/11/2024,P013,3,16.83,0,South,Retail
6/11/2024,P014,2,22.8,0,West,Online
6/11/2024,P015,7,12.25,0.05,East,Retail
6/12/2024,P001,10,19.57,0,West,Online
6/12/2024,P002,6,24.16,0,West,Online
6/12/2024,P003,2,51.06,0,North,Online
6/12/2024,P004,14,9.07,0,North,Retail
6/12/2024,P005,4,177.25,0.05,West,Retail
6/12/2024,P006,6,62.3,0,West,Retail
6/12/2024,P007,1,34.37,0,West,Retail
6/12/2024,P009,3,19.2,0,South,Online
6/12/2024,P011,6,63.01,0,West,Retail
6/12/2024,P012,1,40.31,0,South,Retail
6/12/2024,P013,7,17.07,0,South,Online
6/12/2024,P014,3,22.07,0,South,Online
6/13/2024,P001,4,20.05,0,West,Online
6/13/2024,P002,2,24.23,1.35,South,Online
6/13/2024,P003,2,51.45,0,North,Retail
6/13/2024,P004,12,9.34,0,East,Retail
6/13/2024,P005,1,176.04,0,East,Online
6/13/2024,P006,3,59.55,0,East,Online
6/13/2024,P007,2,34.03,0,North,Online
6/13/2024,P008,2,23.6,0,South,Retail
6/13/2024,P009,1,18.65,0,West,Online
6/13/2024,P010,3,17.99,0,East,Online
6/13/2024,P011,2,63.34,0,South,Retail
6/13/2024,P012,4,39.98,0,South,Retail
6/13/2024,P013,6,16.77,0,North,Online
6/13/2024,P014,7,21.14,0,West,Retail
6/13/2024,P015,5,11.55,0,East,Retail
6/14/2024,P001,6,20.08,0,North,Retail
6/14/2024,P003,2,48.15,0.15,West,Online
6/14/2024,P004,4,9.23,0,West,Online
6/14/2024,P006,-2,61.86,0,South,Online
6/14/2024,P007,3,36.1,0,East,Retail
6/14/2024,P010,1,18.4,0,South,Retail
6/14/2024,P011,2,64.69,0.1,North,Online
6/14/2024,P012,5,38.98,0,South,Online
6/14/2024,P013,4,17.25,0,East,Online
6/14/2024,P014,3,22.31,0.1,South,Online
6/14/2024,P015,4,11.76,0,West,Online
6/15/2024,P001,7,19.75,0,North,Retail
6/15/2024,P002,5,24.4,0,South,Retail
6/15/2024,P003,3,49.1,0,North,Online
6/15/2024,P006,1,61.84,0,East,Retail
6/15/2024,P007,3,34.37,0,North,Retail
6/15/2024,P008,6,22.75,0,North,Online
6/15/2024,P009,5,18.85,0,North,Online
6/15/2024,P012,2,40.33,0.1,South,Online
6/15/2024,P013,3,17.22,0,East,Retail
6/15/2024,P015,6,12.09,0,East,Retail
6/16/2024,P001,8,19.92,0,South,Online
6/16/2024,P002,2,24.41,0,West,Online
6/16/2024,P004,15,9.34,0.1,East,Online
6/16/2024,P005,2,186,0.05,South,Online
6/16/2024,P006,4,60.64,0,East,Online
6/16/2024,P007,4,34.05,0,North,Online
6/16/2024,P008,3,22.86,0,North,Online
6/16/2024,P009,9,18.69,0,South,Online
6/16/2024,P010,3,18.37,0,West,Online
6/16/2024,P011,4,65.7,0,East,Retail
6/16/2024,P012,4,39.32,0,South,Online
6/16/2024,P013,5,16.8,0,East,Online
6/16/2024,P014,6,22.85,0,East,Online
6/16/2024,P015,7,12.03,0,South,Online
6/17/2024,P001,3,20.58,0,North,Online
6/17/2024,P002,7,25.27,0,West,Online
6/17/2024,P003,2,50.77,0,West,Retail
6/17/2024,P004,6,9.06,0,West,Online
6/17/2024,P005,3,182.58,0,East,Online
6/17/2024,P006,2,58.67,0,North,Retail
6/17/2024,P007,1,33.71,0.05,North,Online
6/17/2024,P008,2,22.2,0,North,Online
6/17/2024,P010,2,18.23,0,East,Retail
6/17/2024,P011,6,64.08,0.05,South,Online
6/17/2024,P012,2,40.27,0,East,Online
6/17/2024,P013,3,17.31,0,North,Retail
6/17/2024,P014,5,22.35,0,North,Online
6/17/2024,P015,4,12.26,0,North,Retail
6/18/2024,P001,5,20.05,0,North,Online
6/18/2024,P002,6,25.27,0,West,Retail
6/18/2024,P003,4,50.03,0,North,Online
6/18/2024,P005,1,176.82,0,North,Online
6/18/2024,P006,3,59.6,0,East,Retail
6/18/2024,P007,1,34.79,0,East,Retail
6/18/2024,P008,2,23.06,0,North,Retail
6/18/2024,P009,2,19.66,0,South,Retail
6/18/2024,P011,2,65.83,0,West,Online
6/18/2024,P012,2,39.1,0,North,Online
6/18/2024,P013,1,17.6,0,South,Retail
6/18/2024,P014,1,21.74,0,North,Retail
6/19/2024,P002,3,25.04,0.15,South,Online
6/19/2024,P003,5,49.72,0,East,Online
6/19/2024,P004,4,9.05,0,East,Online
6/19/2024,P007,5,36.38,0,North,Online
6/19/2024,P008,2,22.34,0,South,Online
6/19/2024,P010,4,18.09,0,South,Retail
6/19/2024,P012,5,40.15,0,West,Retail
6/19/2024,P013,6,17.01,0.1,West,Retail
6/19/2024,P014,2,21.89,0,East,Retail
6/19/2024,P015,4,12.26,0,East,Retail
6/20/2024,P001,7,20.28,0,East,Online
6/20/2024,P003,1,50.16,0.05,North,Online
6/20/2024,P004,10,9.07,0,South,Retail
6/20/2024,P005,5,176.97,0,North,Online
6/20/2024,P007,1,33.82,0,East,Retail
6/20/2024,P008,3,22.87,0,West,Online
6/20/2024,P009,2,19.65,0,North,Online
6/20/2024,P010,5,18.52,0,West,Retail
6/20/2024,P011,1,65.37,0,West,Retail
6/20/2024,P012,5,40.56,0,West,Online
6/20/2024,P014,2,22.46,0,East,Retail
6/20/2024,P015,4,11.59,0,South,Online
6/21/2024,P001,6,19.19,0,West,Online
6/21/2024,P002,3,25.2,0,South,Online
6/21/2024,P003,4,51.92,0,West,Online
6/21/2024,P004,8,8.99,0,South,Online
6/21/2024,P005,1,179.48,0,East,Retail
6/21/2024,P006,1,57.65,0,East,Retail
6/21/2024,P007,4,33.87,0,South,Online
6/21/2024,P008,5,22.67,0,West,Online
6/21/2024,P009,2,19.05,0,North,Online
6/21/2024,P010,5,18.06,0,South,Retail
6/21/2024,P011,4,62.41,0,South,Online
6/21/2024,P012,3,41.08,0,East,Online
6/21/2024,P013,4,17.28,0,North,Online
6/21/2024,P015,4,11.62,0,South,Online
6/22/2024,P001,5,19.3,0,West,Retail
6/22/2024,P002,3,24.24,0,South,Online
6/22/2024,P003,6,51.16,0,South,Online
6/22/2024,P004,9,9.13,0,West,Retail
6/22/2024,P005,1,178.02,0,East,Retail
6/22/2024,P006,4,60.14,0,North,Online
6/22/2024,P008,7,22.64,0,South,Retail
6/22/2024,P010,3,17.98,0,North,Retail
6/22/2024,P011,8,63.1,0,North,Online
6/22/2024,P012,5,41.01,0,East,Retail
6/22/2024,P013,9,16.35,0,North,Online
6/22/2024,P014,1,22.43,0,East,Retail
6/22/2024,P015,6,12.11,0,East,Retail
6/23/2024,P001,4,19.36,0,West,Online
6/23/2024,P002,2,24.63,0,East,Online
6/23/2024,P003,3,51.68,0,West,Online
6/23/2024,P004,6,8.79,0,East,Online
6/23/2024,P005,3,183.64,0,North,Online
6/23/2024,P006,3,57.77,0,South,Online
6/23/2024,P007,2,34.71,0,East,Retail
6/23/2024,P008,5,23.23,0,West,Retail
6/23/2024,P009,4,19.15,0,North,Online
6/23/2024,P010,3,18.58,0.05,North,Retail
6/23/2024,P011,4,66.52,0,North,Retail
6/23/2024,P012,-6,40.99,0,West,Online
6/23/2024,P014,2,21.51,0.15,West,Online
6/23/2024,P015,8,12.09,0,South,Retail
6/24/2024,P001,7,20.37,0.15,West,Retail
6/24/2024,P002,3,24.92,0,West,Online
6/24/2024,P003,1,51.4,0,East,Retail
6/24/2024,P004,12,8.97,0,East,Online
6/24/2024,P005,5,184.31,0,East,Retail
6/24/2024,P006,2,61.72,0,South,Retail
6/24/2024,P007,1,33.67,0,West,Online
6/24/2024,P009,5,19.34,0,South,Online
6/24/2024,P010,4,18.44,0,South,Online
6/24/2024,P011,3,64.39,0,North,Online
6/24/2024,P013,6,17.66,0,East,Retail
6/24/2024,P014,3,22.52,0,South,Online
6/24/2024,P015,3,12.35,0,North,Online
6/25/2024,P001,8,20.55,0,North,Online
6/25/2024,P003,4,49.93,0,South,Online
6/25/2024,P004,12,9.14,0,West,Online
6/25/2024,P005,3,173.98,0,North,Online
6/25/2024,P006,1,57.66,0,North,Retail
6/25/2024,P010,3,18.65,0,West,Retail
6/25/2024,P011,2,66.25,0,West,Online
6/25/2024,P012,2,39.27,0,South,Online
6/25/2024,P013,2,17.67,0,East,Online
6/25/2024,P014,4,21.85,0,South,Online
6/26/2024,P001,6,19.73,0,West,Online
6/26/2024,P002,6,23.99,0.05,East,Retail
6/26/2024,P003,4,51.05,0,East,Retail
6/26/2024,P004,6,9.26,0,East,Online
6/26/2024,P006,3,60.83,0,East,Online
6/26/2024,P008,4,23.79,0,North,Retail
6/26/2024,P011,3,65.58,0,North,Online
6/26/2024,P012,4,39.91,0,East,Online
6/26/2024,P013,7,16.41,0,West,Retail
6/26/2024,P014,1,22.19,0,North,Retail
6/26/2024,P015,2,12.1,0,South,Online
6/27/2024,P001,8,20.24,0,North,Online
6/27/2024,P002,5,25.27,0,West,Online
6/27/2024,P003,2,48.9,0,South,Retail
6/27/2024,P004,8,8.81,0,South,Retail
6/27/2024,P005,3,178.15,0,East,Retail
6/27/2024,P008,1,22.37,0,South,Online
6/27/2024,P009,4,18.76,0,South,Retail
6/27/2024,P009,4,18.76,0,South,Retail
6/27/2024,P010,2,18.62,0.05,West,Online
6/27/2024,P011,2,65.21,0,North,Retail
6/27/2024,P013,2,16.96,0,East,Retail
6/27/2024,P014,2,21.61,0,South,Retail
6/27/2024,P015,3,12.07,0,West,Online
6/28/2024,P001,11,20.78,0,North,Retail
6/28/2024,P002,8,24.39,0,East,Retail
6/28/2024,P003,1,50.02,0,East,Retail
6/28/2024,P004,12,9.09,0,West,Online
6/28/2024,P006,1,59.07,0,West,Online
6/28/2024,P007,5,35.07,0.05,East,Online
6/28/2024,P008,5,23.84,0,South,Online
6/28/2024,P009,4,19.64,0.15,West,Online
6/28/2024,P010,2,18.16,0,South,Retail
6/28/2024,P011,2,63.09,0,East,Retail
6/28/2024,P012,2,41.58,0,West,Online
6/28/2024,P014,1,21.7,0,North,Retail
6/28/2024,P015,5,11.54,0,East,Online
6/29/2024,P001,4,20.29,0,East,Retail
6/29/2024,P002,6,24.66,0,West,Retail
6/29/2024,P003,6,48.19,0,East,Online
6/29/2024,P004,15,9.24,0,North,Retail
6/29/2024,P006,5,59.71,0,North,Online
6/29/2024,P008,7,23.64,0,South,Online
6/29/2024,P009,4,19.33,0,South,Online
6/29/2024,P010,3,18.65,0,West,Online
6/29/2024,P011,1,65.66,0,South,Retail
6/29/2024,P012,2,41.27,1.35,North,Retail
6/29/2024,P013,1,16.34,0,East,Retail
6/29/2024,P014,2,21.51,0,West,Online
6/29/2024,P015,4,12.2,0,South,Retail
6/30/2024,P001,9,19.47,0.05,West,Online
6/30/2024,P003,3,50.72,0,West,Retail
6/30/2024,P004,10,8.92,0,South,Online
6/30/2024,P006,4,61.22,0,North,Online
6/30/2024,P009,5,18.31,0,North,Online
6/30/2024,P011,2,65.69,0,East,Retail
6/30/2024,P012,7,41.17,0,North,Online
6/30/2024,P013,4,17.08,0,East,Retail
6/30/2024,P014,7,22.43,0,East,Retail
7/1/2024,P001,7,20.04,0,,Online
7/1/2024,P002,5,25.56,1.35,South,Online
7/1/2024,P003,3,51.66,0,North,Retail
7/1/2024,P004,12,9.23,0,South,Online
7/1/2024,P005,4,184.43,0,East,Retail
7/1/2024,P007,1,34.78,0,North,Retail
7/1/2024,P008,1,22.29,0,South,Online
7/1/2024,P009,4,19.67,0.1,South,Online
7/1/2024,P010,2,17.56,0,West,Online
7/1/2024,P011,1,66.74,0.05,East,Retail
7/1/2024,P013,7,16.42,0.05,South,Online
7/1/2024,P014,4,22.79,0,East,Online
7/1/2024,P015,2,11.77,0,East,Online
7/2/2024,P001,8,20.64,0,North,Online
7/2/2024,P002,2,24.82,0,North,Online
7/2/2024,P003,2,48.24,0,West,Retail
7/2/2024,P004,9,8.68,0.15,West,Retail
7/2/2024,P005,1,177.42,0,North,Online
7/2/2024,P006,2,62.23,0,East,Online
7/2/2024,P007,2,36.07,0,East,Online
7/2/2024,P008,4,23.79,0,East,Online
7/2/2024,P009,6,19.71,0,North,Online
7/2/2024,P010,1,17.61,0,North,Online
7/2/2024,P011,2,62.95,0,West,Retail
7/2/2024,P012,8,40.99,0,West,Retail
7/2/2024,P013,1,17.5,0,West,Retail
7/2/2024,P014,4,22.66,0,East,Online
7/2/2024,P015,4,12.29,0,South,Online
7/3/2024,P001,10,20.32,0,South,Retail
7/3/2024,P003,8,49.64,0,North,Online
7/3/2024,P004,14,8.82,0,North,Online
7/3/2024,P005,2,179.83,0,North,Online
7/3/2024,P007,2,34.01,0,East,Retail
7/3/2024,P008,2,22.95,0,West,Retail
7/3/2024,P010,4,17.91,0,South,Online
7/3/2024,P013,5,17.26,0,East,Online
7/3/2024,P014,2,22.23,0.15,East,Retail
7/3/2024,P015,10,11.58,0,West,Online
7/4/2024,P002,2,24.26,0,West,Online
7/4/2024,P004,4,8.94,0,North,Retail
7/4/2024,P005,4,181.97,0,East,Online
7/4/2024,P006,3,57.91,0,East,Retail
7/4/2024,P007,1,34.24,0,East,Retail
7/4/2024,P008,5,22.12,0.15,West,Retail
7/4/2024,P009,4,19.28,0,North,Online
7/4/2024,P010,5,18.44,0,North,Online
7/4/2024,P012,6,38.69,0,West,Online
7/4/2024,P013,6,17.26,0.05,East,Online
7/4/2024,P014,5,22.43,0,West,Retail
7/5/2024,P001,9,19.82,0,West,Retail
7/5/2024,P002,6,25.87,0,West,Retail
7/5/2024,P003,3,49.62,0,West,Online
7/5/2024,P004,8,9.2,0,West,Retail
7/5/2024,P005,1,182.61,0,South,Online
7/5/2024,P006,2,58.27,0,West,Online
7/5/2024,P007,4,35.33,0,South,Retail
7/5/2024,P008,1,22.27,0,South,Online
7/5/2024,P009,3,18.36,0,South,Online
7/5/2024,P010,7,18.1,0,North,Online
7/5/2024,P011,2,67.48,0,South,Online
7/5/2024,P012,2,40.67,0,East,Online
7/5/2024,P013,4,17.65,0,North,Online
7/5/2024,P014,3,22.15,0,West,Retail
7/5/2024,P015,7,12.26,0,East,Retail
7/6/2024,P001,4,20.46,0,South,Retail
7/6/2024,P002,3,24.8,0,East,Online
7/6/2024,P003,6,48.15,0,East,Online
7/6/2024,P005,1,174.39,0,East,Online
7/6/2024,P007,3,34.23,0,South,Online
7/6/2024,P008,6,23.29,0,West,Online
7/6/2024,P009,3,19.53,0,South,Online
7/6/2024,P010,2,18.04,0,West,Retail
7/6/2024,P011,2,63.64,0,North,Online
7/6/2024,P012,5,38.99,0,East,Online
7/6/2024,P013,6,17.39,0,East,Retail
7/6/2024,P014,5,22.53,0,South,Retail
7/6/2024,P015,4,12.45,0,West,Retail
7/7/2024,P002,5,24.57,0,East,Retail
7/7/2024,P003,3,51.78,0,North,Online
7/7/2024,P004,6,8.98,0,West,Retail
7/7/2024,P005,2,183.58,0,West,Online
7/7/2024,P007,3,35.45,0,South,Retail
7/7/2024,P008,6,23.8,0,West,Retail
7/7/2024,P009,8,19.25,0,East,Retail
7/7/2024,P010,7,18.39,0,North,Online
7/7/2024,P011,3,64.54,0,South,Retail
7/7/2024,P012,3,40.09,0,North,Retail
7/7/2024,P013,3,17.29,0.1,West,Online
7/7/2024,P014,3,21.4,0,West,Retail
7/8/2024,P001,4,20.4,0,East,Online
7/8/2024,P002,5,25.96,0,East,Retail
7/8/2024,P003,2,51.8,0,West,Retail
7/8/2024,P004,5,9.33,0,North,Online
7/8/2024,P006,3,59.81,0,South,Online
7/8/2024,P008,7,23.58,0,East,Online
7/8/2024,P009,3,19.7,0,South,Retail
7/8/2024,P010,2,17.39,0,East,Online
7/8/2024,P011,4,63.76,0,East,Retail
7/8/2024,P012,3,38.86,0,East,Retail
7/8/2024,P013,5,17.57,0,North,Retail
7/8/2024,P015,3,12.03,0,South,Retail
7/9/2024,P001,7,20.48,0,West,Retail
7/9/2024,P004,9,8.65,0,South,Online
7/9/2024,P005,2,176.82,0,East,Retail
7/9/2024,P006,1,58.87,0.15,South,Online
7/9/2024,P007,2,35.05,0,North,Online
7/9/2024,P008,2,22.76,0,South,Retail
7/9/2024,P009,4,19.52,0,South,Online
7/9/2024,P011,1,65.01,0,East,Online
7/9/2024,P012,5,39.45,0,West,Online
7/9/2024,P013,2,17.03,0,West,Online
7/9/2024,P014,3,22.4,0,South,Online
7/9/2024,P015,1,11.56,0,South,Retail
7/10/2024,P001,4,20.05,0,East,Online
7/10/2024,P002,6,25.69,0,East,Online
7/10/2024,P003,5,49.69,0,West,Retail
7/10/2024,P004,15,8.99,0,East,Retail
7/10/2024,P005,1,181.29,0,North,Online
7/10/2024,P007,1,33.8,0,East,Retail
7/10/2024,P008,5,23.89,0,North,Retail
7/10/2024,P009,5,19.33,0,East,Online
7/10/2024,P010,4,17.52,0,West,Online
7/10/2024,P012,1,39.39,0,West,Online
7/10/2024,P013,3,16.37,0,East,Online
7/10/2024,P014,8,22.79,0,West,Online
7/10/2024,P015,6,12.21,0,North,Online
7/11/2024,P001,5,20.2,0.05,North,Retail
7/11/2024,P002,4,24.19,0,West,Online
7/11/2024,P003,4,48.3,0,North,Retail
7/11/2024,P005,3,178.29,0,South,Retail
7/11/2024,P006,2,58.2,0,East,Retail
7/11/2024,P007,1,35.26,0,North,Retail
7/11/2024,P008,2,23.11,0,East,Online
7/11/2024,P009,5,19.28,0,West,Online
7/11/2024,P011,6,65.3,0,West,Retail
7/11/2024,P012,10,41.58,0,West,Retail
7/11/2024,P013,3,16.39,0.05,East,Online
7/12/2024,P001,5,20.31,0,South,Online
7/12/2024,P002,1,25.33,0,North,Online
7/12/2024,P003,1,50.95,0,North,Retail
7/12/2024,P004,11,9.21,0,East,Online
7/12/2024,P006,1,61.74,0,South,Online
7/12/2024,P008,4,23.7,0,South,Online
7/12/2024,P009,6,18.3,0,South,Online
7/12/2024,P010,1,17.95,0,East,Online
7/12/2024,P011,1,67.25,0,East,Online
7/12/2024,P012,2,38.81,0,South,Online
7/12/2024,P013,1,17.32,0,South,Retail
7/12/2024,P014,2,21.97,0,East,Online
7/12/2024,P015,6,11.63,0,South,Retail
7/13/2024,P001,8,19.76,0,East,Online
7/13/2024,P003,3,49.96,0,,Online
7/13/2024,P004,19,8.74,0,West,Retail
7/13/2024,P005,2,176.11,0,West,Online
7/13/2024,P006,3,60.91,0,South,Online
7/13/2024,P007,5,34.21,0,North,Online
7/13/2024,P008,4,23.63,0,South,Retail
7/13/2024,P009,6,18.4,0.1,West,Online
7/13/2024,P011,7,67.03,0.05,East,Retail
7/13/2024,P012,6,40.86,0,East,Online
7/13/2024,P013,5,16.39,0.1,East,Retail
7/13/2024,P014,6,21.92,0,South,Retail
7/13/2024,P015,8,12.04,0,North,Online
7/14/2024,P001,6,20.43,0,West,Online
7/14/2024,P002,4,25.1,0,North,Online
7/14/2024,P003,1,50.87,0,South,Online
7/14/2024,P004,13,8.95,0,East,Retail
7/14/2024,P005,7,174.63,0,East,Online
7/14/2024,P006,3,61.57,0,East,Online
7/14/2024,P007,3,35.53,0,North,Retail
7/14/2024,P008,6,23.73,0,East,Retail
7/14/2024,P009,8,19.57,0,North,Retail
7/14/2024,P010,3,18.6,0,West,Online
7/14/2024,P011,4,64.88,0,West,Online
7/14/2024,P012,4,39.98,0,North,Retail
7/14/2024,P013,4,16.79,0,South,Online
7/14/2024,P014,4,22.53,0.15,North,Online
7/14/2024,P015,9,11.7,0,East,Online
7/15/2024,P002,4,25.89,0,West,Online
7/15/2024,P003,2,49.7,0,West,Online
7/15/2024,P004,5,8.79,0,South,Online
7/15/2024,P005,1,175.08,0.15,North,Online
7/15/2024,P009,2,18.74,0,East,Online
7/15/2024,P010,2,18.24,0,East,Retail
7/15/2024,P011,4,63.51,0,South,Online
7/15/2024,P012,2,38.58,0,East,Retail
7/15/2024,P013,2,17.38,0,South,Online
7/15/2024,P014,4,21.92,0,West,Online
7/15/2024,P015,1,12.32,0.1,South,Online
7/16/2024,P001,8,20.33,0,East,Online
7/16/2024,P002,5,24.43,0,South,Online
7/16/2024,P003,8,51.32,0,North,Online
7/16/2024,P004,12,9.23,0.1,North,Retail
7/16/2024,P005,2,184.29,0,West,Online
7/16/2024,P007,2,36.2,0,South,Online
7/16/2024,P008,3,22.22,0,East,Online
7/16/2024,P009,4,18.39,0,South,Retail
7/16/2024,P010,5,18.43,0.05,South,Retail
7/16/2024,P011,3,63.61,0.1,West,Online
7/16/2024,P012,2,40.64,0,North,Online
7/16/2024,P013,6,16.36,0.1,West,Online
7/16/2024,P014,4,22.72,0.1,South,Online
7/16/2024,P015,3,11.58,0.05,West,Retail
7/17/2024,P003,4,51.17,0,North,Online
7/17/2024,P004,9,8.84,0,East,Online
7/17/2024,P006,1,61.03,0.1,West,Retail
7/17/2024,P007,3,35.45,0,North,Online
7/17/2024,P008,2,23.57,0,East,Online
7/17/2024,P009,9,18.29,0,North,Retail
7/17/2024,P010,5,17.85,0,East,Online
7/17/2024,P011,1,67.15,0,East,Online
7/17/2024,P012,6,38.55,0.15,East,Online
7/17/2024,P013,2,16.98,0,West,Retail
7/17/2024,P014,2,21.32,0,East,Online
7/18/2024,P001,11,20.5,0,West,Retail
7/18/2024,P003,7,50.15,0,South,Online
7/18/2024,P004,10,9.13,0,South,Online
7/18/2024,P005,3,177.66,0,East,Online
7/18/2024,P006,3,59.61,0.1,East,Retail
7/18/2024,P009,5,19.17,0,East,Online
7/18/2024,P010,2,18.04,0,West,Retail
7/18/2024,P011,2,66.23,0,North,Retail
7/18/2024,P012,4,40.42,0,North,Retail
7/18/2024,P013,6,17.33,0,West,Online
7/19/2024,P001,12,19.88,0,East,Online
7/19/2024,P004,10,8.97,0,South,Retail
7/19/2024,P007,4,35.81,0,West,Online
7/19/2024,P008,1,22.81,0,North,Retail
7/19/2024,P009,6,19.5,0,West,Online
7/19/2024,P010,3,18.38,0,North,Retail
7/19/2024,P011,3,65.16,0,South,Retail
7/19/2024,P012,7,40.93,0,North,Online
7/19/2024,P013,3,17.65,0,East,Retail
7/19/2024,P014,2,21.47,0,North,Retail
7/19/2024,P015,2,12.18,0,South,Retail
7/20/2024,P001,6,20.59,0,West,Retail
7/20/2024,P002,3,25.24,0,West,Retail
7/20/2024,P003,3,48.2,0,South,Online
7/20/2024,P004,10,8.9,0,East,Retail
7/20/2024,P005,2,184.69,0.1,South,Retail
7/20/2024,P007,4,34.98,0.15,South,Online
7/20/2024,P008,2,23.26,0,East,Retail
7/20/2024,P009,6,19.2,0.15,South,Retail
7/20/2024,P010,3,18.13,0,South,Online
7/20/2024,P013,5,16.74,0,North,Online
7/20/2024,P014,5,22.79,0,East,Retail
7/20/2024,P015,8,11.84,0,West,Retail
7/21/2024,P001,9,19.85,0,South,Online
7/21/2024,P002,6,24.27,0,East,Retail
7/21/2024,P003,6,50.96,0,West,Online
7/21/2024,P004,17,8.91,0,East,Retail
7/21/2024,P005,3,176.62,0,North,Online
7/21/2024,P006,4,59.91,0,West,Retail
7/21/2024,P007,3,36.21,0,North,Online
7/21/2024,P008,4,22.07,0.15,East,Online
7/21/2024,P009,8,19.26,0,South,Online
7/21/2024,P010,7,17.98,0,East,Retail
7/21/2024,P011,3,63.71,0.1,West,Online
7/21/2024,P012,4,41.49,0.1,West,Retail
7/21/2024,P013,6,16.64,0.1,East,Retail
7/21/2024,P014,3,22.73,0,West,Online
7/21/2024,P015,10,12.21,0,North,Retail
7/22/2024,P001,6,20.45,0,South,Online
7/22/2024,P002,4,25.05,0,East,Retail
7/22/2024,P003,6,49.86,0,West,Online
7/22/2024,P004,9,8.96,0,East,Retail
7/22/2024,P005,4,184.51,0,East,Online
7/22/2024,P006,3,58.73,0.15,East,Online
7/22/2024,P008,2,23,0,East,Online
7/22/2024,P009,1,18.98,0,South,Online
7/22/2024,P010,4,17.7,0,North,Online
7/22/2024,P012,3,38.7,0,East,Retail
7/22/2024,P013,4,17.28,0,West,Online
7/22/2024,P014,4,21.23,0,East,Online
7/23/2024,P002,6,25.63,0,South,Retail
7/23/2024,P003,3,51.64,0,West,Online
7/23/2024,P004,6,8.65,0,West,Online
7/23/2024,P005,1,178.46,0.1,West,Retail
7/23/2024,P006,4,58.5,0,North,Online
7/23/2024,P007,2,35.81,0,East,Retail
7/23/2024,P008,2,22.55,0,North,Online
7/23/2024,P009,5,19.48,0,West,Online
7/23/2024,P010,4,18.29,0,North,Online
7/23/2024,P011,3,67.42,0,East,Online
7/23/2024,P012,3,39.81,0,North,Online
7/23/2024,P013,6,16.83,0,South,Retail
7/23/2024,P014,3,22.59,0,West,Online
7/23/2024,P015,5,12.11,0,South,Online
7/24/2024,P001,8,19.32,0.15,West,Retail
7/24/2024,P002,4,24.78,0,South,Retail
7/24/2024,P003,3,50.59,0,South,Online
7/24/2024,P004,3,8.87,0,West,Retail
7/24/2024,P006,2,58.4,0,North,Online
7/24/2024,P007,2,34.75,0,South,Online
7/24/2024,P008,6,22.33,0,South,Online
7/24/2024,P009,4,19.23,0,East,Online
7/24/2024,P010,4,17.96,0,North,Online
7/24/2024,P011,2,63.81,0,South,Retail
7/24/2024,P013,6,16.79,0,South,Online
7/24/2024,P014,4,22.48,0,West,Retail
7/24/2024,P015,4,11.81,0,East,Online
7/25/2024,P001,10,20.03,0,West,Online
7/25/2024,P002,4,25.9,0,South,Online
7/25/2024,P003,3,48.68,0,West,Retail
7/25/2024,P004,16,9.32,0.15,East,Online
7/25/2024,P005,3,184.45,0,North,Online
7/25/2024,P007,3,35.97,0,South,Retail
7/25/2024,P008,4,23.09,1.35,East,Retail
7/25/2024,P009,1,18.47,0,East,Online
7/25/2024,P010,3,18.36,0,North,Online
7/25/2024,P011,3,63.21,0,South,Online
7/25/2024,P012,4,40.25,0,East,Online
7/25/2024,P013,2,16.66,0.1,North,Online
7/25/2024,P014,2,22.65,0,East,Retail
7/25/2024,P015,4,12.25,0,East,Online
7/26/2024,P001,3,20.73,0.15,West,Retail
7/26/2024,P004,14,8.71,0,North,Online
7/26/2024,P005,3,177.34,0,South,Retail
7/26/2024,P008,4,23.46,0.1,South,Online
7/26/2024,P009,5,19.66,0,South,Online
7/26/2024,P010,6,18.39,0,West,Online
7/26/2024,P011,1,62.43,0,North,Online
7/26/2024,P012,2,39.81,0,West,Online
7/26/2024,P013,3,16.79,0,West,Online
7/26/2024,P014,3,21.74,0,West,Retail
7/26/2024,P015,2,12.27,0,South,Online
7/27/2024,P001,12,19.59,0,East,Retail
7/27/2024,P003,1,49.15,0,West,Online
7/27/2024,P004,22,8.96,0,West,Retail
7/27/2024,P006,3,57.88,0,North,Online
7/27/2024,P007,3,34.67,0,North,Retail
7/27/2024,P008,5,22.29,0.15,East,Online
7/27/2024,P009,8,19.18,0,South,Retail
7/27/2024,P010,4,17.27,0,East,Retail
7/27/2024,P011,5,65.53,0,East,Online
7/27/2024,P012,5,38.58,0,West,Retail
7/27/2024,P013,2,16.31,0,South,Online
7/27/2024,P014,4,22.58,0,South,Online
7/27/2024,P015,2,11.96,0.05,South,Online
7/28/2024,P001,7,20.04,0,East,Retail
7/28/2024,P002,5,24.82,0,East,Retail
7/28/2024,P003,7,50.95,0,East,Online
7/28/2024,P004,12,9.27,0.15,North,Online
7/28/2024,P005,3,176.62,0,East,Retail
7/28/2024,P006,1,62.29,0,South,Online
7/28/2024,P007,3,34.33,0.15,East,Retail
7/28/2024,P008,3,22.94,0,South,Retail
7/28/2024,P009,3,19.3,0,West,Online
7/28/2024,P010,4,18.27,0,South,Online
7/28/2024,P012,6,39.72,0,North,Online
7/28/2024,P014,5,21.55,0,West,Online
7/28/2024,P015,8,11.58,0,South,Retail
7/29/2024,P001,8,19.61,0.15,South,Online
7/29/2024,P002,5,24.21,0,East,Online
7/29/2024,P004,12,8.82,0,West,Online
7/29/2024,P005,1,176.26,0,North,Online
7/29/2024,P006,2,59.29,0.1,East,Online
7/29/2024,P008,3,22.45,0,North,Online
7/29/2024,P009,3,19.47,0.1,East,Online
7/29/2024,P010,3,17.69,0,North,Online
7/29/2024,P011,3,62.81,0,North,Online
7/29/2024,P013,1,17.31,0,West,Retail
7/29/2024,P014,2,22.72,0,East,Retail
7/29/2024,P015,2,11.92,0,South,Online
7/30/2024,P001,3,20.41,0,North,Online
7/30/2024,P002,2,24.06,0,East,Online
7/30/2024,P003,2,49.6,0,South,Online
7/30/2024,P004,9,9.05,0,East,Retail
7/30/2024,P005,4,187.09,0,West,Online
7/30/2024,P007,3,35.59,0,North,Online
7/30/2024,P008,6,22.19,0,East,Online
7/30/2024,P009,9,18.58,0,East,Online
7/30/2024,P010,2,18,0,South,Online
7/30/2024,P011,6,65.9,0,North,Retail
7/30/2024,P012,4,39.16,0,South,Online
7/30/2024,P013,1,17.14,0.1,North,Online
7/30/2024,P014,3,22.2,0,East,Online
7/30/2024,P015,8,12.09,0,North,Retail
7/31/2024,P002,1,25.71,0,South,Online
7/31/2024,P003,4,51,0,East,Retail
7/31/2024,P004,10,8.85,0,East,Retail
7/31/2024,P005,4,182.11,0,North,Retail
7/31/2024,P006,1,62.12,0,East,Online
7/31/2024,P007,2,34.78,0,East,Online
7/31/2024,P008,4,23.56,0,West,Online
7/31/2024,P009,3,19.71,0.05,North,Online
7/31/2024,P010,4,17.37,0.05,East,Retail
7/31/2024,P012,3,40.18,0,South,Online
7/31/2024,P013,4,17.18,0,East,Online
7/31/2024,P014,3,21.72,0,North,Online
7/31/2024,P015,2,12.35,0,East,Online
8/1/2024,P001,7,20.41,0,East,Online
8/1/2024,P002,1,24.67,0.15,West,Online
8/1/2024,P004,5,8.79,0,North,Online
8/1/2024,P006,2,61.81,0.15,North,Online
8/1/2024,P008,-5,22.82,0,West,Online
8/1/2024,P009,3,19.7,0,East,Online
8/1/2024,P010,3,17.68,0.05,South,Online
8/1/2024,P011,3,64.43,0,South,Online
8/1/2024,P013,1,17.2,0,South,Retail
8/1/2024,P014,2,21.29,0,East,Retail
8/1/2024,P015,3,12.37,0,East,Retail
8/2/2024,P001,1,20.66,0,East,Online
8/2/2024,P004,9,8.9,0,West,Retail
8/2/2024,P006,4,59.63,0.05,West,Online
8/2/2024,P007,2,34.83,0,East,Retail
8/2/2024,P008,2,22.57,0,East,Retail
8/2/2024,P009,5,18.9,0,South,Online
8/2/2024,P010,2,18.34,0,South,Online
8/2/2024,P011,2,64.63,0,East,Retail
8/2/2024,P012,2,40.67,0,South,Retail
8/2/2024,P013,3,16.58,0,East,Online
8/2/2024,P014,2,21.27,0,West,Online
8/2/2024,P015,5,11.84,0.05,North,Online
8/3/2024,P001,11,19.59,0,North,Online
8/3/2024,P002,3,25.69,0,South,Online
8/3/2024,P003,4,50.3,0,East,Online
8/3/2024,P004,10,9.07,0,South,Online
8/3/2024,P005,2,182.03,0,West,Retail
8/3/2024,P007,1,35.57,0,South,Online
8/3/2024,P008,3,22.31,0,East,Online
8/3/2024,P009,3,19.25,0,East,Retail
8/3/2024,P012,1,41.55,0,South,Online
8/3/2024,P014,2,21.35,0,East,Online
8/3/2024,P015,8,12.43,0,South,Online
8/4/2024,P001,10,19.43,0,East,Online
8/4/2024,P002,3,24.78,0,North,Online
8/4/2024,P003,9,50.9,0,North,Retail
8/4/2024,P004,5,9.02,0.15,West,Online
8/4/2024,P006,4,61.16,0,West,Online
8/4/2024,P007,1,34.46,0,North,Retail
8/4/2024,P008,3,22.91,0,South,Retail
8/4/2024,P009,3,19.26,0,East,Retail
8/4/2024,P010,4,18.29,0,West,Retail
8/4/2024,P011,6,64.14,0,South,Retail
8/4/2024,P012,5,39.99,0,West,Online
8/4/2024,P013,4,16.98,0,East,Online
8/4/2024,P014,1,22.47,0,South,Online
8/5/2024,P001,4,20.75,0,East,Online
8/5/2024,P002,2,25.18,0,East,Online
8/5/2024,P003,1,51.79,0,West,Online
8/5/2024,P004,10,8.65,0,North,Online
8/5/2024,P006,6,59.06,0.15,East,Online
8/5/2024,P008,3,22.38,0,South,Online
8/5/2024,P009,4,18.84,0,North,Online
8/5/2024,P010,1,18.1,0,North,Online
8/5/2024,P011,4,64.35,0,East,Retail
8/5/2024,P012,3,39.44,0,North,Retail
8/5/2024,P013,4,17.47,0,North,Retail
8/5/2024,P014,1,21.68,0,West,Online
8/5/2024,P015,2,11.99,0,South,Retail
8/6/2024,P001,4,20.34,0,West,Online
8/6/2024,P002,5,25.76,0,West,Retail
8/6/2024,P003,1,50.58,0,West,Retail
8/6/2024,P005,1,176.25,0,West,Retail
8/6/2024,P007,2,35.91,0,North,Retail
8/6/2024,P008,4,23.38,0,South,Online
8/6/2024,P009,2,19.54,0,North,Retail
8/6/2024,P010,1,17.71,0,South,Retail
8/6/2024,P012,2,41.01,0,North,Retail
8/6/2024,P014,1,21.55,0.05,North,Retail
8/7/2024,P002,2,24.11,0,East,Online
8/7/2024,P003,1,49.5,0,North,Online
8/7/2024,P004,2,9.22,0,East,Online
8/7/2024,P005,1,181.23,0,East,Online
8/7/2024,P006,2,59.3,0,South,Retail
8/7/2024,P007,4,35.29,0,West,Online
8/7/2024,P008,2,23.76,0,North,Online
8/7/2024,P009,2,19.66,0,North,Online
8/7/2024,P010,4,18.35,0,West,Retail
8/7/2024,P011,1,63.2,0,West,Online
8/7/2024,P012,1,40.53,0.05,South,Online
8/7/2024,P013,3,17.36,0,West,Retail
8/7/2024,P015,3,11.86,0,West,Retail
8/8/2024,P001,6,20.25,0,West,Online
8/8/2024,P002,2,25.47,0,South,Retail
8/8/2024,P004,11,8.76,0,West,Retail
8/8/2024,P005,1,173.18,0,South,Retail
8/8/2024,P008,2,23.07,0,East,Online
8/8/2024,P009,3,19.09,0,West,Online
8/8/2024,P013,3,17.09,0.05,North,Retail
8/8/2024,P015,8,11.51,0,North,Online
8/9/2024,P002,2,25.65,0,East,Online
8/9/2024,P003,1,50.48,0.15,West,Online
8/9/2024,P004,8,9.28,0,North,Online
8/9/2024,P005,1,181.8,0,South,Online
8/9/2024,P006,5,57.8,0,South,Retail
8/9/2024,P009,6,19.06,0,West,Retail
8/9/2024,P010,2,18.53,0,North,Online
8/9/2024,P011,1,63.47,0,East,Online
8/9/2024,P012,5,38.87,0,West,Online
8/9/2024,P013,1,17.25,0,East,Online
8/10/2024,P001,5,20.59,0,West,Online
8/10/2024,P002,1,24,0,North,Retail
8/10/2024,P005,1,175.2,0,South,Online
8/10/2024,P006,2,58.86,0,South,Online
8/10/2024,P007,2,36.03,0,North,Online
8/10/2024,P009,5,18.64,0,South,Online
8/10/2024,P010,5,18,0,North,Online
8/10/2024,P011,5,66.37,0,West,Retail
8/10/2024,P012,3,,0,East,Retail
8/10/2024,P013,3,16.99,0,South,Online
8/10/2024,P014,6,22.54,0,East,Online
8/10/2024,P015,6,11.77,0,East,Online
8/11/2024,P001,3,20.49,0,South,Retail
8/11/2024,P002,4,24.69,0,East,Online
8/11/2024,P003,1,50.35,0,North,Online
8/11/2024,P004,8,9.29,0,West,Online
8/11/2024,P005,3,184.41,0,North,Online
8/11/2024,P007,3,34.67,0,South,Online
8/11/2024,P009,3,19.15,0,West,Online
8/11/2024,P010,3,18.51,0,East,Retail
8/11/2024,P012,5,38.7,0,South,Retail
8/11/2024,P013,3,17.43,0,East,Online
8/11/2024,P014,5,21.17,0.15,North,Online
8/12/2024,P002,8,25.56,0,East,Online
8/12/2024,P003,6,48.3,0,East,Retail
8/12/2024,P004,8,8.67,0,East,Online
8/12/2024,P005,2,174.75,0,West,Retail
8/12/2024,P006,4,60.62,0,West,Online
8/12/2024,P007,1,35.79,0,West,Online
8/12/2024,P008,3,23.37,0,East,Online
8/12/2024,P009,3,19.62,0,South,Retail
8/12/2024,P011,1,63.22,0,South,Online
8/12/2024,P012,1,40.89,0,South,Retail
8/12/2024,P013,2,17.28,0,South,Online
8/12/2024,P014,6,21.16,0,North,Online
8/12/2024,P015,6,11.59,0,North,Online
8/13/2024,P001,8,19.82,0,West,Online
8/13/2024,P002,7,25.89,0,South,Retail
8/13/2024,P003,5,50.65,0,West,Online
8/13/2024,P004,4,8.87,0,East,Online
8/13/2024,P005,3,177.28,0.1,East,Online
8/13/2024,P006,3,61.62,0,South,Online
8/13/2024,P009,1,19.26,0,South,Online
8/13/2024,P010,3,18.61,0.05,South,Retail
8/13/2024,P011,3,63.2,0,North,Online
8/13/2024,P012,1,40.06,0,West,Online
8/14/2024,P001,2,20.09,0,South,Retail
8/14/2024,P005,4,185.4,0,East,Online
8/14/2024,P006,5,59.19,0,East,Retail
8/14/2024,P007,1,33.79,0,South,Online
8/14/2024,P010,2,17.62,0.05,North,Retail
8/14/2024,P011,2,64.88,0,West,Retail
8/14/2024,P012,1,40.58,0,North,Retail
8/14/2024,P015,2,12.05,0,South,Online
8/15/2024,P002,2,24.78,0,East,Online
8/15/2024,P003,1,51.14,0,North,Retail
8/15/2024,P004,9,9.29,0.05,West,Online
8/15/2024,P005,2,179.99,0,West,Online
8/15/2024,P006,4,61.29,0,South,Online
8/15/2024,P007,5,35.41,0,South,Retail
8/15/2024,P008,3,23.33,0,South,Online
8/15/2024,P010,1,18.17,0,North,Retail
8/15/2024,P011,5,65.17,0,East,Online
8/15/2024,P012,4,39.65,0,East,Retail
8/15/2024,P013,3,16.89,0,South,Online
8/15/2024,P014,7,21.3,0,West,Online
8/15/2024,P015,6,11.54,0,East,Online
8/16/2024,P001,8,19.55,0,South,Retail
8/16/2024,P002,3,24.49,0,East,Online
8/16/2024,P004,9,9.18,0,West,Retail
8/16/2024,P005,2,176.53,0,West,Retail
8/16/2024,P006,2,58.77,0,West,Online
8/16/2024,P007,1,33.92,0.05,North,Online
8/16/2024,P008,5,22.51,0,South,Retail
8/16/2024,P009,2,19.72,0,South,Online
8/16/2024,P010,2,18.46,0,North,Online
8/16/2024,P011,2,65.26,0,West,Retail
8/16/2024,P012,3,38.67,0,North,Retail
8/16/2024,P013,1,17.2,0,East,Retail
8/16/2024,P015,9,11.77,0,West,Online
8/17/2024,P001,1,20.18,0,East,Online
8/17/2024,P002,4,24.82,0,North,Online
8/17/2024,P005,4,176.47,0,West,Retail
8/17/2024,P006,3,61.18,0,East,Retail
8/17/2024,P007,4,34.4,0,South,Retail
8/17/2024,P009,1,19.23,0,West,Retail
8/17/2024,P010,5,18.64,0,East,Online
8/17/2024,P011,3,65.57,0,West,Online
8/17/2024,P013,4,17.43,0,West,Online
8/17/2024,P014,5,21.95,0,West,Retail
8/17/2024,P015,4,12.42,0,North,Online
8/18/2024,P001,6,20.11,0,West,Retail
8/18/2024,P002,2,24.2,0,East,Online
8/18/2024,P004,12,8.86,0,North,Online
8/18/2024,P005,3,187.01,0,North,Retail
8/18/2024,P008,7,23.83,0,South,Online
8/18/2024,P009,7,19.57,0,South,Online
8/18/2024,P010,5,17.9,0,West,Online
8/18/2024,P012,3,40.81,1.35,East,Online
8/18/2024,P013,5,17.62,0,East,Online
8/18/2024,P014,3,21.12,0,East,Online
8/18/2024,P015,3,12.08,0,West,Retail
8/19/2024,P001,2,19.72,0,East,Online
8/19/2024,P002,4,25.61,0,South,Online
8/19/2024,P003,1,50.02,0.1,South,Online
8/19/2024,P004,7,9.21,0,West,Retail
8/19/2024,P005,1,180.87,0,South,Online
8/19/2024,P006,1,58.73,0,South,Online
8/19/2024,P007,2,34.15,0,East,Online
8/19/2024,P008,5,23.19,0.1,East,Retail
8/19/2024,P009,4,19.15,0,North,Online
8/19/2024,P010,3,18.42,0,South,Online
8/19/2024,P011,3,63.41,0,East,Online
8/19/2024,P013,5,16.75,0,South,Retail
8/20/2024,P001,2,19.36,0,East,Retail
8/20/2024,P002,3,25.13,0,South,Online
8/20/2024,P003,2,51.56,0,West,Retail
8/20/2024,P004,14,9.13,0,West,Online
8/20/2024,P006,4,61.23,0,South,Retail
8/20/2024,P007,3,35.36,0,West,Online
8/20/2024,P008,4,23.49,0,West,Online
8/20/2024,P009,5,18.9,0,North,Online
8/20/2024,P010,1,18.48,0,East,Online
8/20/2024,P011,2,63.62,0,North,Online
8/20/2024,P012,5,40,0,South,Online
8/20/2024,P013,1,17.04,0,South,Retail
8/20/2024,P015,5,12.45,0,North,Online
8/21/2024,P001,7,19.79,0,West,Retail
8/21/2024,P003,1,48.58,0,North,Online
8/21/2024,P004,8,8.8,0.1,South,Online
8/21/2024,P006,1,,0,East,Retail
8/21/2024,P009,3,18.51,0,South,Online
8/21/2024,P011,1,64.85,0,West,Retail
8/21/2024,P012,6,40.06,0,South,Retail
8/21/2024,P013,4,16.59,0.05,North,Online
8/21/2024,P015,6,11.97,0,South,Online
8/22/2024,P001,2,19.45,0,South,Online
8/22/2024,P002,7,24.49,0,West,Retail
8/22/2024,P003,9,51.09,0,West,Retail
8/22/2024,P004,16,8.75,0,East,Online
8/22/2024,P005,1,179.71,0,North,Retail
8/22/2024,P006,4,61.79,0,South,Online
8/22/2024,P007,1,34.14,0,South,Retail
8/22/2024,P009,6,18.59,0.15,South,Online
8/22/2024,P010,3,17.99,0,West,Retail
8/22/2024,P011,2,65.86,0,West,Retail
8/22/2024,P012,4,40.81,0,East,Online
8/22/2024,P013,2,17.31,0,South,Online
8/23/2024,P001,11,20.22,0,East,Online
8/23/2024,P002,5,24.33,0,East,Online
8/23/2024,P003,5,49.08,0,West,Retail
8/23/2024,P004,5,9.28,0,East,Online
8/23/2024,P005,3,178.27,0,South,Retail
8/23/2024,P006,4,58.41,0,South,Online
8/23/2024,P007,3,34.26,0,South,Online
8/23/2024,P009,2,18.47,0.15,South,Online
8/23/2024,P010,6,17.33,0,South,Retail
8/23/2024,P011,1,67.03,0,North,Retail
8/23/2024,P012,3,41.59,0,North,Retail
8/23/2024,P013,1,16.34,0,South,Retail
8/23/2024,P014,1,22.48,0,North,Online
8/23/2024,P015,5,12.46,0,East,Online
8/24/2024,P002,3,24.44,0,West,Retail
8/24/2024,P003,6,48.44,0,West,Retail
8/24/2024,P004,15,9.1,0,West,Online
8/24/2024,P006,1,60.42,0,East,Retail
8/24/2024,P007,1,35.67,0,West,Retail
8/24/2024,P008,4,23.26,0,East,Retail
8/24/2024,P009,5,19.05,0,South,Retail
8/24/2024,P011,5,67.46,0,South,Retail
8/24/2024,P012,4,41.23,0,North,Retail
8/24/2024,P014,2,22.16,0,North,Online
8/24/2024,P015,8,11.99,0,West,Online
8/25/2024,P001,5,20.5,0,East,Online
8/25/2024,P003,3,50.53,0,East,Retail
8/25/2024,P004,11,9,0,West,Online
8/25/2024,P005,1,183.23,0,South,Retail
8/25/2024,P008,5,22.44,0.1,North,Retail
8/25/2024,P009,1,19.4,0,North,Online
8/25/2024,P010,4,17.3,0,North,Online
8/25/2024,P011,1,64.91,0,South,Online
8/25/2024,P012,4,40.53,0,East,Retail
8/25/2024,P015,4,11.77,0,North,Retail
8/26/2024,P001,5,19.32,0,West,Retail
8/26/2024,P003,1,51.81,0,West,Retail
8/26/2024,P004,11,9.17,0,West,Online
8/26/2024,P007,2,36.03,0,East,Online
8/26/2024,P008,1,22.54,0,West,Retail
8/26/2024,P009,1,19.39,0,South,Online
8/26/2024,P012,4,41.52,0,South,Online
8/26/2024,P013,2,17.24,0,South,Online
8/26/2024,P014,2,22.14,0.1,South,Retail
8/26/2024,P015,3,12.17,0,West,Retail
8/27/2024,P001,3,19.86,0,East,Online
8/27/2024,P002,3,25.57,0.15,West,Retail
8/27/2024,P003,5,50.45,0,South,Online
8/27/2024,P004,1,8.96,0,East,Retail
8/27/2024,P006,4,58.86,0,West,Online
8/27/2024,P007,1,35.77,0,North,Online
8/27/2024,P008,5,22.23,0,East,Online
8/27/2024,P009,2,18.28,0,East,Retail
8/27/2024,P010,1,17.89,0,South,Retail
8/27/2024,P011,7,67.02,0,South,Online
8/27/2024,P012,6,40.66,0,East,Online
8/27/2024,P013,4,16.85,0,South,Retail
8/27/2024,P014,4,21.31,0.15,East,Retail
8/27/2024,P015,9,11.83,0,North,Retail
8/28/2024,P001,7,19.75,0.1,South,Retail
8/28/2024,P002,1,25.17,0,West,Retail
8/28/2024,P003,5,48.62,0,East,Retail
8/28/2024,P004,10,8.85,0,North,Retail
8/28/2024,P005,1,183.08,0,West,Online
8/28/2024,P006,3,61.62,0,East,Online
8/28/2024,P007,1,34.01,0.15,North,Retail
8/28/2024,P009,7,19.45,0,East,Online
8/28/2024,P010,4,17.39,0,East,Retail
8/28/2024,P012,4,41.21,0,North,Online
8/28/2024,P013,1,17.31,0,East,Retail
8/28/2024,P014,4,21.57,0,North,Online
8/28/2024,P015,5,12.43,0,North,Retail
8/29/2024,P001,3,19.85,0,East,Online
8/29/2024,P002,4,25.41,0,South,Online
8/29/2024,P004,6,8.81,0.15,East,Retail
8/29/2024,P005,1,179.55,0.05,East,Online
8/29/2024,P006,1,58.52,0,East,Retail
8/29/2024,P007,1,35.51,0,East,Online
8/29/2024,P008,3,23.42,0,West,Retail
8/29/2024,P009,3,18.58,0.05,West,Online
8/29/2024,P010,2,18.33,0,South,Online
8/29/2024,P011,2,64.63,0,North,Online
8/29/2024,P012,3,39.65,0,North,Online
8/29/2024,P013,2,16.94,0,South,Online
8/29/2024,P014,2,22.22,0,West,Online
8/30/2024,P001,4,19.98,0,North,Retail
8/30/2024,P002,6,25.23,0,West,Online
8/30/2024,P003,5,50.03,0.1,South,Retail
8/30/2024,P004,15,8.73,0,East,Online
8/30/2024,P005,2,184.99,0,South,Retail
8/30/2024,P007,2,34.82,0,East,Retail
8/30/2024,P008,5,23.84,0,South,Online
8/30/2024,P009,1,19.74,0,West,Online
8/30/2024,P010,4,18.27,0,South,Online
8/30/2024,P012,4,41.4,0,North,Online
8/30/2024,P013,1,16.63,0,North,Retail
8/30/2024,P014,1,21.59,0,South,Retail
8/30/2024,P015,6,12.02,0,South,Online
8/31/2024,P001,5,20.31,0,East,Retail
8/31/2024,P002,6,25.21,0,North,Retail
8/31/2024,P003,1,48.26,0,North,Retail
8/31/2024,P004,7,8.88,0,North,Online
8/31/2024,P006,4,61.47,0,East,Online
8/31/2024,P007,2,35.46,0,West,Online
8/31/2024,P009,8,19.61,0,South,Online
8/31/2024,P011,5,64.22,0,West,Online
8/31/2024,P013,1,17.27,0.15,South,Online
8/31/2024,P014,2,22.56,0,East,Online
8/31/2024,P015,4,12.09,0.1,South,Online
9/1/2024,P001,6,19.67,0,North,Online
9/1/2024,P002,1,24.67,0,East,Retail
9/1/2024,P003,4,49.11,0,East,Retail
9/1/2024,P004,10,9.34,0,East,Online
9/1/2024,P005,3,183.22,0,West,Retail
9/1/2024,P007,1,33.69,0,South,Online
9/1/2024,P009,3,18.29,0,West,Online
9/1/2024,P010,3,18.42,0,South,Online
9/1/2024,P011,3,67.29,0,West,Online
9/1/2024,P012,9,39.47,0,North,Retail
9/1/2024,P013,4,17.22,0,West,Retail
9/1/2024,P014,5,21.8,0,South,Online
9/1/2024,P015,5,11.53,0,North,Online
9/2/2024,P001,7,20.78,0,West,Retail
9/2/2024,P002,6,24.63,0,South,Online
9/2/2024,P003,5,50.81,0,East,Retail
9/2/2024,P005,2,174.52,0,West,Retail
9/2/2024,P006,1,61.63,0,South,Online
9/2/2024,P007,5,34.76,0,East,Retail
9/2/2024,P008,2,22.39,0,North,Retail
9/2/2024,P009,1,19.31,0,East,Retail
9/2/2024,P010,2,18.56,0,South,Retail
9/2/2024,P011,2,63.44,0,North,Online
9/2/2024,P012,3,39.13,0,North,Online
9/2/2024,P013,2,17.33,0,East,Online
9/2/2024,P014,2,22.09,0,North,Retail
9/2/2024,P015,3,12.11,0,East,Online
9/3/2024,P001,7,19.67,0.1,North,Online
9/3/2024,P002,6,24.55,0,East,Online
9/3/2024,P003,5,51.82,0,West,Online
9/3/2024,P004,12,9.12,0,South,Online
9/3/2024,P006,3,58.65,0,West,Retail
9/3/2024,P007,1,35.27,0,South,Online
9/3/2024,P008,4,23.77,0,West,Online
9/3/2024,P009,2,18.48,0,North,Online
9/3/2024,P010,4,17.56,0,East,Retail
9/3/2024,P011,3,67.02,0,North,Online
9/3/2024,P012,6,38.58,0,South,Online
9/3/2024,P013,3,16.48,0,North,Online
9/3/2024,P014,2,21.41,0,West,Online
9/3/2024,P015,4,11.73,0.05,North,Retail
9/4/2024,P001,6,20.41,0.15,East,Online
9/4/2024,P002,3,24.19,0.05,South,Online
9/4/2024,P003,1,50.58,0,North,Online
9/4/2024,P004,16,8.66,0,West,Retail
9/4/2024,P006,1,60.82,0,West,Retail
9/4/2024,P006,1,60.82,0,West,Retail
9/4/2024,P007,4,34.73,0,West,Retail
9/4/2024,P008,3,22.1,0,East,Retail
9/4/2024,P011,2,65,0,South,Online
9/4/2024,P012,2,40.2,0,South,Retail
9/4/2024,P013,4,17.19,0,West,Online
9/4/2024,P014,1,21.29,0,North,Retail
9/5/2024,P001,5,19.55,0,West,Online
9/5/2024,P002,5,25.05,0,West,Retail
9/5/2024,P004,12,8.9,0,North,Online
9/5/2024,P005,2,180.32,0,South,Retail
9/5/2024,P006,1,59.71,0,East,Online
9/5/2024,P007,1,35.09,0,East,Online
9/5/2024,P009,4,19.16,0.05,West,Retail
9/5/2024,P010,3,18.36,0,North,Retail
9/5/2024,P011,1,66.57,0,West,Online
9/5/2024,P014,2,22.05,0,East,Retail
9/6/2024,P001,5,19.71,0,South,Retail
9/6/2024,P002,2,24.45,0.1,South,Online
9/6/2024,P003,1,48.07,0,South,Online
9/6/2024,P004,7,9.2,0,East,Retail
9/6/2024,P005,1,185.45,0,South,Retail
9/6/2024,P006,2,60.76,0.05,North,Online
9/6/2024,P007,4,34.78,0,South,Retail
9/6/2024,P008,5,23.31,0,West,Online
9/6/2024,P009,2,19.05,0,North,Online
9/6/2024,P010,6,17.44,0,North,Online
9/6/2024,P011,3,63.77,0,East,Online
9/6/2024,P012,4,39.14,0,North,Online
9/6/2024,P013,1,16.41,0.15,South,Retail
9/6/2024,P014,4,22.31,0,North,Retail
9/6/2024,P015,2,11.7,0,West,Retail
9/7/2024,P001,3,20.25,0,South,Online
9/7/2024,P002,5,24.69,0.15,East,Online
9/7/2024,P003,1,51.32,0,North,Online
9/7/2024,P004,8,9.18,0,East,Online
9/7/2024,P005,3,175.29,0,West,Retail
9/7/2024,P006,2,60.11,0,West,Retail
9/7/2024,P007,1,34.24,0,East,Online
9/7/2024,P008,4,22.72,0.1,North,Online
9/7/2024,P009,3,19.57,0,North,Retail
9/7/2024,P010,4,18.16,0,South,Retail
9/7/2024,P011,3,65.59,0,South,Online
9/7/2024,P012,3,41.28,0,West,Online
9/7/2024,P013,5,16.67,0,East,Online
9/7/2024,P014,7,22.1,0,South,Retail
9/8/2024,P001,6,20.17,0,North,Retail
9/8/2024,P002,4,25.08,0,East,Retail
9/8/2024,P003,4,50.98,0.05,West,Online
9/8/2024,P004,7,9.28,0,South,Online
9/8/2024,P006,2,61.32,0,West,Online
9/8/2024,P007,2,34.95,0,North,Online
9/8/2024,P008,4,22.6,0,North,Retail
9/8/2024,P009,3,19.44,0.05,North,Retail
9/8/2024,P010,1,17.47,0,South,Retail
9/8/2024,P012,3,40.29,0,South,Online
9/8/2024,P013,7,16.9,0,East,Retail
9/8/2024,P015,-7,11.69,0,East,Online
9/9/2024,P003,7,48.55,0,South,Retail
9/9/2024,P004,10,9.28,0,West,Retail
9/9/2024,P006,4,59.9,0,North,Retail
9/9/2024,P007,1,35.64,0,West,Online
9/9/2024,P008,5,23.22,0,East,Online
9/9/2024,P009,1,19.36,0,East,Online
9/9/2024,P010,4,18.15,0,North,Online
9/9/2024,P011,2,66.9,0,North,Online
9/9/2024,P013,3,17.17,0,West,Online
9/9/2024,P014,5,21.2,0,North,Retail
9/9/2024,P015,3,11.92,0,North,Retail
9/10/2024,P001,1,20.41,0.1,West,Online
9/10/2024,P002,5,25.17,0,East,Online
9/10/2024,P003,1,49.86,0,East,Online
9/10/2024,P004,6,8.79,0,South,Online
9/10/2024,P006,2,58.08,0,North,Retail
9/10/2024,P007,1,33.95,0,North,Online
9/10/2024,P008,4,23.23,0,West,Online
9/10/2024,P009,3,19.2,0,West,Online
9/10/2024,P011,1,65.34,0.1,East,Retail
9/10/2024,P012,1,38.64,0,South,Retail
9/10/2024,P013,3,17.06,0.15,North,Online
9/10/2024,P015,5,12,0,East,Retail
9/11/2024,P002,5,24.2,0.1,West,Retail
9/11/2024,P003,4,49.07,0,North,Online
9/11/2024,P005,1,182.38,0,East,Online
9/11/2024,P007,1,35.86,0,South,Online
9/11/2024,P008,2,22.65,0,West,Online
9/11/2024,P009,2,19.61,0.15,South,Online
9/11/2024,P010,1,17.37,0,West,Online
9/11/2024,P011,4,64.34,0,South,Retail
9/11/2024,P012,5,38.57,0,West,Retail
9/11/2024,P013,2,17.33,0,West,Online
9/11/2024,P014,4,21.9,0.1,West,Online
9/11/2024,P015,4,12.06,0,West,Online
9/12/2024,P001,6,20.52,0,East,Online
9/12/2024,P003,4,50.87,0,West,Retail
9/12/2024,P004,7,8.78,0,South,Online
9/12/2024,P006,4,60.85,0,South,Online
9/12/2024,P007,1,33.8,0.1,South,Online
9/12/2024,P011,2,64.34,0,West,Online
9/12/2024,P012,3,38.57,0,North,Retail
9/12/2024,P013,2,17.28,0,North,Online
9/13/2024,P001,3,20.48,0,East,Retail
9/13/2024,P002,2,24.02,0,South,Online
9/13/2024,P003,2,51.23,0,South,Retail
9/13/2024,P004,10,8.87,0,West,Retail
9/13/2024,P005,2,182.7,0,South,Online
9/13/2024,P006,2,60.71,0,South,Online
9/13/2024,P007,4,33.98,0,East,Retail
9/13/2024,P008,4,23.51,0,West,Online
9/13/2024,P009,3,19.5,0,East,Online
9/13/2024,P011,3,64.28,0,South,Online
9/13/2024,P012,3,39.69,0,West,Retail
9/13/2024,P013,4,17.41,0,South,Online
9/13/2024,P015,4,11.64,0,North,Online
9/14/2024,P002,5,25.85,0,North,Online
9/14/2024,P003,1,51,0,West,Retail
9/14/2024,P004,10,9.27,0,West,Retail
9/14/2024,P006,3,58.33,0,West,Online
9/14/2024,P008,4,23.14,0,West,Online
9/14/2024,P010,3,18.54,0,East,Retail
9/14/2024,P012,5,39.47,0,South,Retail
9/14/2024,P013,5,16.78,0,West,Online
9/14/2024,P014,6,21.17,0,West,Retail
9/14/2024,P015,4,12.41,0,East,Retail
9/15/2024,P001,5,20.62,0,North,Online
9/15/2024,P003,2,48.78,0,West,Retail
9/15/2024,P004,11,8.95,0.1,South,Online
9/15/2024,P006,6,59.87,0,East,Online
9/15/2024,P007,2,35.51,0,East,Online
9/15/2024,P008,2,23.56,0,North,Retail
9/15/2024,P009,2,19.51,0,North,Retail
9/15/2024,P010,6,17.44,0,South,Retail
9/15/2024,P011,1,66.92,0.05,East,Retail
9/15/2024,P013,2,16.77,0,North,Retail
9/15/2024,P014,2,22.51,0,South,Online
9/15/2024,P015,10,12.38,0,North,Online
9/16/2024,P001,4,19.75,0,West,Retail
9/16/2024,P002,3,24.14,0,East,Online
9/16/2024,P004,4,9.06,0,East,Retail
9/16/2024,P006,2,59.37,0,North,Retail
9/16/2024,P008,5,22.52,0,East,Retail
9/16/2024,P009,2,19.13,0,South,Retail
9/16/2024,P010,2,17.29,0,South,Retail
9/16/2024,P011,3,63.89,0,South,Online
9/16/2024,P012,3,39.17,0,East,Retail
9/16/2024,P013,5,17.12,0.1,East,Online
9/16/2024,P014,3,21.67,0,East,Online
9/16/2024,P015,7,11.75,0,North,Online
9/17/2024,P001,9,20.24,0,North,Retail
9/17/2024,P002,4,25.58,0,North,Retail
9/17/2024,P003,4,49.57,0,North,Retail
9/17/2024,P004,6,9.28,0,North,Retail
9/17/2024,P005,2,176.72,0,East,Online
9/17/2024,P006,1,60.19,0,North,Retail
9/17/2024,P007,2,34.85,0,East,Online
9/17/2024,P008,1,23.59,0,South,Online
9/17/2024,P009,6,18.42,0,West,Online
9/17/2024,P010,1,17.55,0,East,Retail
9/17/2024,P011,5,62.89,0,North,Online
9/17/2024,P012,3,39.53,0,North,Retail
9/17/2024,P013,3,16.88,0,East,Retail
9/17/2024,P014,2,22.4,0.15,West,Online
9/18/2024,P002,6,24.83,0,East,Retail
9/18/2024,P004,6,9.19,0,East,Retail
9/18/2024,P005,4,180.18,0,West,Online
9/18/2024,P006,3,59.82,0,North,Online
9/18/2024,P007,2,36.27,0,South,Retail
9/18/2024,P008,2,22.9,0,West,Retail
9/18/2024,P009,1,19.01,0,South,Retail
9/18/2024,P010,3,18.07,0,East,Retail
9/18/2024,P011,3,66.79,0,West,Retail
9/18/2024,P012,1,40.26,0,North,Retail
9/18/2024,P014,1,21.52,0,East,Retail
9/18/2024,P015,3,11.72,0.1,West,Retail
9/19/2024,P001,1,19.35,0,West,Retail
9/19/2024,P002,4,24.83,0,East,Online
9/19/2024,P003,3,51.97,0,South,Retail
9/19/2024,P005,3,186.16,0,North,Online
9/19/2024,P006,1,60.18,0.15,North,Retail
9/19/2024,P007,5,36.02,0,South,Retail
9/19/2024,P008,4,22.53,0,East,Online
9/19/2024,P011,2,63.88,0.05,North,Online
9/19/2024,P012,2,39.18,0,North,Online
9/19/2024,P013,5,17.48,0,East,Retail
9/19/2024,P014,2,21.83,0,West,Retail
9/19/2024,P015,3,12.02,0,West,Retail
9/20/2024,P001,4,19.63,0,South,Online
9/20/2024,P001,4,19.63,0,South,Online
9/20/2024,P002,6,25.92,0,West,Retail
9/20/2024,P004,7,8.72,0,West,Online
9/20/2024,P005,2,174.43,0,North,Online
9/20/2024,P006,2,61.61,0,West,Online
9/20/2024,P008,2,23.51,0,East,Retail
9/20/2024,P009,3,19.29,0,West,Retail
9/20/2024,P010,3,17.59,0,South,Online
9/20/2024,P011,1,63.66,0,East,Retail
9/20/2024,P012,5,39.14,0,South,Online
9/20/2024,P013,2,16.76,0,North,Retail
9/20/2024,P015,5,12.34,0,East,Retail
9/21/2024,P001,5,19.59,0,North,Online
9/21/2024,P002,6,24.03,0,North,Online
9/21/2024,P003,2,51.49,0,East,Retail
9/21/2024,P004,10,9.29,0,South,Retail
9/21/2024,P007,1,36.13,0.1,North,Retail
9/21/2024,P008,6,23.48,0,South,Retail
9/21/2024,P009,4,19.62,0,South,Retail
9/21/2024,P010,2,18.33,0,North,Online
9/21/2024,P011,2,66.17,0,North,Retail
9/21/2024,P012,2,41.06,0,West,Online
9/21/2024,P013,5,16.65,0.15,North,Retail
9/21/2024,P014,3,21.13,0,North,Online
9/22/2024,P001,6,19.5,0,East,Online
9/22/2024,P002,5,25.14,0,South,Online
9/22/2024,P004,12,8.64,0,West,Online
9/22/2024,P005,2,176.1,0,South,Retail
9/22/2024,P006,6,62.26,0,West,Online
9/22/2024,P007,1,33.9,0,West,Retail
9/22/2024,P008,5,23.18,0,North,Online
9/22/2024,P009,3,19.72,0,South,Retail
9/22/2024,P010,6,18.71,0.15,West,Online
9/22/2024,P011,2,63.62,0.1,North,Online
9/22/2024,P012,5,40.73,0,West,Retail
9/22/2024,P013,5,17.25,0.05,South,Retail
9/22/2024,P014,1,21.15,0,North,Online
9/22/2024,P015,4,11.7,0,North,Retail
9/23/2024,P001,3,20.05,0,North,Online
9/23/2024,P002,4,25.38,0,East,Retail
9/23/2024,P003,3,51.7,0,North,Online
9/23/2024,P004,3,8.77,0,West,Online
9/23/2024,P005,5,176.49,0,East,Retail
9/23/2024,P006,1,61.18,0,South,Online
9/23/2024,P007,2,34.87,0,South,Retail
9/23/2024,P008,5,22.46,0.1,South,Online
9/23/2024,P009,1,19.04,0,East,Online
9/23/2024,P011,1,62.51,0.15,East,Retail
9/23/2024,P012,4,41.05,0,East,Online
9/23/2024,P013,4,16.34,1.35,North,Retail
9/23/2024,P014,3,21.44,0,North,Retail
9/23/2024,P015,4,11.85,0,East,Online
9/24/2024,P001,9,19.46,0,South,Retail
9/24/2024,P002,5,24.9,0,East,Online
9/24/2024,P004,6,8.64,0,South,Retail
9/24/2024,P005,1,178.27,0,West,Retail
9/24/2024,P006,1,57.74,0,West,Online
9/24/2024,P007,4,35.06,0,West,Online
9/24/2024,P008,2,23.64,0,East,Online
9/24/2024,P009,4,19.06,0,East,Online
9/24/2024,P012,1,39.29,0,West,Online
9/24/2024,P013,2,17.41,0,East,Retail
9/24/2024,P014,3,22.72,0,East,Online
9/24/2024,P014,3,22.72,0,East,Online
9/24/2024,P015,3,12.4,0,North,Online
9/25/2024,P001,4,19.44,0,East,Online
9/25/2024,P002,2,24.78,0,East,Online
9/25/2024,P003,6,48.77,0,South,Retail
9/25/2024,P004,8,8.65,0,South,Retail
9/25/2024,P006,4,61.86,0,West,Online
9/25/2024,P007,1,34.46,0,East,Retail
9/25/2024,P009,8,18.39,0,North,Online
9/25/2024,P010,1,17.61,0.1,South,Online
9/25/2024,P011,4,62.68,0,North,Retail
9/25/2024,P012,2,39.12,0,North,Online
9/25/2024,P015,4,11.73,0,South,Online
9/26/2024,P001,6,20.75,0,West,Retail
9/26/2024,P002,4,24.39,0,East,Online
9/26/2024,P003,1,50.47,0,West,Online
9/26/2024,P004,6,8.99,0,West,Retail
9/26/2024,P005,1,175.48,0,North,Online
9/26/2024,P006,2,61.35,0,East,Online
9/26/2024,P007,2,34.46,0,West,Online
9/26/2024,P008,6,23.5,0,West,Online
9/26/2024,P009,3,18.33,0,South,Retail
9/26/2024,P010,5,18.42,0,North,Online
9/26/2024,P011,2,67.48,0,West,Retail
9/26/2024,P012,7,39.21,0.1,West,Retail
9/26/2024,P013,5,17.18,0,East,Online
9/26/2024,P014,5,21.95,0,West,Online
9/26/2024,P015,7,12.39,0,North,Online
9/27/2024,P001,5,20.26,0,East,Online
9/27/2024,P002,2,24.43,0,South,Retail
9/27/2024,P003,1,50.46,0.15,South,Online
9/27/2024,P004,10,8.95,0,West,Online
9/27/2024,P006,2,57.68,0,West,Online
9/27/2024,P007,2,35.34,0,South,Retail
9/27/2024,P008,3,22.9,0.15,East,Retail
9/27/2024,P009,3,19.62,0,North,Retail
9/27/2024,P010,3,17.71,0,East,Retail
9/27/2024,P013,5,16.43,0.15,South,Retail
9/27/2024,P014,1,21.73,0,East,Retail
9/27/2024,P015,3,12.4,0,South,Online
9/28/2024,P002,5,24.54,0,South,Retail
9/28/2024,P003,4,49.39,0.05,West,Online
9/28/2024,P004,16,8.69,0,North,Online
9/28/2024,P007,1,35.81,0,East,Online
9/28/2024,P008,5,22.79,0,North,Online
9/28/2024,P009,4,18.75,0,South,Online
9/28/2024,P010,1,17.8,0,West,Retail
9/28/2024,P011,2,64.81,0.15,West,Online
9/28/2024,P012,4,38.49,0,North,Online
9/28/2024,P013,3,17.55,0.1,West,Online
9/28/2024,P014,3,21.53,0,East,Retail
9/28/2024,P015,8,11.77,0,East,Retail
9/29/2024,P001,12,20.09,0,North,Retail
9/29/2024,P002,8,25.49,0,South,Retail
9/29/2024,P004,10,9.06,0,West,Retail
9/29/2024,P006,2,61.22,0,West,Retail
9/29/2024,P009,6,19.4,0,North,Online
9/29/2024,P011,3,64.05,0,East,Online
9/29/2024,P012,4,40.49,0,North,Online
9/29/2024,P013,3,17.21,0,East,Retail
9/29/2024,P015,4,12.27,0,North,Online
9/30/2024,P001,6,19.44,0,North,Online
9/30/2024,P002,3,25.98,0,North,Online
9/30/2024,P003,2,51.94,0,South,Retail
9/30/2024,P004,12,8.72,0,West,Online
9/30/2024,P005,1,181.53,0,South,Retail
9/30/2024,P006,5,60.99,0,East,Retail
9/30/2024,P008,4,22.2,0,East,Online
9/30/2024,P009,5,18.32,0,South,Online
9/30/2024,P010,1,18.29,0.1,East,Retail
9/30/2024,P011,2,64.92,0,East,Online
9/30/2024,P012,3,41.12,0,North,Online
9/30/2024,P013,7,16.56,0,West,Online
9/30/2024,P014,2,22.12,0,West,Retail
9/30/2024,P015,3,12.02,0,West,Retail
10/1/2024,P001,3,19.43,0,West,Online
10/1/2024,P003,2,49.91,0,North,Retail
10/1/2024,P005,1,182.2,0,West,Retail
10/1/2024,P006,3,57.72,0,North,Online
10/1/2024,P007,2,36.34,0,West,Online
10/1/2024,P008,4,23.43,0,North,Retail
10/1/2024,P010,3,17.83,0,West,Retail
10/1/2024,P011,2,66.79,0,East,Retail
10/1/2024,P012,2,41.54,0,North,Online
10/1/2024,P013,2,17.57,0,West,Retail
10/1/2024,P014,1,21.93,0,South,Retail
10/2/2024,P001,6,19.28,0,North,Retail
10/2/2024,P002,1,25.87,0,West,Online
10/2/2024,P004,7,8.7,0.1,East,Online
10/2/2024,P006,2,59.98,0,North,Retail
10/2/2024,P009,3,19.17,0.15,South,Online
10/2/2024,P010,4,18.07,0,East,Retail
10/2/2024,P011,1,65.22,0,West,Retail
10/2/2024,P012,5,39.81,0,East,Retail
10/2/2024,P014,2,21.3,0,East,Online
10/3/2024,P001,11,19.6,0,East,Online
10/3/2024,P004,12,8.88,0,South,Retail
10/3/2024,P005,1,179.31,0,South,Online
10/3/2024,P006,3,59.37,0,South,Online
10/3/2024,P007,1,34.96,0,West,Retail
10/3/2024,P008,4,22.76,0,South,Online
10/3/2024,P009,1,19.39,0,North,Online
10/3/2024,P010,2,18.29,0,East,Online
10/3/2024,P011,2,62.65,0,North,Online
10/3/2024,P012,1,39.19,0,East,Retail
10/3/2024,P013,2,17.53,0,North,Online
10/3/2024,P014,3,21.93,0,West,Retail
10/3/2024,P015,8,12.31,0,South,Retail
10/4/2024,P001,3,20.25,0,East,Online
10/4/2024,P002,1,25.25,0,West,Online
10/4/2024,P003,4,50.5,0,West,Online
10/4/2024,P006,1,61.76,0,South,Online
10/4/2024,P007,1,35.18,0,South,Online
10/4/2024,P008,5,23.72,0,North,Online
10/4/2024,P009,6,19,0,East,Online
10/4/2024,P010,2,18.48,0.05,South,Online
10/4/2024,P011,1,62.94,0,North,Online
10/4/2024,P012,1,40.15,0.05,West,Online
10/4/2024,P013,4,17.33,0,West,Retail
10/4/2024,P014,5,21.86,0,East,Online
10/4/2024,P015,4,11.59,0,South,Retail
10/5/2024,P001,12,19.35,0,North,Online
10/5/2024,P002,6,25.68,0.05,South,Online
10/5/2024,P003,7,49.46,0,North,Retail
10/5/2024,P004,19,9.02,0,East,Retail
10/5/2024,P005,3,181.24,0,North,Retail
10/5/2024,P006,4,60.31,0,South,Online
10/5/2024,P007,3,34.62,0,South,Online
10/5/2024,P008,5,22.26,0,East,Online
10/5/2024,P009,3,19.17,0,East,Retail
10/5/2024,P010,1,17.61,0,West,Online
10/5/2024,P011,4,66.09,0,North,Online
10/5/2024,P013,5,16.76,0,East,Online
10/5/2024,P015,4,12.43,0,West,Online
10/6/2024,P001,5,19.85,0,North,Online
10/6/2024,P003,4,51.84,0,West,Online
10/6/2024,P004,7,9.06,0.05,North,Online
10/6/2024,P005,2,178.61,0,West,Online
10/6/2024,P006,2,57.88,0,South,Online
10/6/2024,P007,3,36,0,South,Online
10/6/2024,P008,4,23.45,0,North,Online
10/6/2024,P009,1,18.61,0,North,Retail
10/6/2024,P010,3,18.51,0.15,West,Retail
10/6/2024,P014,1,21.49,0,North,Online
10/6/2024,P015,7,11.55,0,South,Online
10/7/2024,P001,2,19.75,0,South,Retail
10/7/2024,P002,5,25.89,0,East,Retail
10/7/2024,P003,1,50.3,0,North,Online
10/7/2024,P004,5,8.98,0,South,Online
10/7/2024,P006,3,59.6,0,North,Online
10/7/2024,P007,1,35.77,0.15,North,Online
10/7/2024,P010,4,18.71,0,South,Retail
10/7/2024,P011,3,67.15,0,East,Online
10/7/2024,P012,3,40.57,0,South,Online
10/7/2024,P013,6,16.39,0.15,South,Online
10/7/2024,P014,5,22.51,0,East,Retail
10/7/2024,P015,4,12.14,0,East,Online
10/8/2024,P001,2,20.32,0,North,Online
10/8/2024,P002,3,25.88,0,North,Retail
10/8/2024,P003,4,48.36,0,East,Retail
10/8/2024,P004,6,8.66,0,East,Retail
10/8/2024,P005,2,175.32,0,East,Retail
10/8/2024,P006,2,60.66,0,East,Online
10/8/2024,P007,3,34.21,0,South,Retail
10/8/2024,P011,2,65.02,0,South,Online
10/8/2024,P012,4,39.48,0,South,Online
10/8/2024,P014,7,22.83,0,North,Online
10/8/2024,P015,5,11.54,0,North,Online
10/9/2024,P001,6,19.2,0,North,Online
10/9/2024,P003,4,51.85,0,South,Retail
10/9/2024,P004,9,8.95,0.15,East,Online
10/9/2024,P005,4,183.26,0.15,North,Online
10/9/2024,P006,4,59.31,0.15,North,Retail
10/9/2024,P008,4,22.82,0,West,Online
10/9/2024,P009,3,19.43,0,West,Online
10/9/2024,P010,4,18.38,0,East,Retail
10/9/2024,P011,1,63.9,0,East,Online
10/9/2024,P012,3,40.17,0,West,Online
10/9/2024,P013,2,17.57,0,West,Online
10/9/2024,P014,3,21.81,0,North,Online
10/9/2024,P015,9,11.71,0,South,Online
10/10/2024,P001,3,20.17,0,West,Online
10/10/2024,P002,5,25.09,0.1,East,Online
10/10/2024,P003,4,48.18,0,North,Online
10/10/2024,P004,6,9.2,0,South,Online
10/10/2024,P005,2,179.85,0,North,Retail
10/10/2024,P007,3,36.16,0,North,Online
10/10/2024,P008,5,22.87,0,South,Online
10/10/2024,P011,1,65.17,0,North,Online
10/10/2024,P012,3,41.35,0.15,South,Online
10/10/2024,P013,5,17.43,0,South,Retail
10/10/2024,P014,3,21.38,0,South,Online
10/10/2024,P015,7,12.07,0,North,Online
10/11/2024,P001,6,20.31,0,North,Online
10/11/2024,P002,3,25.1,0,North,Online
10/11/2024,P003,4,49.31,0,West,Retail
10/11/2024,P004,6,8.98,0,North,Online
10/11/2024,P006,3,61.52,0.15,East,Retail
10/11/2024,P007,3,33.98,0,South,Online
10/11/2024,P008,4,22.22,0,North,Online
10/11/2024,P009,5,19.69,0,East,Retail
10/11/2024,P010,1,17.46,0,North,Online
10/11/2024,P012,3,38.5,0,West,Online
10/11/2024,P014,2,22.44,0,South,Online
10/11/2024,P015,4,12.1,0,South,Online
10/12/2024,P001,5,19.26,0.15,East,Retail
10/12/2024,P002,9,24.76,0,West,Online
10/12/2024,P003,3,48.19,0,East,Online
10/12/2024,P005,1,174.93,0.05,North,Online
10/12/2024,P006,3,61.77,0,North,Retail
10/12/2024,P007,1,34.94,0,East,Online
10/12/2024,P008,2,23.16,0,North,Online
10/12/2024,P009,1,19.25,0,East,Online
10/12/2024,P010,6,18.01,0,North,Online
10/12/2024,P012,5,41.3,0,West,Retail
10/12/2024,P013,5,17.58,0,North,Online
10/12/2024,P015,2,11.82,0,North,Online
10/13/2024,P001,4,19.93,0,North,Retail
10/13/2024,P002,3,24.74,0,North,Online
10/13/2024,P003,2,51.57,0,West,Online
10/13/2024,P004,18,8.79,0,South,Retail
10/13/2024,P005,2,183.7,0,West,Retail
10/13/2024,P006,4,59.25,0,South,Online
10/13/2024,P009,3,19.15,0,East,Retail
10/13/2024,P010,2,18.32,0,West,Online
10/13/2024,P015,3,12.12,0,West,Online
10/14/2024,P001,10,19.34,0,South,Online
10/14/2024,P002,5,24.75,0.15,North,Retail
10/14/2024,P003,4,48.98,0,West,Online
10/14/2024,P004,15,8.81,0,South,Online
10/14/2024,P005,1,185.87,0,West,Online
10/14/2024,P006,4,58.38,0.05,North,Online
10/14/2024,P007,1,34.47,0,West,Retail
10/14/2024,P008,4,22.47,0,North,Retail
10/14/2024,P009,5,18.76,1.35,East,Retail
10/14/2024,P010,1,18.16,0,South,Online
10/14/2024,P011,2,65.77,0,West,Retail
10/14/2024,P012,4,38.89,0.05,East,Retail
10/14/2024,P013,4,17.12,0,North,Online
10/14/2024,P015,7,12.44,0,South,Retail
10/15/2024,P001,5,20.16,0,North,Online
10/15/2024,P002,2,24.66,0,South,Online
10/15/2024,P003,2,48.69,0,East,Online
10/15/2024,P004,6,9.25,0,East,Retail
10/15/2024,P006,2,62.16,0.05,West,Online
10/15/2024,P007,2,35.38,0,West,Online
10/15/2024,P008,4,23.79,0,East,Retail
10/15/2024,P009,1,18.71,0,West,Online
10/15/2024,P011,1,65,0,West,Online
10/15/2024,P012,3,40.42,0,North,Retail
10/15/2024,P013,1,17.45,0,South,Retail
10/15/2024,P014,4,21.99,0,East,Retail
10/15/2024,P015,4,11.65,0,East,Online
10/16/2024,P001,8,19.59,0,North,Online
10/16/2024,P002,5,24.91,0,South,Online
10/16/2024,P003,1,51.6,0,West,Retail
10/16/2024,P004,12,9.11,0,South,Online
10/16/2024,P006,4,59.56,0,North,Retail
10/16/2024,P007,5,35.36,0.05,West,Retail
10/16/2024,P008,5,22.1,0,East,Retail
10/16/2024,P010,4,17.77,0,South,Online
10/16/2024,P011,3,63.7,0,West,Online
10/16/2024,P012,2,39.19,0,North,Online
10/16/2024,P013,4,17.24,0,West,Online
10/16/2024,P014,4,21.92,0,South,Retail
10/16/2024,P015,5,11.62,0,East,Online
10/17/2024,P001,6,20.65,0,South,Online
10/17/2024,P002,4,24.82,0,North,Online
10/17/2024,P003,-1,49.02,0,East,Retail
10/17/2024,P004,9,9.35,0.1,West,Online
10/17/2024,P005,1,176.12,0,East,Online
10/17/2024,P006,3,60.27,0,West,Online
10/17/2024,P007,6,36.01,0,South,Retail
10/17/2024,P008,6,23.01,0,West,Retail
10/17/2024,P009,5,19.2,0,South,Retail
10/17/2024,P010,2,18.65,0,West,Retail
10/17/2024,P011,1,65.78,0,North,Online
10/17/2024,P012,3,38.72,0,East,Retail
10/17/2024,P013,1,17.17,0,South,Retail
10/17/2024,P015,3,11.51,0,West,Online
10/18/2024,P001,3,20.68,0,South,Online
10/18/2024,P003,4,48.06,0.15,South,Online
10/18/2024,P004,6,9.01,0,West,Online
10/18/2024,P005,1,184.86,0,South,Online
10/18/2024,P006,1,59.48,0,East,Retail
10/18/2024,P007,4,34.81,0,South,Online
10/18/2024,P008,3,22.8,0,West,Online
10/18/2024,P009,2,19.43,0,North,Online
10/18/2024,P010,1,18.31,0,East,Retail
10/18/2024,P012,2,40.21,0,East,Retail
10/18/2024,P014,1,21.38,0,North,Retail
10/18/2024,P015,6,12.31,0,West,Retail
10/19/2024,P002,3,24.86,0,South,Online
10/19/2024,P003,3,48.86,0,South,Online
10/19/2024,P004,13,8.85,0,North,Online
10/19/2024,P005,3,180.76,0,North,Online
10/19/2024,P006,2,58.82,0,East,Online
10/19/2024,P007,1,35.06,0,East,Online
10/19/2024,P008,4,22.8,0,West,Retail
10/19/2024,P009,5,18.67,0,North,Online
10/19/2024,P010,1,17.74,0,West,Online
10/19/2024,P012,3,38.98,0,West,Online
10/19/2024,P013,1,16.62,0,East,Online
10/19/2024,P014,2,21.47,0,East,Online
10/19/2024,P015,2,12.42,0,North,Online
10/20/2024,P001,5,20.61,0,East,Online
10/20/2024,P002,3,24.73,0.05,West,Online
10/20/2024,P004,13,8.98,0,West,Online
10/20/2024,P005,4,184.54,0,North,Retail
10/20/2024,P006,1,58.44,0,South,Retail
10/20/2024,P007,2,35.26,0,East,Retail
10/20/2024,P008,6,23.83,0,South,Online
10/20/2024,P010,3,17.74,0,South,Retail
10/20/2024,P013,3,17.66,0,West,Online
10/20/2024,P015,5,11.83,0,East,Retail
10/21/2024,P001,6,19.67,0,South,Retail
10/21/2024,P003,3,50.98,0,South,Online
10/21/2024,P005,5,184.64,0,South,Retail
10/21/2024,P006,3,59.98,0,South,Online
10/21/2024,P007,5,35.49,0,South,Online
10/21/2024,P008,4,22.15,0,South,Online
10/21/2024,P009,2,18.56,0,West,Online
10/21/2024,P010,5,17.67,0,North,Online
10/21/2024,P011,3,62.64,0,North,Online
10/21/2024,P012,4,38.88,0,North,Retail
10/21/2024,P013,3,17.62,0,North,Retail
10/21/2024,P014,3,21.5,0,East,Online
10/22/2024,P002,2,25.42,0,West,Online
10/22/2024,P003,4,51.72,0,West,Online
10/22/2024,P004,10,8.68,0,West,Retail
10/22/2024,P005,1,186.51,0,West,Retail
10/22/2024,P006,4,60.28,0,East,Online
10/22/2024,P007,1,34.75,0,West,Online
10/22/2024,P010,2,17.63,0.05,West,Online
10/22/2024,P011,4,65.63,0,East,Online
10/22/2024,P012,3,41.53,0,North,Online
10/22/2024,P013,2,17.16,0,West,Online
10/22/2024,P014,2,21.22,0,North,Online
10/22/2024,P015,6,12.22,0,East,Retail
10/23/2024,P001,6,20.2,0,East,Online
10/23/2024,P002,1,24.55,0,North,Retail
10/23/2024,P003,1,48.14,0,East,Online
10/23/2024,P004,7,9.27,0,South,Online
10/23/2024,P005,4,185.27,0,West,Retail
10/23/2024,P006,2,60.99,0,West,Retail
10/23/2024,P007,1,34.14,0,South,Retail
10/23/2024,P008,3,22.85,0,West,Online
10/23/2024,P009,2,18.82,0,South,Online
10/23/2024,P010,1,18.27,0.15,South,Online
10/23/2024,P011,3,66.38,0,South,Online
10/23/2024,P012,5,40.75,0,South,Retail
10/23/2024,P013,2,17.09,0,East,Online
10/23/2024,P014,1,21.2,0,North,Retail
10/23/2024,P015,2,12.12,0,East,Retail
10/24/2024,P002,2,25.07,0,West,Online
10/24/2024,P003,4,51.86,0.05,East,Online
10/24/2024,P004,7,8.64,0,North,Online
10/24/2024,P005,3,173.88,0,South,Online
10/24/2024,P006,4,60.26,0,North,Online
10/24/2024,P007,4,34.56,0,West,Online
10/24/2024,P008,2,23.22,0,East,Retail
10/24/2024,P009,2,18.82,0,North,Online
10/24/2024,P011,1,65.52,0,North,Retail
10/24/2024,P012,5,40.16,0,,Online
10/24/2024,P013,4,16.68,0,West,Online
10/24/2024,P014,2,21.23,0,East,Online
10/24/2024,P015,5,12.25,0,West,Retail
10/25/2024,P001,6,20.27,0,South,Online
10/25/2024,P002,1,25.02,0,West,Retail
10/25/2024,P003,2,50.82,0,East,Online
10/25/2024,P004,5,8.89,0,East,Online
10/25/2024,P005,1,176.65,0,South,Retail
10/25/2024,P007,1,35,0,East,Online
10/25/2024,P008,2,22.23,0,North,Retail
10/25/2024,P010,5,18.56,0,East,Online
10/25/2024,P011,4,67.4,0,West,Online
10/25/2024,P013,1,16.32,0,North,Retail
10/25/2024,P015,4,11.72,0,South,Online
10/26/2024,P001,5,19.37,0,South,Online
10/26/2024,P002,2,25.46,0,South,Online
10/26/2024,P003,1,49.37,0,South,Online
10/26/2024,P006,4,62.21,0,West,Retail
10/26/2024,P009,4,19.64,0.1,West,Online
10/26/2024,P011,1,65.86,0,West,Online
10/26/2024,P012,5,40.63,0,West,Retail
10/26/2024,P013,4,16.55,0,East,Online
10/26/2024,P014,3,21.19,0,West,Retail
10/26/2024,P015,9,11.71,0,North,Online
10/27/2024,P001,8,19.59,0,South,Online
10/27/2024,P002,1,25.19,0,East,Online
10/27/2024,P003,3,50.79,0,South,Retail
10/27/2024,P005,3,184.28,0,West,Online
10/27/2024,P006,4,58.98,0,West,Retail
10/27/2024,P008,5,22.65,0,West,Online
10/27/2024,P010,1,17.7,0,South,Online
10/27/2024,P011,3,65.62,0.15,South,Online
10/27/2024,P012,3,39.62,0.05,North,Retail
10/27/2024,P013,3,17.53,0,South,Online
10/27/2024,P014,1,22.19,0,South,Retail
10/27/2024,P015,4,12.01,0,North,Online
10/28/2024,P001,3,19.28,0,East,Retail
10/28/2024,P002,5,24.7,0,East,Online
10/28/2024,P003,2,48.69,0.1,South,Retail
10/28/2024,P004,8,9.3,0.15,South,Online
10/28/2024,P006,1,61.62,0.15,North,Online
10/28/2024,P008,4,22.46,0.1,North,Online
10/28/2024,P009,2,19.27,0,West,Online
10/28/2024,P010,1,18.26,0,East,Online
10/28/2024,P011,2,64.93,0.15,North,Online
10/28/2024,P012,5,40.7,0,West,Retail
10/28/2024,P013,7,16.84,0,South,Retail
10/28/2024,P014,2,22.15,0,North,Online
10/29/2024,P001,6,20.76,0,West,Online
10/29/2024,P002,4,25.62,0,South,Online
10/29/2024,P003,1,50.4,0.15,East,Retail
10/29/2024,P004,8,9.07,0,North,Online
10/29/2024,P005,1,186.05,0,North,Online
10/29/2024,P006,2,61.09,0.15,East,Retail
10/29/2024,P007,3,34.7,0,East,Online
10/29/2024,P008,3,23.56,0,West,Online
10/29/2024,P009,3,18.41,0,North,Online
10/29/2024,P010,1,18.48,0,South,Retail
10/29/2024,P011,2,65.25,0,West,Online
10/29/2024,P012,5,40.47,0,North,Retail
10/29/2024,P013,2,17.11,0,South,Retail
10/29/2024,P014,3,22.21,0.05,West,Online
10/29/2024,P015,2,11.61,0,North,Online
10/30/2024,P001,4,20.02,0,West,Online
10/30/2024,P002,1,25.97,0,West,Online
10/30/2024,P003,5,48.86,0,South,Retail
10/30/2024,P004,9,8.91,0,East,Online
10/30/2024,P005,2,177.58,0,East,Retail
10/30/2024,P006,3,62.16,0,West,Retail
10/30/2024,P007,5,35.57,0,North,Online
10/30/2024,P008,4,22.26,0.15,North,Online
10/30/2024,P009,2,19.59,0.05,North,Retail
10/30/2024,P010,1,18.52,0,North,Retail
10/30/2024,P012,2,38.93,0,West,Retail
10/30/2024,P013,4,17.11,0,North,Retail
10/30/2024,P014,1,21.89,0,West,Online
10/31/2024,P001,6,20.37,0,South,Retail
10/31/2024,P002,2,24.65,0,South,Retail
10/31/2024,P003,2,50.66,0,West,Online
10/31/2024,P004,3,8.74,0,South,Online
10/31/2024,P006,6,58.45,0,South,Online
10/31/2024,P009,5,18.89,0,West,Online
10/31/2024,P010,1,17.83,0,North,Online
10/31/2024,P011,2,66.89,0,South,Online
10/31/2024,P015,5,11.96,0,North,Retail
11/1/2024,P001,7,19.64,0,North,Retail
11/1/2024,P002,7,25.79,0.05,East,Retail
11/1/2024,P003,1,50.01,0,East,Retail
11/1/2024,P004,14,8.64,0.1,North,Online
11/1/2024,P005,4,176.94,0,West,Online
11/1/2024,P006,3,59.47,0,North,Online
11/1/2024,P007,3,35.8,0.15,South,Retail
11/1/2024,P008,5,22.59,0,,Online
11/1/2024,P010,3,17.47,0.15,South,Online
11/1/2024,P013,5,16.91,0.25,North,Online
11/1/2024,P014,5,21.6,0.1,East,Online
11/1/2024,P015,4,12.43,0,West,Online
11/2/2024,P001,9,20.62,0.25,West,Online
11/2/2024,P003,4,50.45,0,West,Online
11/2/2024,P004,15,8.72,0,East,Online
11/2/2024,P005,2,183.01,0,East,Online
11/2/2024,P006,2,59.72,0,North,Online
11/2/2024,P007,4,34.83,0,South,Retail
11/2/2024,P008,3,22.65,0,North,Online
11/2/2024,P009,-10,18.51,0,North,Online
11/2/2024,P010,2,17.31,0.1,North,Online
11/2/2024,P011,6,67.09,0,South,Retail
11/2/2024,P012,7,41.29,0.2,East,Online
11/2/2024,P014,4,22.24,0,South,Retail
11/2/2024,P015,9,12.18,0,North,Online
11/3/2024,P001,11,19.43,0,West,Retail
11/3/2024,P002,8,25.44,0,South,Retail
11/3/2024,P003,2,50.55,0.25,West,Retail
11/3/2024,P005,1,180.27,0.15,East,Retail
11/3/2024,P006,4,58.05,0.25,South,Online
11/3/2024,P008,5,23.58,0,North,Retail
11/3/2024,P009,7,19.54,0.15,North,Online
11/3/2024,P012,3,40.98,0,North,Retail
11/3/2024,P013,9,17.08,0.1,North,Retail
11/3/2024,P015,6,12.21,0,East,Online
11/4/2024,P001,6,20.47,0,East,Online
11/4/2024,P002,3,24.77,0.05,North,Retail
11/4/2024,P003,4,49.55,0,North,Retail
11/4/2024,P005,3,179.21,0,West,Online
11/4/2024,P006,4,60.63,0,North,Online
11/4/2024,P007,2,34.1,0.15,South,Online
11/4/2024,P008,6,22.43,0,North,Online
11/4/2024,P009,5,19.47,0,South,Retail
11/4/2024,P010,5,17.32,0.15,South,Retail
11/4/2024,P011,2,63.11,0.15,South,Retail
11/4/2024,P012,4,38.62,0.25,North,Retail
11/4/2024,P013,9,17.41,0,West,Online
11/4/2024,P015,9,12.46,0.1,South,Retail
11/5/2024,P001,5,19.75,0.15,West,Retail
11/5/2024,P002,4,25.9,0,South,Retail
11/5/2024,P003,7,48.98,0,East,Retail
11/5/2024,P004,14,8.74,0,South,Retail
11/5/2024,P005,2,178.08,0,South,Online
11/5/2024,P006,3,60.36,0,North,Online
11/5/2024,P007,5,35.24,0.2,West,Online
11/5/2024,P009,5,19.13,0,West,Retail
11/5/2024,P010,4,18.15,0.1,South,Retail
11/5/2024,P011,5,65.96,0.25,West,Online
11/5/2024,P013,4,17.19,0,East,Retail
11/5/2024,P014,4,21.12,0.25,South,Online
11/5/2024,P015,6,11.76,0,East,Retail
11/6/2024,P001,7,20.02,0,North,Retail
11/6/2024,P002,5,24.25,0.2,North,Retail
11/6/2024,P003,3,49.21,0.2,West,Online
11/6/2024,P006,3,61.33,0.15,South,Retail
11/6/2024,P007,3,34.24,0.25,South,Retail
11/6/2024,P008,5,22.67,0.25,West,Online
11/6/2024,P009,4,19.13,0,North,Online
11/6/2024,P010,5,18.12,0,South,Online
11/6/2024,P011,1,65.4,0.05,South,Online
11/6/2024,P012,5,38.72,0,West,Retail
11/6/2024,P013,8,17.13,0.15,East,Online
11/6/2024,P014,2,22.5,0,South,Online
11/6/2024,P015,9,11.63,0,West,Online
11/7/2024,P001,8,19.36,0,South,Retail
11/7/2024,P002,6,24.52,0,East,Online
11/7/2024,P004,9,9.03,0,South,Online
11/7/2024,P006,5,60.22,0.1,East,Retail
11/7/2024,P007,1,34.74,0.25,West,Retail
11/7/2024,P008,3,23.1,0.2,North,Retail
11/7/2024,P009,5,19.07,0,South,Retail
11/7/2024,P011,4,65.88,0.1,South,Online
11/7/2024,P012,5,39.47,0,South,Online
11/7/2024,P014,3,22.16,0,South,Retail
11/7/2024,P015,5,11.75,0,North,Retail
11/8/2024,P001,10,19.39,0,East,Retail
11/8/2024,P002,4,24.9,0,North,Online
11/8/2024,P003,6,48.66,0,South,Online
11/8/2024,P004,9,9.29,0.1,North,Online
11/8/2024,P005,4,184.48,0,North,Online
11/8/2024,P006,3,57.9,0,South,Online
11/8/2024,P009,6,19.54,0,South,Online
11/8/2024,P010,4,18.13,0,East,Online
11/8/2024,P011,5,64.33,0,East,Online
11/8/2024,P012,8,39.08,0.25,East,Retail
11/8/2024,P013,7,16.62,0.1,West,Online
11/8/2024,P014,4,22.34,0,West,Online
11/8/2024,P015,2,12.26,0,West,Retail
11/9/2024,P001,7,19.67,0,South,Online
11/9/2024,P003,7,48.55,0,South,Retail
11/9/2024,P004,22,9.14,0.05,West,Retail
11/9/2024,P005,4,175.44,0.1,North,Retail
11/9/2024,P006,7,61.65,0.15,South,Online
11/9/2024,P007,2,36.09,0,South,Retail
11/9/2024,P008,5,22.7,0,West,Online
11/9/2024,P009,6,18.48,0.15,East,Online
11/9/2024,P010,5,18.01,0,West,Online
11/9/2024,P011,4,67.2,0.1,West,Online
11/9/2024,P013,4,16.44,0,West,Online
11/9/2024,P014,2,22.72,0.25,South,Retail
11/9/2024,P015,8,11.85,0,North,Online
11/10/2024,P001,12,19.72,0,East,Retail
11/10/2024,P002,12,24.31,0.25,North,Online
11/10/2024,P005,2,186.78,0.1,East,Retail
11/10/2024,P006,10,58.52,0,North,Online
11/10/2024,P007,3,35.89,0.15,North,Retail
11/10/2024,P010,3,17.54,0,East,Online
11/10/2024,P011,8,64.56,0.2,West,Retail
11/10/2024,P012,10,40.21,0,West,Online
11/10/2024,P013,9,17.22,0.05,South,Online
11/10/2024,P014,7,22.76,0,West,Online
11/10/2024,P015,6,11.83,0,West,Retail
11/11/2024,P002,6,24.14,0,South,Online
11/11/2024,P003,5,51.25,0,West,Retail
11/11/2024,P004,8,8.88,0.15,East,Online
11/11/2024,P005,1,181.09,0.15,South,Online
11/11/2024,P006,5,61.35,0,South,Retail
11/11/2024,P008,6,22.68,0.1,East,Online
11/11/2024,P009,8,18.59,0.25,East,Online
11/11/2024,P010,7,17.38,0,West,Online
11/11/2024,P011,6,62.78,0,North,Online
11/11/2024,P012,3,38.86,0.2,West,Online
11/11/2024,P013,3,17.43,0,West,Retail
11/11/2024,P014,5,22.11,0,South,Online
11/11/2024,P015,4,12.02,0,West,Online
11/12/2024,P002,7,25.86,0.15,South,Retail
11/12/2024,P003,3,49.45,0,West,Online
11/12/2024,P004,11,9.09,0.2,South,Retail
11/12/2024,P005,2,179.82,0.25,West,Online
11/12/2024,P006,7,60.18,0,North,Retail
11/12/2024,P007,1,35.14,0.2,South,Online
11/12/2024,P009,7,18.84,0,South,Online
11/12/2024,P010,4,18.57,0,South,Retail
11/12/2024,P012,7,40.61,0,East,Online
11/12/2024,P013,6,16.45,0,North,Retail
11/12/2024,P014,5,22.59,0,East,Online
11/13/2024,P002,9,24.05,0.15,North,Retail
11/13/2024,P003,3,50.92,0.25,South,Online
11/13/2024,P004,7,9.05,0,North,Retail
11/13/2024,P005,2,182.92,0.15,North,Retail
11/13/2024,P006,4,58.81,0,South,Retail
11/13/2024,P007,2,36.19,0.25,East,Retail
11/13/2024,P009,6,18.84,0.15,North,Retail
11/13/2024,P010,6,17.81,0,North,Online
11/13/2024,P011,3,67.28,0.15,South,Retail
11/13/2024,P012,2,40.93,0.25,East,Retail
11/13/2024,P013,4,16.94,0.15,East,Online
11/13/2024,P014,8,22.54,0.25,East,Retail
11/14/2024,P002,5,24.62,0,North,Online
11/14/2024,P003,4,50.43,0,South,Online
11/14/2024,P004,18,8.9,0,North,Retail
11/14/2024,P005,1,185.16,0,West,Online
11/14/2024,P006,2,58.99,0.05,East,Online
11/14/2024,P007,2,35.97,0.2,North,Retail
11/14/2024,P008,6,22.11,0,North,Retail
11/14/2024,P009,4,18.57,0,North,Retail
11/14/2024,P010,10,17.45,0,South,Retail
11/14/2024,P011,3,64.34,0,North,Online
11/14/2024,P012,5,38.49,0,East,Online
11/14/2024,P013,3,16.99,0.15,East,Online
11/14/2024,P014,5,22.19,0,North,Retail
11/14/2024,P015,6,12.3,0.25,North,Retail
11/15/2024,P001,5,19.54,0,South,Retail
11/15/2024,P002,6,25.38,0,West,Retail
11/15/2024,P003,4,48.39,0.1,South,Online
11/15/2024,P004,9,8.75,0,North,Online
11/15/2024,P008,2,23.73,0,North,Retail
11/15/2024,P009,5,19.46,0,East,Online
11/15/2024,P010,3,18.71,0.15,South,Online
11/15/2024,P011,3,65.24,0,West,Online
11/15/2024,P012,8,38.54,0,East,Retail
11/15/2024,P013,5,16.81,0,North,Online
11/15/2024,P014,6,22.32,0,East,Online
11/15/2024,P015,6,11.94,0,West,Retail
11/16/2024,P001,9,19.29,0,South,Online
11/16/2024,P004,13,8.96,0.2,East,Online
11/16/2024,P006,7,58.22,0,West,Online
11/16/2024,P007,2,33.88,0.25,North,Retail
11/16/2024,P008,8,23.85,0,South,Online
11/16/2024,P009,3,19.5,0,North,Retail
11/16/2024,P013,9,16.67,0,East,Online
11/16/2024,P014,6,21.68,0.25,West,Online
11/16/2024,P015,12,11.73,0,North,Retail
11/17/2024,P001,9,20.7,0.25,South,Retail
11/17/2024,P003,10,51.97,0,East,Online
11/17/2024,P004,26,8.73,0.1,West,Online
11/17/2024,P005,3,181.54,0,East,Retail
11/17/2024,P006,4,61.53,0.25,South,Retail
11/17/2024,P007,2,36.36,0.1,South,Retail
11/17/2024,P008,3,22.69,0,East,Online
11/17/2024,P009,4,18.85,0,East,Retail
11/17/2024,P010,5,17.94,0,North,Online
11/17/2024,P012,6,41.08,0.15,West,Retail
11/17/2024,P013,12,17.11,0,South,Online
11/17/2024,P014,6,21.6,0,North,Online
11/17/2024,P015,9,12.21,0.1,West,Online
11/18/2024,P001,5,20.27,0.25,East,Online
11/18/2024,P003,2,50.75,0,East,Online
11/18/2024,P004,15,8.67,0,South,Online
11/18/2024,P005,2,176.01,0.1,West,Retail
11/18/2024,P007,3,35,0.1,South,Online
11/18/2024,P009,1,19.58,0,East,Retail
11/18/2024,P010,3,18.21,0.1,East,Retail
11/18/2024,P011,4,62.67,0,East,Online
11/18/2024,P012,4,41.1,0,West,Retail
11/18/2024,P013,5,16.58,0,East,Retail
11/18/2024,P014,7,21.93,0.05,North,Online
11/18/2024,P015,3,11.95,0.15,West,Online
11/19/2024,P001,7,20.29,0,South,Retail
11/19/2024,P002,8,24.03,0.1,East,Online
11/19/2024,P003,1,49.74,0,South,Retail
11/19/2024,P004,18,9.21,0,East,Online
11/19/2024,P005,1,175.63,0,North,Retail
11/19/2024,P009,5,19.31,0,South,Retail
11/19/2024,P010,1,17.7,0.1,West,Online
11/19/2024,P011,4,67.53,0,North,Online
11/19/2024,P013,6,16.72,0,North,Online
11/19/2024,P015,5,12.45,0,North,Retail
11/20/2024,P001,15,20.54,0.2,East,Retail
11/20/2024,P002,5,25.66,0.15,East,Online
11/20/2024,P004,7,9.09,0,South,Retail
11/20/2024,P005,2,176.53,0.25,North,Online
11/20/2024,P006,1,58.33,0,East,Retail
11/20/2024,P007,2,35.29,0.2,East,Retail
11/20/2024,P008,5,22.5,0.1,North,Retail
11/20/2024,P009,1,18.34,0.1,West,Online
11/20/2024,P010,8,18.22,0,South,Online
11/20/2024,P011,3,62.62,0.2,East,Retail
11/20/2024,P012,7,40.26,0.2,West,Online
11/20/2024,P013,4,17.25,0,South,Retail
11/20/2024,P014,4,22.8,0,South,Online
11/20/2024,P015,6,12.41,0,North,Online
11/21/2024,P001,10,19.83,0,South,Retail
11/21/2024,P002,5,25.32,0,West,Online
11/21/2024,P003,3,48.06,0.2,South,Online
11/21/2024,P005,2,182.25,0.25,West,Online
11/21/2024,P007,1,34.54,0,North,Retail
11/21/2024,P008,2,23.55,0.15,North,Retail
11/21/2024,P009,8,19.64,0,North,Retail
11/21/2024,P010,7,18.3,0,West,Online
11/21/2024,P012,7,40.02,0,North,Online
11/21/2024,P013,5,16.5,0,North,Retail
11/21/2024,P014,1,21.46,0.15,North,Online
11/21/2024,P015,10,11.91,0,South,Retail
11/22/2024,P001,8,20.45,0,North,Online
11/22/2024,P002,6,24.42,0,South,Retail
11/22/2024,P003,5,48.21,0,South,Online
11/22/2024,P004,10,8.79,0,East,Online
11/22/2024,P006,4,61.24,0.25,West,Retail
11/22/2024,P007,7,34.9,0,South,Online
11/22/2024,P009,6,18.9,0,West,Online
11/22/2024,P010,3,17.29,0,North,Online
11/22/2024,P011,6,66.97,0.15,East,Online
11/22/2024,P012,4,40.24,0.1,West,Online
11/22/2024,P013,8,16.42,0,South,Online
11/22/2024,P014,8,22.68,0.1,North,Online
11/22/2024,P015,8,11.96,0,North,Online
11/23/2024,P001,10,19.27,0,West,Online
11/23/2024,P002,6,24.5,0.15,East,Retail
11/23/2024,P003,2,49.29,0,West,Retail
11/23/2024,P004,21,8.88,0.1,East,Online
11/23/2024,P005,2,182.18,0.1,West,Online
11/23/2024,P006,7,58.31,0,North,Retail
11/23/2024,P007,4,33.82,0,South,Online
11/23/2024,P008,5,22.88,0.05,West,Retail
11/23/2024,P009,4,18.33,0.15,East,Retail
11/23/2024,P010,2,17.6,0.15,South,Online
11/23/2024,P011,7,64.54,0,South,Retail
11/23/2024,P013,10,17.23,0.1,West,Online
11/23/2024,P014,7,21.72,0.15,West,Online
11/24/2024,P001,9,19.48,0.2,North,Online
11/24/2024,P002,5,25.43,0,South,Online
11/24/2024,P003,5,50.47,0.15,South,Online
11/24/2024,P004,13,9.23,0.25,South,Retail
11/24/2024,P006,4,59.46,0.15,East,Retail
11/24/2024,P007,1,35.13,0.25,East,Online
11/24/2024,P008,6,23.54,0.1,East,Online
11/24/2024,P009,13,19.07,0,West,Retail
11/24/2024,P010,7,18.06,0.1,East,Retail
11/24/2024,P013,7,17.28,0.25,West,Online
11/24/2024,P014,4,22.65,0.25,East,Online
11/24/2024,P015,6,12.08,0,West,Retail
11/25/2024,P001,7,20.43,0.15,East,Online
11/25/2024,P002,4,25.01,0,South,Online
11/25/2024,P003,6,50.14,0,North,Online
11/25/2024,P004,9,9.19,0.1,South,Online
11/25/2024,P006,6,59.75,0,East,Retail
11/25/2024,P007,2,35.5,0,South,Retail
11/25/2024,P008,3,23.83,0,North,Online
11/25/2024,P009,4,18.71,0,South,Retail
11/25/2024,P010,3,17.41,0.05,North,Retail
11/25/2024,P012,3,41.11,0,East,Online
11/25/2024,P013,3,17.66,0.1,West,Online
11/25/2024,P014,3,21.63,0,North,Online
11/25/2024,P015,7,12.02,0,North,Online
11/26/2024,P001,7,19.66,0.2,West,Retail
11/26/2024,P002,8,24.57,0.15,South,Online
11/26/2024,P004,12,8.72,0,South,Online
11/26/2024,P005,1,178.9,0,East,Online
11/26/2024,P006,9,57.69,0,South,Online
11/26/2024,P007,4,36.34,0.25,South,Retail
11/26/2024,P008,8,22.57,0.1,West,Online
11/26/2024,P009,11,19.43,0.15,South,Retail
11/26/2024,P010,4,18.1,0,North,Retail
11/26/2024,P011,2,66.01,0,North,Online
11/26/2024,P012,8,41.4,0,East,Online
11/26/2024,P013,9,17.59,0.1,South,Online
11/26/2024,P014,4,21.77,0,South,Online
11/26/2024,P015,7,12.38,0.15,South,Retail
11/27/2024,P001,12,19.41,0,North,Online
11/27/2024,P002,6,25.21,0.1,West,Retail
11/27/2024,P003,6,48.91,0,South,Online
11/27/2024,P004,20,9.26,0,East,Online
11/27/2024,P005,1,183.05,0.2,South,Retail
11/27/2024,P006,2,61.33,0.15,North,Retail
11/27/2024,P007,1,34.6,0,West,Retail
11/27/2024,P008,1,23.72,0,North,Online
11/27/2024,P009,4,18.96,0,West,Online
11/27/2024,P010,2,17.37,0,North,Online
11/27/2024,P011,4,65.03,0,West,Online
11/27/2024,P012,6,40.46,0,East,Online
11/27/2024,P013,4,16.45,0.1,West,Online
11/27/2024,P015,5,12.12,0,East,Online
11/28/2024,P001,5,20.09,0,South,Online
11/28/2024,P002,5,25.53,0.2,West,Online
11/28/2024,P003,5,50.19,0.1,East,Online
11/28/2024,P004,14,9.19,0.15,South,Online
11/28/2024,P006,3,59.68,0.25,West,Retail
11/28/2024,P007,2,33.79,0.1,West,Retail
11/28/2024,P008,1,22.81,0.15,East,Online
11/28/2024,P010,9,17.9,0.15,East,Online
11/28/2024,P011,6,66.91,0,East,Online
11/28/2024,P012,2,39.87,0,East,Online
11/28/2024,P013,4,17.33,0,South,Retail
11/28/2024,P014,4,22.44,0.15,South,Online
11/28/2024,P015,6,11.75,0,South,Online
11/29/2024,P001,8,20.61,0,West,Online
11/29/2024,P002,2,25.24,0.1,East,Online
11/29/2024,P003,2,51.58,0,South,Online
11/29/2024,P005,3,173.39,0,North,Online
11/29/2024,P006,3,59.69,0,North,Retail
11/29/2024,P007,1,36.22,0.25,North,Online
11/29/2024,P008,1,23.02,0,North,Online
11/29/2024,P011,5,64.86,0.25,South,Online
11/29/2024,P012,4,38.69,0.1,South,Online
11/29/2024,P013,5,16.86,0,East,Online
11/29/2024,P014,4,22.45,0,North,Retail
11/29/2024,P015,6,12.38,0,North,Retail
11/30/2024,P001,8,19.37,0.15,North,Retail
11/30/2024,P003,11,51.84,0,South,Online
11/30/2024,P004,20,8.83,0,South,Online
11/30/2024,P005,2,177.86,0,North,Retail
11/30/2024,P006,4,60.76,0,North,Online
11/30/2024,P007,8,34.36,0,South,Online
11/30/2024,P008,4,23.05,0,North,Retail
11/30/2024,P010,9,18.16,0,West,Online
11/30/2024,P011,3,65.38,0.1,North,Online
11/30/2024,P013,6,16.87,0.05,West,Retail
11/30/2024,P014,4,22.8,0,South,Retail
12/1/2024,P001,12,20.06,0.2,East,Online
12/1/2024,P002,11,24.16,0,West,Retail
12/1/2024,P003,4,49.29,0.2,North,Online
12/1/2024,P004,20,8.87,0.1,West,Online
12/1/2024,P005,4,174.4,0,North,Online
12/1/2024,P006,6,59.31,0,East,Online
12/1/2024,P007,3,34.33,0.1,South,Online
12/1/2024,P008,4,22.51,0.1,West,Retail
12/1/2024,P010,5,18.49,0,South,Retail
12/1/2024,P012,6,39,0,West,Retail
12/1/2024,P013,4,17.58,0.25,North,Retail
12/1/2024,P014,6,21.82,0,West,Online
12/1/2024,P015,12,12.35,0.2,West,Online
12/2/2024,P001,9,20.2,0.25,West,Online
12/2/2024,P003,8,49.3,0,East,Online
12/2/2024,P004,11,9.32,0,West,Online
12/2/2024,P005,2,173.82,0.1,East,Retail
12/2/2024,P006,2,61.88,0,South,Online
12/2/2024,P007,1,35.13,0.1,West,Online
12/2/2024,P008,5,22.09,0.25,North,Online
12/2/2024,P010,2,18.11,0,West,Online
12/2/2024,P011,5,64.66,0,North,Retail
12/2/2024,P012,5,38.76,0,South,Online
12/2/2024,P013,4,16.48,0,East,Retail
12/2/2024,P014,2,22.08,0.25,South,Online
12/3/2024,P001,8,20.05,0.2,East,Online
12/3/2024,P002,8,24.05,0.1,North,Retail
12/3/2024,P004,14,9.13,0.2,West,Retail
12/3/2024,P005,4,178.01,0.2,East,Online
12/3/2024,P007,1,35.03,0,East,Online
12/3/2024,P008,8,22.29,0,South,Online
12/3/2024,P009,4,18.96,0,South,Online
12/3/2024,P012,4,41.2,0,West,Online
12/3/2024,P014,3,21.99,0.15,South,Retail
12/3/2024,P015,4,12.17,0.2,North,Online
12/4/2024,P001,7,19.22,0.25,West,Retail
12/4/2024,P002,3,24.43,0,North,Online
12/4/2024,P004,14,9.05,0,North,Retail
12/4/2024,P007,1,35.92,0,East,Online
12/4/2024,P008,5,22.79,0.1,West,Retail
12/4/2024,P009,7,19.4,0.1,West,Retail
12/4/2024,P010,6,18.5,0.2,North,Retail
12/4/2024,P011,2,62.74,0.1,North,Retail
12/4/2024,P012,9,39.42,0.25,East,Online
12/4/2024,P013,8,17.17,0,South,Retail
12/4/2024,P014,3,21.76,0,West,Online
12/4/2024,P015,9,11.77,0,North,Online
12/5/2024,P001,10,20.15,0,South,Online
12/5/2024,P002,8,24.98,0,East,Online
12/5/2024,P003,6,49.75,0,North,Retail
12/5/2024,P004,10,8.64,0,North,Retail
12/5/2024,P005,2,181.9,0,North,Online
12/5/2024,P006,-6,61.42,0,West,Retail
12/5/2024,P008,8,22.25,0.25,East,Online
12/5/2024,P009,5,19.22,0,East,Online
12/5/2024,P010,5,18.05,0,East,Retail
12/5/2024,P011,4,64.66,0.25,South,Online
12/5/2024,P012,3,39.66,0,South,Online
12/5/2024,P013,3,17.62,0,South,Retail
12/5/2024,P014,6,22.18,0,West,Retail
12/5/2024,P015,5,12.03,0,West,Online
12/6/2024,P002,7,25.71,0,South,Retail
12/6/2024,P003,3,48.84,0.1,East,Online
12/6/2024,P004,14,9.18,0,East,Online
12/6/2024,P005,1,175.91,0,South,Online
12/6/2024,P007,5,36.05,0,West,Online
12/6/2024,P009,3,18.58,0.2,West,Retail
12/6/2024,P011,7,65.41,0,West,Online
12/6/2024,P013,1,17.02,0,East,Online
12/6/2024,P015,8,12.38,0.1,South,Retail
12/7/2024,P001,10,19.31,0.25,East,Online
12/7/2024,P004,16,8.73,0.15,North,Online
12/7/2024,P005,3,187.15,0,South,Retail
12/7/2024,P006,7,60.16,0,North,Retail
12/7/2024,P008,1,22.95,0,East,Retail
12/7/2024,P009,10,19.28,0.25,West,Online
12/7/2024,P010,9,18.33,0,West,Retail
12/7/2024,P011,2,66.45,0.15,South,Retail
12/7/2024,P012,2,39.13,0,West,Retail
12/7/2024,P013,6,16.86,0.1,North,Online
12/7/2024,P014,7,21.34,0,West,Online
12/7/2024,P015,12,11.86,0,North,Online
12/8/2024,P001,11,20.02,0,South,Retail
12/8/2024,P002,2,25.9,0.15,North,Online
12/8/2024,P003,4,50.85,0,East,Retail
12/8/2024,P004,19,9.02,0,North,Online
12/8/2024,P005,3,173.74,0,South,Retail
12/8/2024,P007,7,34.34,0,East,Online
12/8/2024,P008,7,22.27,0,East,Online
12/8/2024,P009,11,19.42,0,North,Retail
12/8/2024,P010,6,17.3,0,East,Retail
12/8/2024,P011,5,63.67,0.15,South,Retail
12/8/2024,P012,8,40.26,0,West,Retail
12/8/2024,P013,12,17.33,0,East,Online
12/8/2024,P014,7,21.81,0.2,East,Retail
12/9/2024,P001,10,19.95,0.15,North,Retail
12/9/2024,P002,4,25.25,0,West,Online
12/9/2024,P003,4,48.62,0,West,Online
12/9/2024,P004,18,8.65,0,West,Retail
12/9/2024,P007,5,35.48,0,South,Online
12/9/2024,P011,1,65.49,0.1,North,Retail
12/9/2024,P012,4,39.51,0,West,Retail
12/9/2024,P014,5,21.57,0.25,East,Online
12/9/2024,P015,4,12.28,0.25,East,Retail
12/10/2024,P001,10,19.33,0.25,South,Online
12/10/2024,P002,8,25.15,0,East,Online
12/10/2024,P003,3,51.86,0,South,Retail
12/10/2024,P004,15,9.26,0,East,Online
12/10/2024,P005,4,177.15,0.2,West,Online
12/10/2024,P006,12,61.24,1.35,South,Online
12/10/2024,P007,3,33.96,0.1,West,Online
12/10/2024,P008,4,22.9,0,West,Retail
12/10/2024,P009,4,18.9,0,North,Online
12/10/2024,P010,2,18.68,0,South,Retail
12/10/2024,P011,2,64.92,0.2,West,Retail
12/10/2024,P012,6,39,0,West,Online
12/10/2024,P013,7,16.46,0.15,South,Retail
12/10/2024,P014,4,22.59,0.25,West,Online
12/10/2024,P015,6,11.8,0.25,West,Online
12/11/2024,P001,8,19.81,0.15,South,Online
12/11/2024,P003,3,50.46,0.15,North,Online
12/11/2024,P004,12,9.06,0,South,Online
12/11/2024,P005,4,179.52,0.1,North,Online
12/11/2024,P006,3,60.66,0.15,East,Online
12/11/2024,P007,3,34.39,0.1,West,Retail
12/11/2024,P009,5,19.36,0,West,Retail
12/11/2024,P010,1,17.35,0.25,East,Retail
12/11/2024,P011,5,67.22,0.2,North,Online
12/11/2024,P012,3,39.92,0,East,Retail
12/11/2024,P014,6,22.08,0.1,East,Retail
12/11/2024,P015,3,12.02,0,West,Online
12/12/2024,P001,7,20.68,0,North,Online
12/12/2024,P002,4,24.61,0.25,South,Online
12/12/2024,P003,-6,51.74,0.1,North,Retail
12/12/2024,P005,3,182.33,0.15,South,Online
12/12/2024,P006,2,59.58,0.15,South,Retail
12/12/2024,P007,3,34.44,0,South,Retail
12/12/2024,P008,5,23.63,0,West,Retail
12/12/2024,P010,11,18.46,0.1,North,Online
12/12/2024,P011,3,63.95,0,North,Online
12/12/2024,P012,9,41.11,0.25,West,Retail
12/12/2024,P014,6,22.23,0.25,East,Online
12/12/2024,P015,5,11.9,0,West,Retail
12/13/2024,P001,5,20.46,0.05,West,Online
12/13/2024,P002,4,25.56,0,South,Online
12/13/2024,P003,2,50.7,0,East,Retail
12/13/2024,P004,12,8.77,0.15,East,Online
12/13/2024,P005,6,184.65,0.2,North,Online
12/13/2024,P006,2,61.85,0,West,Online
12/13/2024,P008,4,22.84,0.15,North,Retail
12/13/2024,P009,3,19.48,0,East,Retail
12/13/2024,P010,5,18.12,0,North,Online
12/13/2024,P011,2,66.04,0,West,Online
12/13/2024,P012,6,39.92,0.2,East,Online
12/13/2024,P013,5,17.39,0,West,Online
12/13/2024,P014,4,21.25,0,South,Retail
12/13/2024,P015,10,11.58,0,North,Online
12/14/2024,P001,7,20.51,0,East,Online
12/14/2024,P002,3,25.66,0,North,Online
12/14/2024,P003,4,51.75,0,East,Online
12/14/2024,P006,5,59.2,0,North,Retail
12/14/2024,P007,2,34.51,0,South,Online
12/14/2024,P009,9,18.54,0.1,West,Retail
12/14/2024,P010,1,18.25,0,East,Retail
12/14/2024,P011,9,65.5,0.2,East,Retail
12/14/2024,P012,8,40.69,0,West,Online
12/14/2024,P013,6,16.87,0,North,Retail
12/14/2024,P015,12,11.59,0,East,Retail
12/15/2024,P001,14,19.65,0,East,Online
12/15/2024,P002,8,25.93,0.05,North,Online
12/15/2024,P003,11,48.04,0,East,Online
12/15/2024,P004,15,8.99,0.1,East,Online
12/15/2024,P005,7,176.69,0,West,Online
12/15/2024,P006,6,58.79,0.25,North,Online
12/15/2024,P007,1,36.28,0.1,South,Online
12/15/2024,P008,7,23.35,0,East,Online
12/15/2024,P009,8,18.68,0.1,South,Online
12/15/2024,P010,4,18.27,0.2,East,Retail
12/15/2024,P011,3,65.85,0.1,East,Retail
12/15/2024,P012,5,39.95,0,East,Retail
12/15/2024,P013,9,16.48,0,East,Retail
12/15/2024,P014,6,21.31,0.2,North,Online
12/15/2024,P015,12,11.77,0,North,Retail
12/16/2024,P001,5,19.58,0.25,North,Retail
12/16/2024,P002,6,25.76,0.1,South,Retail
12/16/2024,P003,8,50.21,0.15,North,Online
12/16/2024,P004,10,9.01,0,West,Online
12/16/2024,P004,10,9.01,0,West,Online
12/16/2024,P005,2,173.11,0.15,East,Online
12/16/2024,P007,2,34.53,0,South,Online
12/16/2024,P008,4,23.53,0.25,North,Retail
12/16/2024,P009,4,18.26,0.25,North,Online
12/16/2024,P010,7,17.85,0.15,West,Online
12/16/2024,P011,2,64.71,0,West,Retail
12/16/2024,P012,8,40.85,0.1,East,Online
12/16/2024,P013,8,16.32,0,South,Online
12/16/2024,P014,2,22.71,0,North,Online
12/16/2024,P015,4,11.88,0.2,North,Retail
12/17/2024,P001,11,20.53,0,North,Retail
12/17/2024,P003,6,50.23,0.25,South,Online
12/17/2024,P004,11,9.06,0.25,North,Retail
12/17/2024,P005,1,184.72,0,South,Online
12/17/2024,P006,1,62.12,0,West,Online
12/17/2024,P007,2,36.04,0,South,Online
12/17/2024,P008,7,23.39,0,East,Online
12/17/2024,P009,5,19.15,0.15,South,Online
12/17/2024,P010,4,18.46,0,North,Online
12/17/2024,P011,2,62.83,0,West,Retail
12/17/2024,P012,7,39.4,0,East,Retail
12/18/2024,P001,7,20.41,0,North,Online
12/18/2024,P003,1,50.11,0,East,Retail
12/18/2024,P005,1,173.31,0,West,Online
12/18/2024,P006,5,60.58,0,South,Online
12/18/2024,P008,5,23.17,0,East,Online
12/18/2024,P009,3,19.52,0,South,Online
12/18/2024,P010,3,18.13,0.2,North,Online
12/18/2024,P011,4,63.54,0.1,North,Retail
12/18/2024,P013,10,17.08,0,South,Retail
12/18/2024,P014,3,22.46,0,East,Retail
12/18/2024,P015,3,12.28,0.2,East,Online
12/19/2024,P002,6,24.49,0,East,Online
12/19/2024,P004,12,8.69,0.25,West,Online
12/19/2024,P005,2,177.52,0,North,Online
12/19/2024,P007,1,35.5,0.2,North,Retail
12/19/2024,P008,4,22.49,0.15,East,Retail
12/19/2024,P010,3,18.15,0,East,Online
12/19/2024,P012,3,40.2,0.15,South,Retail
12/19/2024,P013,6,16.7,0.25,West,Online
12/19/2024,P014,4,22.3,0,South,Retail
12/19/2024,P015,7,11.6,0,West,Retail
12/20/2024,P001,10,20.75,0.1,West,Retail
12/20/2024,P002,3,25.5,0.1,East,Online
12/20/2024,P003,3,48.31,0,West,Retail
12/20/2024,P004,11,9.13,0.25,West,Online
12/20/2024,P005,3,186.48,0,South,Online
12/20/2024,P006,4,59.37,0.25,South,Online
12/20/2024,P007,1,35.34,0,East,Online
12/20/2024,P008,2,23.17,0.25,West,Online
12/20/2024,P010,1,18.44,0.25,,Retail
12/20/2024,P011,5,66.46,0,South,Online
12/20/2024,P012,9,38.55,0.15,North,Online
12/20/2024,P013,8,16.7,0,North,Retail
12/20/2024,P014,6,22.74,0.2,West,Online
12/20/2024,P015,7,11.91,0,North,Online
12/21/2024,P001,14,20.71,0,East,Retail
12/21/2024,P002,10,25.62,0,East,Online
12/21/2024,P003,8,51.78,0,West,Online
12/21/2024,P004,25,9.23,0,East,Retail
12/21/2024,P006,4,59.83,0.2,West,Retail
12/21/2024,P007,1,35,0.1,West,Retail
12/21/2024,P009,6,19.4,0,East,Retail
12/21/2024,P010,7,18.03,0.25,East,Online
12/21/2024,P011,5,62.91,0,South,Online
12/21/2024,P014,5,22.31,0.1,North,Online
12/21/2024,P015,9,11.74,0.1,South,Retail
12/22/2024,P001,15,19.57,0,West,Online
12/22/2024,P002,5,25.45,0.25,South,Online
12/22/2024,P003,4,48.53,0,South,Retail
12/22/2024,P004,14,8.85,0,South,Retail
12/22/2024,P005,3,177.5,0.15,South,Online
12/22/2024,P006,5,61.61,0.15,West,Online
12/22/2024,P007,4,33.68,0,North,Online
12/22/2024,P008,8,23.2,0.2,West,Retail
12/22/2024,P009,4,19.46,0,North,Online
12/22/2024,P010,7,17.51,0.25,South,Online
12/22/2024,P011,7,64.38,0,North,Online
12/22/2024,P012,3,41.38,0,East,Retail
12/22/2024,P014,2,22.2,0,West,Online
12/22/2024,P015,12,11.66,0.2,North,Retail
12/23/2024,P001,8,20.58,0.2,West,Retail
12/23/2024,P002,6,24.66,0,South,Retail
12/23/2024,P003,4,50.82,0,East,Retail
12/23/2024,P004,15,9.31,0,West,Retail
12/23/2024,P005,1,183.25,0.2,West,Online
12/23/2024,P006,1,59.51,0.1,South,Retail
12/23/2024,P007,5,34.14,0,East,Online
12/23/2024,P008,3,23.2,0,East,Online
12/23/2024,P009,4,19.48,0.25,South,Online
12/23/2024,P010,3,17.41,0,South,Online
12/23/2024,P011,4,63.88,0,South,Online
12/23/2024,P012,2,41.49,0.1,South,Retail
12/23/2024,P014,3,22.77,0,North,Online
12/23/2024,P015,9,11.74,0,East,Online
12/24/2024,P001,6,19.63,0,South,Retail
12/24/2024,P002,1,24.62,0,West,Retail
12/24/2024,P003,7,50.51,0.25,North,Online
12/24/2024,P005,1,181.79,0.25,East,Retail
12/24/2024,P006,6,57.73,0,East,Retail
12/24/2024,P007,4,36.02,0,South,Online
12/24/2024,P008,7,23.25,0.25,East,Online
12/24/2024,P009,6,19,0.15,East,Online
12/24/2024,P011,5,62.93,0.15,East,Online
12/24/2024,P012,6,39.04,0.05,North,Online
12/24/2024,P013,7,16.72,0.15,East,Online
12/24/2024,P014,1,22.32,0,North,Retail
12/24/2024,P015,8,12.43,0,East,Online
12/25/2024,P001,10,19.9,0,North,Online
12/25/2024,P003,2,50.9,0,East,Online
12/25/2024,P004,18,9.13,0,West,Retail
12/25/2024,P005,1,181.7,0,South,Retail
12/25/2024,P006,6,58.12,0,East,Retail
12/25/2024,P007,3,35.27,0.25,East,Retail
12/25/2024,P008,4,23.47,0,South,Retail
12/25/2024,P010,6,17.78,0.15,South,Retail
12/25/2024,P011,1,66.32,0,South,Online
12/25/2024,P012,4,40.82,0,North,Retail
12/25/2024,P014,1,22.47,0,North,Retail
12/25/2024,P015,9,11.87,0.25,East,Retail
12/26/2024,P001,7,20.41,0.1,South,Online
12/26/2024,P002,6,24.15,0,East,Online
12/26/2024,P003,4,51.13,0,North,Retail
12/26/2024,P004,11,9.32,0.05,East,Online
12/26/2024,P005,2,184.12,0,North,Online
12/26/2024,P006,4,57.68,0.2,West,Online
12/26/2024,P007,4,36.18,0,North,Online
12/26/2024,P008,7,22.61,0,East,Online
12/26/2024,P009,8,18.45,0,West,Online
12/26/2024,P010,5,17.52,0,East,Online
12/26/2024,P011,2,66.95,0,North,Retail
12/26/2024,P013,7,17.52,0,North,Online
12/26/2024,P014,3,21.27,0,West,Retail
12/26/2024,P015,9,12.11,0.15,East,Retail
12/27/2024,P001,10,19.83,0,West,Retail
12/27/2024,P004,9,9.28,0,South,Online
12/27/2024,P006,3,57.69,0.1,West,Retail
12/27/2024,P007,2,34.17,0.1,West,Online
12/27/2024,P008,3,22.86,0.1,West,Online
12/27/2024,P009,4,18.69,0,North,Online
12/27/2024,P010,7,17.79,0,West,Online
12/27/2024,P012,2,39.69,0.2,South,Online
12/27/2024,P013,4,16.82,0,North,Online
12/27/2024,P014,5,22.59,0,East,Retail
12/27/2024,P015,12,11.6,0,East,Online
12/28/2024,P002,6,24.87,0,East,Online
12/28/2024,P003,7,50.68,0.25,West,Online
12/28/2024,P005,3,172.84,0.1,South,Retail
12/28/2024,P006,4,60.24,0,West,Retail
12/28/2024,P007,3,35.64,0,South,Retail
12/28/2024,P009,6,19.12,0.05,North,Online
12/28/2024,P011,2,64.55,0,North,Online
12/28/2024,P013,7,16.42,0.25,West,Online
12/28/2024,P014,10,21.25,0.1,West,Online
12/28/2024,P015,17,11.76,0,North,Online
12/29/2024,P001,12,20.13,0,West,Online
12/29/2024,P002,10,25.39,0.25,North,Online
12/29/2024,P003,4,48.34,0,South,Online
12/29/2024,P004,15,9.14,0.2,East,Online
12/29/2024,P005,3,176.32,0.05,West,Online
12/29/2024,P006,3,58.11,0,North,Retail
12/29/2024,P007,2,35.46,0,North,Retail
12/29/2024,P008,7,22.33,0.1,East,Online
12/29/2024,P009,7,19.17,0.15,South,Retail
12/29/2024,P010,10,18.57,0.2,East,Online
12/29/2024,P011,2,65.82,0.1,West,Retail
12/29/2024,P014,7,21.86,0.1,South,Retail
12/29/2024,P015,14,11.63,0.15,North,Online
12/30/2024,P001,9,19.64,0,East,Online
12/30/2024,P002,3,24.95,0.2,East,Retail
12/30/2024,P003,1,51.64,0,West,Online
12/30/2024,P004,17,9.16,0,West,Retail
12/30/2024,P005,2,183.17,0,South,Retail
12/30/2024,P006,2,58.89,0,East,Online
12/30/2024,P009,7,18.76,0,South,Retail
12/30/2024,P010,3,17.4,0,South,Online
12/30/2024,P011,1,66.5,0.1,West,Online
12/30/2024,P012,7,40.71,0,West,Online
12/30/2024,P014,3,22.34,0.1,South,Retail
12/30/2024,P015,7,12.1,0,South,Online
12/31/2024,P001,5,20.22,0,West,Online
12/31/2024,P002,2,24.68,0.1,East,Retail
12/31/2024,P003,4,50.62,0,North,Retail
12/31/2024,P004,5,9.03,0.25,South,Retail
12/31/2024,P005,3,186.04,0.1,East,Retail
12/31/2024,P006,4,60.75,0.2,East,Online
12/31/2024,P009,4,19.63,0.1,West,Online
12/31/2024,P010,3,17.88,0,South,Retail
12/31/2024,P011,3,64.04,0.2,East,Online
12/31/2024,P012,3,39.7,0.15,North,Online
12/31/2024,P013,1,17.1,0,North,Retail
12/31/2024,P014,5,21.92,0.15,East,Retail
12/31/2024,P015,7,11.56,0,South,Online
1/1/2025,P001,1,19.68,0,South,Retail
1/1/2025,P002,2,24.78,0,East,Online
1/1/2025,P003,2,51.04,0,West,Retail
1/1/2025,P004,8,8.67,0,West,Online
1/1/2025,P005,3,177.11,0.1,East,Retail
1/1/2025,P006,2,61.05,0.15,South,Online
1/1/2025,P010,4,18.27,0,West,Retail
1/1/2025,P011,2,65.06,0.15,South,Retail
1/1/2025,P012,2,39.47,0,East,Retail
1/1/2025,P013,3,17.39,0,South,Online
1/1/2025,P015,2,12.18,0,East,Online
1/2/2025,P001,3,19.61,0,South,Online
1/2/2025,P003,1,51,0,North,Retail
1/2/2025,P004,8,8.97,0.1,North,Online
1/2/2025,P008,2,22.66,0.05,East,Retail
1/2/2025,P009,2,19.13,0,West,Online
1/2/2025,P010,1,17.94,0,North,Retail
1/2/2025,P011,1,64.27,0,,Retail
1/2/2025,P012,6,39.18,0,North,Online
1/2/2025,P012,6,39.18,0,North,Online
1/2/2025,P013,2,17.23,0,North,Online
1/2/2025,P014,2,21.29,0,North,Online
1/2/2025,P015,2,11.73,0,North,Online
1/3/2025,P001,2,19.59,0.1,North,Online
1/3/2025,P002,2,24.66,0,South,Retail
1/3/2025,P004,9,8.85,0,North,Retail
1/3/2025,P007,3,33.71,0,South,Retail
1/3/2025,P008,6,22.5,0,South,Online
1/3/2025,P009,2,18.46,0.1,South,Online
1/3/2025,P010,3,18.65,0,East,Online
1/3/2025,P011,1,63.47,0,East,Online
1/3/2025,P013,5,17.4,0,East,Online
1/3/2025,P014,3,22.42,0,South,Retail
1/3/2025,P015,2,11.76,0,North,Retail
1/4/2025,P001,10,19.71,0.15,East,Online
1/4/2025,P002,2,25.67,0,North,Online
1/4/2025,P003,1,51.05,0,East,Retail
1/4/2025,P005,1,174.47,0,East,Online
1/4/2025,P006,4,57.98,0,East,Retail
1/4/2025,P008,4,23.9,0,North,Retail
1/4/2025,P010,2,18.35,0,,Online
1/4/2025,P011,3,66.46,0,West,Online
1/4/2025,P012,4,39.07,0,South,Online
1/4/2025,P013,4,16.86,0.1,South,Retail
1/4/2025,P013,4,16.86,0.1,South,Retail
1/4/2025,P014,2,22.26,0,North,Online
1/4/2025,P015,3,12.44,0,East,Retail
1/5/2025,P001,2,19.87,0.05,West,Retail
1/5/2025,P003,5,51.31,0,East,Retail
1/5/2025,P004,11,8.65,0,West,Online
1/5/2025,P005,2,179.84,0,East,Retail
1/5/2025,P006,1,58.35,0,North,Online
1/5/2025,P007,2,33.68,0,South,Online
1/5/2025,P008,3,22.83,0,West,Retail
1/5/2025,P009,3,19.35,0.05,South,Retail
1/5/2025,P011,3,65.28,0,South,Retail
1/5/2025,P012,4,39.53,0,South,Retail
1/5/2025,P013,5,17.61,0,North,Retail
1/5/2025,P015,4,11.93,0,South,Retail
1/6/2025,P001,5,19.62,0,North,Online
1/6/2025,P002,2,24.53,0.15,North,Online
1/6/2025,P003,1,51.82,0,South,Retail
1/6/2025,P004,9,8.82,0,South,Retail
1/6/2025,P005,1,182.51,0,South,Online
1/6/2025,P006,3,59.14,0,North,Online
1/6/2025,P007,4,35.11,0,South,Retail
1/6/2025,P008,2,22.14,0,South,Retail
1/6/2025,P009,3,18.6,0,East,Online
1/6/2025,P010,1,17.79,0,South,Retail
1/6/2025,P011,3,65.32,0,North,Retail
1/6/2025,P012,1,40.77,0.15,West,Retail
1/6/2025,P013,1,17.6,0,North,Retail
1/6/2025,P014,4,21.45,0,East,Online
1/6/2025,P015,3,12.12,0,North,Retail
1/7/2025,P001,5,19.2,0,North,Online
1/7/2025,P002,1,24.46,0,South,Online
1/7/2025,P003,2,48.64,0,South,Retail
1/7/2025,P004,5,8.78,0,East,Online
1/7/2025,P006,3,61.2,0,West,Retail
1/7/2025,P007,1,36.28,0,North,Retail
1/7/2025,P008,2,23.66,0,West,Retail
1/7/2025,P009,1,19.72,0.1,East,Online
1/7/2025,P010,4,17.48,0,North,Retail
1/7/2025,P011,1,63.12,0,South,Retail
1/7/2025,P013,5,17.5,0,South,Online
1/7/2025,P015,5,12.44,0,North,Retail
1/8/2025,P001,3,20.77,0,North,Online
1/8/2025,P005,2,179.29,0,South,Online
1/8/2025,P006,3,58.56,0,East,Online
1/8/2025,P007,4,35.33,0,North,Retail
1/8/2025,P008,2,22.96,0,West,Online
1/8/2025,P009,4,18.36,0,West,Online
1/8/2025,P013,5,16.67,0,South,Retail
1/8/2025,P014,2,22.15,0,South,Online
1/8/2025,P015,3,11.81,0,East,Online
1/9/2025,P002,3,24.55,0,West,Online
1/9/2025,P004,6,8.82,0,West,Retail
1/9/2025,P005,2,174.63,0,South,Online
1/9/2025,P008,4,22.6,0,East,Online
1/9/2025,P009,3,19.37,0,West,Retail
1/9/2025,P010,2,17.98,0,West,Retail
1/9/2025,P012,2,40.11,0,East,Online
1/9/2025,P013,5,17.39,0,South,Retail
1/9/2025,P014,2,21.73,0,North,Online
1/9/2025,P015,5,11.59,0,South,Retail
1/10/2025,P001,3,20.1,0,North,Online
1/10/2025,P002,1,24.76,0,South,Retail
1/10/2025,P003,2,49.1,0,North,Retail
1/10/2025,P004,12,8.67,0,East,Online
1/10/2025,P006,2,61.72,0,South,Retail
1/10/2025,P007,1,33.91,0,South,Retail
1/10/2025,P009,5,19.24,0,East,Retail
1/10/2025,P010,1,18.5,0.15,West,Online
1/10/2025,P011,2,65.6,0,West,Online
1/10/2025,P012,1,38.42,0,South,Online
1/10/2025,P013,2,17.49,0,West,Online
1/10/2025,P014,2,22.54,0,West,Online
1/10/2025,P015,5,11.69,0,North,Online
1/11/2025,P001,4,19.23,0,East,Online
1/11/2025,P002,3,25.88,0,South,Online
1/11/2025,P003,3,49.83,0.05,South,Retail
1/11/2025,P004,8,8.73,0,West,Retail
1/11/2025,P005,2,179.88,0.15,South,Retail
1/11/2025,P006,1,57.95,0,West,Retail
1/11/2025,P008,2,22.2,0,South,Online
1/11/2025,P010,3,17.48,0,East,Online
1/11/2025,P012,2,40.79,0,North,Online
1/11/2025,P013,2,16.55,0,East,Online
1/11/2025,P014,2,21.56,0,North,Retail
1/11/2025,P015,1,12.23,0,West,Retail
1/12/2025,P001,7,19.98,0,West,Online
1/12/2025,P003,4,51.6,0,East,Retail
1/12/2025,P004,10,8.68,0,East,Retail
1/12/2025,P005,2,184.12,0.15,East,Online
1/12/2025,P008,6,22.23,0,East,Retail
1/12/2025,P010,4,18.25,0,North,Retail
1/12/2025,P011,1,66.52,0,North,Online
1/12/2025,P012,3,41.27,0,North,Online
1/12/2025,P013,1,16.67,0,East,Retail
1/12/2025,P014,4,22.76,0,East,Online
1/12/2025,P015,6,11.53,0,East,Online
1/13/2025,P002,2,25.2,0,North,Retail
1/13/2025,P004,8,9.08,0,South,Online
1/13/2025,P005,2,184.13,0,East,Online
1/13/2025,P007,3,35.99,0,North,Online
1/13/2025,P010,1,18.26,0,East,Online
1/13/2025,P011,1,64.23,0,North,Retail
1/13/2025,P012,2,39.95,0,North,Retail
1/13/2025,P013,6,17.47,0,East,Online
1/13/2025,P014,1,21.25,0,West,Retail
1/13/2025,P015,3,12.36,0,East,Online
1/14/2025,P001,2,19.59,0,East,Online
1/14/2025,P002,6,24.45,0,South,Online
1/14/2025,P003,4,50.49,0,East,Online
1/14/2025,P005,1,173.96,0,West,Retail
1/14/2025,P006,2,62.2,0,North,Retail
1/14/2025,P009,4,18.48,0,South,Retail
1/14/2025,P010,1,18.66,0,East,Online
1/14/2025,P011,2,62.86,0.1,East,Retail
1/14/2025,P013,1,17.45,0,West,Retail
1/14/2025,P014,2,21.38,0,North,Online
1/14/2025,P015,3,11.6,0,North,Online
1/15/2025,P001,2,20.74,0,West,Retail
1/15/2025,P002,2,25.15,0.05,North,Online
1/15/2025,P004,6,9.19,0,West,Online
1/15/2025,P005,3,184.47,0,West,Retail
1/15/2025,P006,1,60.52,0,South,Retail
1/15/2025,P006,1,60.52,0,South,Retail
1/15/2025,P008,1,23.15,0,South,Online
1/15/2025,P010,3,17.77,0,West,Online
1/15/2025,P011,1,67.46,0,South,Retail
1/15/2025,P013,1,17.34,0,South,Retail
1/15/2025,P014,1,22.58,0,West,Online
1/15/2025,P015,2,11.66,0,South,Online
1/16/2025,P001,5,20.2,0,West,Online
1/16/2025,P003,3,50.43,0,West,Online
1/16/2025,P004,4,9.12,0,West,Online
1/16/2025,P006,2,60.82,0,East,Online
1/16/2025,P008,2,23.38,0,South,Retail
1/16/2025,P009,7,19.2,0,South,Online
1/16/2025,P010,3,17.58,0,South,Retail
1/16/2025,P011,2,65.12,0,South,Online
1/16/2025,P012,1,38.41,0,West,Retail
1/16/2025,P013,4,16.94,0,West,Retail
1/16/2025,P015,4,11.91,0,East,Online
1/17/2025,P001,4,20.68,0,West,Retail
1/17/2025,P002,2,25.17,0,East,Retail
1/17/2025,P003,3,49.41,0,South,Online
1/17/2025,P004,10,8.99,0,North,Online
1/17/2025,P005,3,183.72,0,North,Online
1/17/2025,P006,3,59.75,0,West,Online
1/17/2025,P009,2,18.38,0,East,Retail
1/17/2025,P010,2,17.79,0,South,Online
1/17/2025,P011,1,62.79,0,East,Retail
1/17/2025,P012,6,40.88,0,West,Online
1/18/2025,P001,6,19.98,0,East,Online
1/18/2025,P002,8,24.78,0,East,Retail
1/18/2025,P003,1,50.22,0,East,Retail
1/18/2025,P007,1,33.64,0.15,East,Online
1/18/2025,P008,3,22.6,0,West,Online
1/18/2025,P009,4,19.58,0,East,Online
1/18/2025,P010,2,18.62,0,East,Online
1/18/2025,P011,1,62.78,0,West,Online
1/18/2025,P012,3,40.89,0,South,Online
1/18/2025,P013,8,16.58,0,South,Retail
1/18/2025,P014,5,21.3,0,West,Online
1/18/2025,P015,5,11.93,0,South,Online
1/19/2025,P001,8,20.28,0,South,Retail
1/19/2025,P002,4,24.58,0,North,Online
1/19/2025,P003,5,48.59,0.1,South,Retail
1/19/2025,P004,6,9.33,0,West,Retail
1/19/2025,P005,2,175.49,0,East,Online
1/19/2025,P006,3,62.19,0,North,Retail
1/19/2025,P007,1,36.2,0,South,Online
1/19/2025,P008,2,23.72,0,East,Retail
1/19/2025,P009,3,18.45,0,North,Retail
1/19/2025,P010,4,18.19,0,South,Online
1/19/2025,P011,3,65.17,0,East,Online
1/19/2025,P012,3,38.8,0,West,Online
1/19/2025,P013,3,16.81,0,South,Online
1/19/2025,P014,3,22.44,0,South,Online
1/19/2025,P015,3,11.53,0,West,Online
1/20/2025,P001,5,20.46,0,East,Retail
1/20/2025,P002,3,25.93,0,South,Online
1/20/2025,P003,2,51.31,0,South,Online
1/20/2025,P004,6,9.2,0,North,Retail
1/20/2025,P006,4,58.5,0,North,Online
1/20/2025,P007,3,34.76,0,West,Retail
1/20/2025,P008,1,23.48,0.05,East,Retail
1/20/2025,P009,2,18.33,0,West,Online
1/20/2025,P010,2,17.85,0,North,Online
1/20/2025,P011,3,66.28,0.1,South,Online
1/20/2025,P012,3,40,0,North,Online
1/20/2025,P013,2,17.44,0,East,Online
1/20/2025,P014,3,21.29,0,West,Retail
1/20/2025,P015,2,12.36,0,East,Retail
1/21/2025,P001,2,20.22,0,East,Online
1/21/2025,P002,2,24.89,0,North,Online
1/21/2025,P003,2,51.16,0,South,Retail
1/21/2025,P005,3,175.96,0,South,Online
1/21/2025,P006,2,60.51,0,South,Online
1/21/2025,P008,3,23.26,0,East,Online
1/21/2025,P009,4,18.86,0,West,Retail
1/21/2025,P010,1,18.29,0,North,Online
1/21/2025,P011,3,64.51,0,East,Online
1/21/2025,P012,3,38.78,0,North,Retail
1/21/2025,P013,3,16.58,0,South,Online
1/21/2025,P014,2,22.62,0,West,Online
1/22/2025,P002,3,25.3,0,South,Online
1/22/2025,P003,2,49.46,0,West,Retail
1/22/2025,P004,7,8.64,0,South,Retail
1/22/2025,P005,2,174.37,0,West,Online
1/22/2025,P006,1,62.17,0,East,Online
1/22/2025,P008,2,23.17,0,East,Online
1/22/2025,P009,-1,18.35,0,East,Online
1/22/2025,P010,1,18.35,0.1,East,Retail
1/22/2025,P011,1,67.56,0,East,Retail
1/22/2025,P012,2,41.45,0,West,Online
1/22/2025,P013,4,16.67,0,North,Online
1/22/2025,P015,3,11.94,0,South,Online
1/23/2025,P001,2,20.34,0,North,Online
1/23/2025,P002,7,25.61,0,West,Retail
1/23/2025,P003,4,49.13,0,East,Online
1/23/2025,P004,10,8.84,0,North,Online
1/23/2025,P005,1,183.48,0,South,Online
1/23/2025,P006,2,61.22,0,East,Online
1/23/2025,P007,2,35.93,0,North,Retail
1/23/2025,P008,3,22.5,0,South,Online
1/23/2025,P009,3,18.83,0,North,Online
1/23/2025,P010,3,17.78,0,North,Retail
1/23/2025,P012,4,38.61,0,East,Online
1/23/2025,P013,4,17.37,0,East,Online
1/23/2025,P014,2,21.98,0,South,Retail
1/23/2025,P015,2,11.83,0,West,Online
1/24/2025,P001,1,20.2,0,West,Online
1/24/2025,P003,4,48.28,0,East,Online
1/24/2025,P005,1,183.08,0,North,Online
1/24/2025,P006,1,61.84,0,East,Online
1/24/2025,P007,1,34.89,0,North,Online
1/24/2025,P008,4,23.64,0,North,Online
1/24/2025,P009,3,18.99,0,East,Retail
1/24/2025,P010,2,18.03,0,East,Online
1/24/2025,P011,2,66.94,0,North,Retail
1/24/2025,P012,6,40.02,0,North,Online
1/24/2025,P013,2,17.61,0,West,Online
1/24/2025,P015,5,11.75,0,North,Online
1/25/2025,P001,1,19.63,0,West,Online
1/25/2025,P002,4,25.48,0,South,Retail
1/25/2025,P003,2,51.4,0,North,Retail
1/25/2025,P004,9,8.97,0,West,Retail
1/25/2025,P005,1,176.53,0,East,Online
1/25/2025,P006,2,58.2,0,West,Online
1/25/2025,P007,2,33.64,0,North,Online
1/25/2025,P008,3,22.68,0,North,Online
1/25/2025,P009,4,19.36,0,East,Retail
1/25/2025,P011,1,64.37,0,North,Online
1/25/2025,P012,4,40.48,0.05,East,Online
1/25/2025,P013,5,16.61,0,West,Online
1/25/2025,P014,4,22.58,0,North,Online
1/25/2025,P015,6,12.21,0,East,Online
1/26/2025,P001,4,20.25,0,East,Online
1/26/2025,P003,4,49.43,0,East,Online
1/26/2025,P004,11,8.94,0,West,Retail
1/26/2025,P005,1,183.1,0.1,West,Online
1/26/2025,P007,2,33.85,0,West,Retail
1/26/2025,P008,4,23.57,0,South,Retail
1/26/2025,P009,5,18.48,0,West,Online
1/26/2025,P010,1,17.7,0,North,Online
1/26/2025,P012,4,39.12,0,South,Online
1/26/2025,P013,8,16.85,0,North,Online
1/26/2025,P015,4,11.88,0,North,Online
1/27/2025,P001,5,19.23,0,South,Retail
1/27/2025,P003,1,51.43,0,South,Online
1/27/2025,P005,1,175.43,0,South,Online
1/27/2025,P006,3,58.7,0,East,Retail
1/27/2025,P007,2,36.16,0,West,Online
1/27/2025,P008,4,23.51,0.1,South,Online
1/27/2025,P009,5,19.72,0.1,West,Online
1/27/2025,P010,3,17.81,0,West,Retail
1/27/2025,P012,5,40.74,0,South,Online
1/27/2025,P013,2,16.68,0,South,Online
1/27/2025,P014,5,22.82,0,West,Online
1/27/2025,P015,4,12.17,0,North,Online
1/28/2025,P001,5,19.53,0,North,Online
1/28/2025,P002,3,25.21,0,East,Online
1/28/2025,P003,4,51.14,0,East,Retail
1/28/2025,P004,9,8.81,0,West,Online
1/28/2025,P006,3,58.08,0.05,West,Retail
1/28/2025,P007,3,35.93,0.15,East,Online
1/28/2025,P008,1,23.86,0,South,Retail
1/28/2025,P010,2,17.53,0,West,Online
1/28/2025,P011,2,63.54,0,West,Retail
1/28/2025,P012,4,39.09,0,South,Online
1/28/2025,P013,4,16.43,0,East,Retail
1/28/2025,P014,5,22.03,0,East,Retail
1/28/2025,P015,5,11.56,0.1,East,Retail
1/29/2025,P001,6,19.8,0,West,Online
1/29/2025,P002,2,25.94,0,East,Retail
1/29/2025,P004,10,9.14,0,West,Retail
1/29/2025,P005,4,180.94,0,West,Online
1/29/2025,P007,1,35.75,0,South,Online
1/29/2025,P008,3,22.93,0,South,Retail
1/29/2025,P009,1,18.92,0,West,Online
1/29/2025,P010,6,17.28,0,East,Online
1/29/2025,P011,1,65.76,0,South,Retail
1/29/2025,P012,2,40.66,0,North,Online
1/29/2025,P013,3,17.59,0,West,Retail
1/29/2025,P014,2,22.03,0,North,Online
1/29/2025,P015,3,12.32,0,South,Online
1/30/2025,P001,4,20.77,0,West,Online
1/30/2025,P002,4,24.63,0,West,Online
1/30/2025,P003,1,50.34,0,North,Retail
1/30/2025,P004,11,9.26,0,East,Online
1/30/2025,P006,5,58.73,0,East,Online
1/30/2025,P008,3,22.25,0,West,Online
1/30/2025,P009,1,18.64,0.05,East,Retail
1/30/2025,P010,2,18.13,0,East,Retail
1/30/2025,P011,4,63.15,0,South,Online
1/30/2025,P012,2,39.87,0,South,Online
1/30/2025,P013,3,16.39,0,West,Online
1/30/2025,P014,4,21.41,0,East,Retail
1/30/2025,P015,3,12.39,0,South,Online
1/31/2025,P001,12,20.13,0,North,Online
1/31/2025,P002,1,24.65,0,North,Online
1/31/2025,P004,4,9.35,0,West,Retail
1/31/2025,P005,1,179.2,0,East,Online
1/31/2025,P006,1,60.86,0,West,Online
1/31/2025,P009,3,18.65,0,West,Online
1/31/2025,P010,2,18.6,0,East,Online
1/31/2025,P011,2,64.35,0,West,Retail
1/31/2025,P012,5,38.85,0,West,Online
1/31/2025,P013,5,16.92,0,North,Online
1/31/2025,P014,2,21.13,0,South,Online
1/31/2025,P015,5,11.86,0,West,Online
2/1/2025,P001,6,19.94,0,North,Online
2/1/2025,P003,4,51.35,0,West,Online
2/1/2025,P005,1,185.84,0,South,Online
2/1/2025,P006,1,59.15,0,East,Online
2/1/2025,P007,2,33.99,0,West,Online
2/1/2025,P008,3,22.4,0,South,Online
2/1/2025,P009,3,19.3,0,East,Online
2/1/2025,P010,4,17.71,0,South,Retail
2/1/2025,P011,2,65.44,0,North,Online
2/1/2025,P012,2,39.25,0,South,Online
2/1/2025,P014,6,22.05,0,North,Online
2/1/2025,P015,4,11.61,0,South,Online
2/2/2025,P001,10,20.57,0,South,Online
2/2/2025,P002,6,24.51,0,West,Online
2/2/2025,P003,2,49.65,0,North,Retail
2/2/2025,P004,8,8.92,0,South,Online
2/2/2025,P006,2,62.37,0,North,Retail
2/2/2025,P007,1,35.18,0,East,Online
2/2/2025,P008,3,23.49,0.05,East,Retail
2/2/2025,P009,3,19.11,0,East,Online
2/2/2025,P010,3,18.36,0,South,Online
2/2/2025,P011,3,63.45,0,South,Retail
2/2/2025,P013,1,16.87,0,East,Retail
2/2/2025,P014,5,21.56,0,West,Online
2/3/2025,P001,2,19.83,0.15,North,Online
2/3/2025,P002,1,25.26,0.15,West,Online
2/3/2025,P003,1,48.08,0,South,Retail
2/3/2025,P004,9,9.27,0,West,Online
2/3/2025,P005,1,181.08,0,East,Retail
2/3/2025,P006,2,60.36,0,South,Retail
2/3/2025,P007,2,34.67,0,West,Retail
2/3/2025,P008,2,22.71,0,North,Online
2/3/2025,P009,2,19.06,0.05,North,Retail
2/3/2025,P010,1,18.25,0,West,Retail
2/3/2025,P012,1,39.3,0,South,Retail
2/3/2025,P013,7,16.93,0,West,Online
2/3/2025,P015,1,12.05,0,South,Online
2/4/2025,P001,8,19.59,0,East,Retail
2/4/2025,P003,3,51.65,0,South,Online
2/4/2025,P005,1,180.47,0,East,Online
2/4/2025,P006,2,57.85,0,South,Online
2/4/2025,P007,1,34,0,West,Retail
2/4/2025,P008,2,22.13,0,West,Retail
2/4/2025,P009,2,18.44,0,East,Online
2/4/2025,P012,2,40.21,0.15,South,Retail
2/4/2025,P013,4,17.05,0,North,Retail
2/4/2025,P014,4,22.7,0,North,Online
2/4/2025,P015,2,11.89,0.1,North,Online
2/5/2025,P001,12,19.55,0,South,Retail
2/5/2025,P002,5,24.6,0,North,Online
2/5/2025,P003,2,48,0,South,Online
2/5/2025,P004,8,9.3,0,East,Retail
2/5/2025,P006,3,57.8,0,South,Online
2/5/2025,P007,2,33.73,0,North,Online
2/5/2025,P008,1,23.59,0,East,Online
2/5/2025,P009,6,19.1,0,South,Retail
2/5/2025,P011,1,65.6,0,East,Online
2/5/2025,P012,4,39.46,0,West,Online
2/5/2025,P014,6,22.07,0,North,Online
2/5/2025,P015,3,12.4,0,North,Online
2/6/2025,P001,6,19.71,0,South,Online
2/6/2025,P002,3,24.63,0,North,Online
2/6/2025,P004,4,8.77,0,South,Online
2/6/2025,P007,2,35.85,0,East,Retail
2/6/2025,P008,1,22.75,0.1,South,Retail
2/6/2025,P009,9,19.18,0,North,Online
2/6/2025,P011,1,65.95,0,East,Online
2/6/2025,P013,3,17.37,0,North,Retail
2/7/2025,P001,6,20.54,0,North,Online
2/7/2025,P002,3,25.43,0,North,Online
2/7/2025,P003,3,51.57,0,East,Retail
2/7/2025,P004,3,8.85,0,West,Online
2/7/2025,P007,3,35.74,0,East,Retail
2/7/2025,P009,3,18.24,0,South,Online
2/7/2025,P010,2,17.54,0,North,Retail
2/7/2025,P011,1,63.2,0.15,South,Online
2/7/2025,P013,3,16.64,0,East,Online
2/7/2025,P014,2,21.26,0,West,Retail
2/7/2025,P015,4,12.2,0,North,Online
2/8/2025,P001,6,20.38,0,East,Online
2/8/2025,P002,3,24.76,0,North,Online
2/8/2025,P003,4,51.96,0.1,East,Retail
2/8/2025,P004,11,8.74,0,South,Online
2/8/2025,P005,1,178.54,0,East,Online
2/8/2025,P007,1,33.98,0,North,Retail
2/8/2025,P008,1,23.13,0,East,Online
2/8/2025,P009,4,19.19,0,South,Online
2/8/2025,P010,3,18.58,0,South,Online
2/8/2025,P011,6,65.91,0,East,Retail
2/8/2025,P013,3,17.12,0,South,Online
2/8/2025,P014,1,21.11,0,West,Online
2/8/2025,P015,6,11.55,0,North,Online
2/9/2025,P001,2,20.11,0,West,Online
2/9/2025,P003,1,50.73,0,South,Online
2/9/2025,P004,10,9.21,0,East,Online
2/9/2025,P005,1,183.28,0,West,Retail
2/9/2025,P006,1,61.75,0,West,Online
2/9/2025,P007,2,35.2,0.1,East,Online
2/9/2025,P008,2,23.49,0,West,Online
2/9/2025,P009,4,18.37,0,South,Online
2/9/2025,P010,1,17.76,0,West,Retail
2/9/2025,P011,3,66.38,0,South,Retail
2/9/2025,P012,5,39.02,0,North,Online
2/9/2025,P014,5,21.4,0,East,Online
2/9/2025,P015,5,12.33,0,South,Online
2/10/2025,P001,4,20.39,0,East,Online
2/10/2025,P002,1,24.55,0,East,Online
2/10/2025,P003,1,49.28,0,North,Online
2/10/2025,P005,2,173.33,0,West,Online
2/10/2025,P006,3,57.84,0,East,Online
2/10/2025,P007,2,34.85,0,West,Online
2/10/2025,P009,3,19,0.1,West,Retail
2/10/2025,P010,2,18.47,0,West,Online
2/10/2025,P011,1,65.2,0.15,West,Online
2/10/2025,P013,2,17.25,0,South,Retail
2/10/2025,P014,3,21.86,0,East,Retail
2/11/2025,P001,3,20.77,0,East,Online
2/11/2025,P003,1,48.92,0,North,Retail
2/11/2025,P004,9,8.67,0,South,Online
2/11/2025,P005,1,173.01,0,North,Retail
2/11/2025,P006,1,61.87,0,South,Online
2/11/2025,P007,1,35.67,0,South,Online
2/11/2025,P009,4,18.77,0.05,South,Online
2/11/2025,P010,3,17.48,0,West,Retail
2/11/2025,P012,2,39.64,0,South,Online
2/11/2025,P013,1,16.49,0,South,Online
2/11/2025,P014,2,21.61,0,West,Online
2/11/2025,P015,6,12.19,0,West,Online
2/12/2025,P001,6,19.24,0,North,Retail
2/12/2025,P003,1,48.23,0.1,South,Online
2/12/2025,P004,4,9.08,0,South,Online
2/12/2025,P005,4,181.2,0,East,Online
2/12/2025,P007,4,33.6,0,North,Retail
2/12/2025,P008,3,22.25,0,East,Retail
2/12/2025,P009,7,19.09,0,East,Retail
2/12/2025,P010,3,18.19,0.05,West,Retail
2/12/2025,P012,2,40.12,0,North,Retail
2/12/2025,P013,4,16.68,0,West,Online
2/12/2025,P014,4,22.08,0,West,Online
2/13/2025,P001,3,20.72,0.1,South,Online
2/13/2025,P003,2,50.23,0.15,South,Retail
2/13/2025,P004,6,9,0,South,Retail
2/13/2025,P005,1,186.42,0,South,Retail
2/13/2025,P007,1,34.72,0,West,Online
2/13/2025,P008,2,22.41,0.1,East,Retail
2/13/2025,P009,3,19.64,0,West,Online
2/13/2025,P011,2,65.71,0,East,Online
2/13/2025,P012,3,40.04,0,West,Retail
2/13/2025,P013,2,17.13,0,East,Online
2/13/2025,P014,3,21.33,0,West,Retail
2/13/2025,P015,2,12.03,0,North,Online
2/14/2025,P001,5,19.59,0,East,Online
2/14/2025,P004,11,9.11,0,South,Online
2/14/2025,P009,5,18.28,0,East,Online
2/14/2025,P013,2,17.59,0.1,South,Online
2/14/2025,P014,3,22.75,0,North,Retail
2/14/2025,P015,6,11.88,0.1,North,Online
2/15/2025,P001,3,20.68,0,North,Retail
2/15/2025,P002,3,25.76,0,South,Online
2/15/2025,P003,3,48.82,0,West,Retail
2/15/2025,P004,8,9.16,0,North,Online
2/15/2025,P007,1,35.12,0,South,Online
2/15/2025,P008,3,23.22,0,West,Online
2/15/2025,P011,2,63.45,0,South,Retail
2/15/2025,P012,3,39.83,0,South,Online
2/15/2025,P014,3,22.42,0,South,Online
2/15/2025,P015,5,12.19,0,South,Retail
2/16/2025,P001,8,19.78,0,,Retail
2/16/2025,P002,4,25.6,0,West,Retail
2/16/2025,P003,1,48.71,0,South,Retail
2/16/2025,P004,10,8.89,0,West,Online
2/16/2025,P005,1,181.48,0,South,Online
2/16/2025,P006,2,58.24,0,West,Online
2/16/2025,P007,3,34.73,0,North,Retail
2/16/2025,P009,4,19.34,0,West,Online
2/16/2025,P010,3,18.05,0,East,Online
2/16/2025,P011,3,64.35,0,West,Online
2/16/2025,P012,5,39.03,0,East,Online
2/16/2025,P014,5,21.24,0,South,Online
2/17/2025,P003,5,49.36,0,North,Online
2/17/2025,P004,11,8.93,0,South,Retail
2/17/2025,P006,1,60.4,0.05,South,Online
2/17/2025,P007,2,33.65,0,South,Retail
2/17/2025,P008,5,22.86,0,North,Retail
2/17/2025,P009,7,19.02,0,East,Retail
2/17/2025,P010,2,17.73,0,East,Online
2/17/2025,P011,3,65.6,0.15,North,Online
2/17/2025,P012,2,40.94,0,North,Online
2/17/2025,P013,5,16.89,0,West,Online
2/17/2025,P014,2,22.41,0,East,Retail
2/17/2025,P015,4,11.79,0,East,Online
2/18/2025,P001,5,19.62,0,North,Online
2/18/2025,P002,1,24.2,0,East,Online
2/18/2025,P004,5,8.75,0.15,West,Online
2/18/2025,P006,2,62.3,0,West,Online
2/18/2025,P007,3,33.97,0,East,Retail
2/18/2025,P008,3,23.82,0.05,East,Online
2/18/2025,P009,3,18.87,0.1,North,Retail
2/18/2025,P010,2,18.1,0,West,Online
2/18/2025,P011,4,65.53,0,East,Retail
2/18/2025,P012,5,40.66,0.1,East,Online
2/18/2025,P013,3,16.65,0,West,Online
2/18/2025,P014,3,22.15,0,North,Retail
2/18/2025,P015,3,11.55,0,East,Retail
2/19/2025,P001,6,19.94,0,South,Online
2/19/2025,P002,3,24.42,0,North,Retail
2/19/2025,P003,3,48.99,0,North,Online
2/19/2025,P004,11,9.15,0,North,Retail
2/19/2025,P005,2,186.8,0,West,Retail
2/19/2025,P006,3,60,0,North,Online
2/19/2025,P008,3,23.21,0,South,Retail
2/19/2025,P009,4,19.47,0,West,Online
2/19/2025,P012,1,40.3,0,East,Online
2/19/2025,P013,4,16.71,0,West,Retail
2/19/2025,P014,2,22.74,0,North,Online
2/20/2025,P001,4,20.63,0,East,Online
2/20/2025,P002,4,25.92,0,South,Online
2/20/2025,P004,8,9.17,0,North,Retail
2/20/2025,P006,4,61.81,0,East,Online
2/20/2025,P008,2,22.98,0,North,Retail
2/20/2025,P010,3,17.79,0.05,West,Online
2/20/2025,P011,2,63.55,0,South,Retail
2/20/2025,P012,5,39.23,0,East,Online
2/20/2025,P014,5,22.34,0,East,Retail
2/20/2025,P015,5,11.71,0,North,Retail
2/21/2025,P001,4,19.74,0,East,Online
2/21/2025,P002,3,24.47,0,East,Online
2/21/2025,P003,2,49.81,0,South,Online
2/21/2025,P004,14,9.19,0,West,Online
2/21/2025,P005,2,185.15,0,East,Online
2/21/2025,P007,1,33.76,0,East,Online
2/21/2025,P008,1,23.01,0,East,Retail
2/21/2025,P009,1,19.42,0,South,Online
2/21/2025,P011,1,65.44,0,West,Online
2/21/2025,P012,4,40.04,0,West,Online
2/21/2025,P013,3,16.32,0,North,Retail
2/21/2025,P014,2,21.22,0,East,Retail
2/21/2025,P015,5,12.18,0,East,Online
2/22/2025,P001,2,20.04,0.15,East,Online
2/22/2025,P003,7,49.85,0.1,West,Retail
2/22/2025,P004,12,8.98,0,East,Online
2/22/2025,P005,2,178.91,0,North,Retail
2/22/2025,P006,2,60.89,0,North,Retail
2/22/2025,P008,4,22.63,0,South,Online
2/22/2025,P009,8,19.1,0,West,Online
2/22/2025,P011,3,67.17,0,North,Retail
2/22/2025,P012,6,39.12,0.1,South,Online
2/22/2025,P015,3,11.66,0,West,Online
2/23/2025,P001,9,20.45,0,North,Online
2/23/2025,P002,5,24.94,0,North,Online
2/23/2025,P003,2,49.37,0,North,Online
2/23/2025,P004,7,8.81,0.15,West,Retail
2/23/2025,P005,1,178.94,0,East,Online
2/23/2025,P006,1,60.36,0,South,Online
2/23/2025,P008,2,23.51,0.1,East,Online
2/23/2025,P009,5,18.54,0,East,Online
2/23/2025,P010,9,18.01,0,South,Online
2/23/2025,P011,3,67.29,0.15,North,Online
2/23/2025,P012,5,41.53,0,West,Online
2/23/2025,P013,1,16.85,0,West,Retail
2/23/2025,P014,2,22.26,0,North,Online
2/23/2025,P015,6,12.22,0,East,Online
2/24/2025,P001,7,19.4,0,East,Retail
2/24/2025,P002,3,25.2,0,West,Retail
2/24/2025,P004,6,9.2,0,East,Online
2/24/2025,P005,1,182.48,0,East,Online
2/24/2025,P006,2,57.68,0,South,Online
2/24/2025,P007,2,34.12,0.05,South,Online
2/24/2025,P008,2,22.65,0,East,Online
2/24/2025,P009,7,18.27,0,South,Retail
2/24/2025,P010,3,18.71,0,West,Online
2/24/2025,P012,3,41,0.05,North,Online
2/24/2025,P013,4,17.58,0,North,Online
2/24/2025,P015,2,12.13,0,North,Retail
2/25/2025,P001,7,20.22,0,North,Online
2/25/2025,P003,2,50.34,0,West,Retail
2/25/2025,P004,5,8.84,0.1,East,Online
2/25/2025,P009,7,18.49,0.15,South,Online
2/25/2025,P010,4,18.01,0,North,Online
2/25/2025,P012,2,38.55,0,West,Retail
2/25/2025,P013,4,17.3,0.05,North,Retail
2/25/2025,P015,5,12.45,0.15,West,Online
2/26/2025,P001,3,19.44,0,East,Online
2/26/2025,P002,3,25.56,0.15,West,Online
2/26/2025,P002,3,25.56,0.15,West,Online
2/26/2025,P003,1,49.64,0,North,Online
2/26/2025,P005,2,174.11,0,South,Retail
2/26/2025,P006,1,60.74,0,West,Online
2/26/2025,P007,2,33.64,0,East,Online
2/26/2025,P009,3,19,0,North,Online
2/26/2025,P010,1,18.6,0,East,Retail
2/26/2025,P012,3,40.45,0,West,Online
2/26/2025,P013,1,17.59,0,East,Retail
2/26/2025,P014,3,22.34,0,East,Online
2/26/2025,P015,6,12.24,0,West,Online
2/27/2025,P001,4,20.42,0,South,Retail
2/27/2025,P002,2,25.91,0,West,Online
2/27/2025,P003,6,51.79,0,North,Retail
2/27/2025,P004,7,8.83,0,South,Retail
2/27/2025,P005,1,183.86,0,South,Online
2/27/2025,P006,2,61.36,0,North,Online
2/27/2025,P007,1,33.87,0,West,Online
2/27/2025,P008,3,23.16,0,North,Retail
2/27/2025,P009,3,19.35,0,South,Retail
2/27/2025,P012,2,40.16,0,South,Online
2/27/2025,P013,1,16.99,0,North,Retail
2/27/2025,P014,2,21.45,0,West,Online
2/28/2025,P001,3,19.52,0,South,Online
2/28/2025,P002,1,24.64,0,South,Online
2/28/2025,P003,1,48.38,0,South,Online
2/28/2025,P004,5,8.85,0,North,Retail
2/28/2025,P008,3,23.03,0,West,Online
2/28/2025,P009,4,18.54,0,West,Online
2/28/2025,P010,4,18.61,0,North,Online
2/28/2025,P011,5,62.42,0,East,Online
2/28/2025,P012,2,39.33,0,North,Retail
2/28/2025,P013,1,17.52,0,West,Retail
2/28/2025,P015,4,11.7,0,South,Online
3/1/2025,P001,3,19.45,0,North,Retail
3/1/2025,P002,3,25.25,0.1,North,Online
3/1/2025,P003,7,51.64,0,South,Online
3/1/2025,P004,8,9.01,0,South,Online
3/1/2025,P005,2,178.8,0,East,Retail
3/1/2025,P006,9,61.51,0,South,Online
3/1/2025,P007,4,34.08,0,South,Online
3/1/2025,P008,2,22.27,0,East,Online
3/1/2025,P009,1,18.31,0,East,Online
3/1/2025,P010,3,18.69,0,South,Retail
3/1/2025,P011,2,64.06,0,South,Retail
3/1/2025,P012,5,41.5,0,South,Retail
3/1/2025,P013,3,17.59,0,North,Online
3/1/2025,P014,7,21.47,0.05,West,Online
3/1/2025,P015,5,11.78,0.15,East,Retail
3/2/2025,P001,8,19.96,0,South,Retail
3/2/2025,P002,4,24.05,0,South,Retail
3/2/2025,P003,3,51.6,0,South,Online
3/2/2025,P004,11,9.05,0,East,Online
3/2/2025,P005,1,181.09,0,South,Online
3/2/2025,P006,5,61.25,0,East,Online
3/2/2025,P007,1,34.49,0,North,Online
3/2/2025,P008,2,23.58,0,East,Online
3/2/2025,P009,7,19.37,0,North,Retail
3/2/2025,P010,2,18.7,0,West,Retail
3/2/2025,P011,3,66.6,0,West,Online
3/2/2025,P012,5,40.37,0,South,Retail
3/2/2025,P013,5,16.52,0,East,Retail
3/2/2025,P014,2,22.74,0,South,Online
3/2/2025,P015,8,12.06,0,North,Retail
3/3/2025,P001,6,20.36,0,East,Retail
3/3/2025,P002,4,25.5,0,North,Online
3/3/2025,P003,5,51.65,0,South,Online
3/3/2025,P004,5,9.19,0,East,Online
3/3/2025,P005,1,180.88,0,North,Retail
3/3/2025,P006,2,59.83,0,East,Retail
3/3/2025,P008,5,22.18,0.15,East,Retail
3/3/2025,P009,5,19.5,0.1,North,Retail
3/3/2025,P012,5,41.56,0,West,Retail
3/3/2025,P013,8,17.05,0,North,Online
3/3/2025,P014,3,22.78,0,East,Online
3/3/2025,P015,6,12.28,0,East,Online
3/4/2025,P001,2,19.71,0.1,South,Retail
3/4/2025,P002,2,24.04,0,West,Online
3/4/2025,P003,3,50.5,0,West,Online
3/4/2025,P005,1,185.45,0,East,Online
3/4/2025,P007,7,35.27,0.05,East,Retail
3/4/2025,P008,4,22.23,0,West,Online
3/4/2025,P010,3,17.86,0,West,Online
3/4/2025,P011,2,64.62,0,North,Online
3/4/2025,P012,3,39.59,0,East,Online
3/4/2025,P014,5,21.87,0,South,Online
3/4/2025,P015,1,12.18,0,East,Online
3/5/2025,P002,3,24.03,0,East,Retail
3/5/2025,P003,1,51.85,0,West,Online
3/5/2025,P004,6,9.18,0,East,Online
3/5/2025,P005,1,175.68,0,East,Retail
3/5/2025,P006,2,61.26,0,East,Retail
3/5/2025,P007,1,33.81,0,West,Retail
3/5/2025,P008,8,22.79,0,East,Online
3/5/2025,P009,4,18.73,0.05,North,Online
3/5/2025,P010,2,18.65,0,North,Online
3/5/2025,P011,2,65.82,0,South,Online
3/5/2025,P012,1,40.43,0,West,Online
3/5/2025,P014,2,22.76,0.05,East,Online
3/5/2025,P015,1,11.53,0,North,Retail
3/6/2025,P001,4,19.34,0,South,Online
3/6/2025,P002,1,25.7,0,South,Retail
3/6/2025,P003,3,49.04,0,East,Online
3/6/2025,P004,13,8.76,0,North,Retail
3/6/2025,P006,5,59.22,0,North,Retail
3/6/2025,P007,1,34.33,0,North,Online
3/6/2025,P008,2,23.83,0,East,Online
3/6/2025,P009,4,18.54,0,South,Online
3/6/2025,P010,3,17.74,0,South,Retail
3/6/2025,P011,4,62.68,0.1,North,Online
3/6/2025,P012,2,38.41,0.15,East,Online
3/6/2025,P013,2,16.89,0,West,Retail
3/6/2025,P014,1,22.07,0,North,Retail
3/6/2025,P015,6,11.58,0,North,Online
3/7/2025,P001,5,20.62,0,East,Retail
3/7/2025,P002,1,25.52,0,East,Retail
3/7/2025,P003,4,49.51,0,South,Online
3/7/2025,P004,14,9.13,0,West,Retail
3/7/2025,P005,2,182.01,0.15,North,Retail
3/7/2025,P006,2,62.06,0,South,Online
3/7/2025,P008,3,22.19,0.05,East,Online
3/7/2025,P009,3,18.98,0,North,Retail
3/7/2025,P014,1,21.37,0,West,Online
3/7/2025,P015,5,12.1,0,North,Retail
3/8/2025,P001,9,20.78,0.1,West,Retail
3/8/2025,P002,7,24.43,0,East,Online
3/8/2025,P003,3,51.73,0,East,Online
3/8/2025,P004,11,9.06,0,North,Retail
3/8/2025,P006,4,62.31,0,West,Online
3/8/2025,P007,3,35.84,0,South,Retail
3/8/2025,P009,7,19.6,0,South,Online
3/8/2025,P010,1,18.63,0,East,Online
3/8/2025,P011,1,66.65,0,East,Online
3/8/2025,P012,4,41.14,0,North,Retail
3/8/2025,P014,2,21.84,0,East,Online
3/8/2025,P015,6,11.86,0,South,Retail
3/9/2025,P001,5,20.28,0,West,Online
3/9/2025,P002,3,24.48,0,East,Online
3/9/2025,P003,3,50.78,0,East,Retail
3/9/2025,P005,1,181.31,0,East,Online
3/9/2025,P007,2,35.33,0,West,Online
3/9/2025,P010,5,17.64,0,North,Retail
3/9/2025,P011,5,63.24,0,North,Retail
3/9/2025,P012,4,40.37,0,West,Online
3/9/2025,P013,4,17.48,0,North,Retail
3/9/2025,P014,6,21.86,0,East,Online
3/9/2025,P015,3,11.6,0,East,Online
3/10/2025,P001,3,20.5,0,West,Online
3/10/2025,P002,6,24.59,0,East,Online
3/10/2025,P003,2,48.56,0,South,Online
3/10/2025,P004,10,9.15,0,North,Retail
3/10/2025,P005,1,180.9,0,South,Retail
3/10/2025,P006,1,60.92,0,East,Retail
3/10/2025,P007,2,34.61,0,West,Online
3/10/2025,P008,5,22.57,0,South,Online
3/10/2025,P009,5,18.38,0,South,Retail
3/10/2025,P010,5,17.56,0,South,Online
3/10/2025,P012,2,39.52,0.05,East,Online
3/10/2025,P013,1,17.45,0,West,Online
3/10/2025,P015,7,11.67,0,North,Online
3/11/2025,P001,4,19.61,0,West,Retail
3/11/2025,P002,4,25.52,0,East,Online
3/11/2025,P004,2,9.07,0,East,Retail
3/11/2025,P005,1,183.95,0,North,Retail
3/11/2025,P006,4,61.07,0,North,Online
3/11/2025,P010,2,18.44,0,North,Online
3/11/2025,P011,1,64.15,0,West,Online
3/11/2025,P012,4,38.53,0,West,Online
3/11/2025,P014,3,22.64,0,South,Online
3/12/2025,P001,6,19.45,0,North,Online
3/12/2025,P002,4,25.12,0,North,Online
3/12/2025,P003,3,49.89,0,South,Online
3/12/2025,P004,12,9.34,0,East,Retail
3/12/2025,P005,1,175.12,0,East,Online
3/12/2025,P006,1,58.85,0,East,Online
3/12/2025,P007,2,35.83,0,South,Retail
3/12/2025,P008,2,23.48,0,South,Retail
3/12/2025,P009,5,19.69,0,South,Online
3/12/2025,P010,4,18.44,0.1,East,Retail
3/12/2025,P011,1,62.51,0,East,Retail
3/12/2025,P012,6,41.4,0,West,Online
3/12/2025,P013,3,17.58,0,West,Online
3/12/2025,P014,1,22.39,0,East,Online
3/12/2025,P015,5,12.19,0,North,Retail
3/13/2025,P001,8,19.99,0,South,Online
3/13/2025,P002,4,24.43,0,South,Retail
3/13/2025,P003,1,51.13,0,West,Online
3/13/2025,P004,7,9.01,0,West,Online
3/13/2025,P006,3,57.61,0,South,Online
3/13/2025,P007,4,35.15,0,West,Online
3/13/2025,P009,2,18.96,0,East,Retail
3/13/2025,P010,5,17.83,0,North,Online
3/13/2025,P012,1,38.94,0,West,Retail
3/13/2025,P013,5,16.32,0,East,Online
3/13/2025,P014,8,22.79,0,East,Online
3/13/2025,P015,5,12.22,0,South,Online
3/14/2025,P001,7,19.96,0,North,Online
3/14/2025,P002,3,24.07,0,West,Retail
3/14/2025,P003,2,48.99,0,North,Online
3/14/2025,P004,6,9.05,0,West,Online
3/14/2025,P005,1,185.07,0,West,Retail
3/14/2025,P006,2,58.63,0,East,Online
3/14/2025,P007,1,34.95,0,West,Online
3/14/2025,P010,5,18.59,0,North,Online
3/14/2025,P011,2,63.78,0.05,North,Online
3/14/2025,P012,6,38.74,0,East,Online
3/14/2025,P013,4,16.59,0,West,Retail
3/14/2025,P014,-3,21.88,0,East,Retail
3/15/2025,P001,6,20.21,0,East,Online
3/15/2025,P002,2,25.08,0,East,Online
3/15/2025,P003,3,48.17,0,North,Retail
3/15/2025,P004,18,8.75,0.1,South,Online
3/15/2025,P005,1,187.02,0,South,Online
3/15/2025,P006,3,61.7,0,East,Online
3/15/2025,P007,1,35.29,0,East,Online
3/15/2025,P008,1,23.36,0,South,Online
3/15/2025,P009,3,19.37,0,North,Retail
3/15/2025,P010,4,17.28,0.05,North,Online
3/15/2025,P013,7,16.58,0,West,Online
3/15/2025,P014,1,22.53,0,West,Online
3/15/2025,P015,5,12.34,0,South,Online
3/16/2025,P001,8,20.21,0,East,Online
3/16/2025,P002,6,25.62,0,North,Retail
3/16/2025,P003,2,49.12,0,West,Retail
3/16/2025,P004,13,8.95,0,West,Online
3/16/2025,P005,1,185.01,0,East,Retail
3/16/2025,P006,4,62.28,0,South,Retail
3/16/2025,P008,2,23.81,0,West,Retail
3/16/2025,P009,6,18.32,0,East,Retail
3/16/2025,P010,2,18.45,0,West,Online
3/16/2025,P011,3,65.81,0,South,Retail
3/16/2025,P012,5,39.54,0,South,Online
3/16/2025,P014,2,21.77,0,West,Retail
3/17/2025,P001,5,20.39,0,North,Retail
3/17/2025,P002,3,25.28,0,East,Retail
3/17/2025,P003,4,48.68,0,East,Retail
3/17/2025,P004,12,8.99,0,West,Online
3/17/2025,P005,2,184.23,0,East,Retail
3/17/2025,P006,2,57.88,0.1,North,Online
3/17/2025,P007,4,36.04,0,East,Online
3/17/2025,P008,6,22.79,0,East,Online
3/17/2025,P010,3,17.49,0,East,Retail
3/17/2025,P011,2,65.66,0,East,Retail
3/17/2025,P012,4,40.05,0,East,Online
3/17/2025,P014,3,22.54,0,North,Retail
3/18/2025,P001,5,20.66,0,West,Online
3/18/2025,P002,5,24.75,0,North,Retail
3/18/2025,P003,2,49.36,0,North,Online
3/18/2025,P004,8,8.67,0,East,Online
3/18/2025,P006,3,58.55,0,North,Retail
3/18/2025,P007,3,35.24,0,South,Retail
3/18/2025,P008,1,23.56,0,South,Retail
3/18/2025,P012,5,41.25,0,West,Online
3/18/2025,P013,1,17.6,0,East,Retail
3/18/2025,P014,6,21.14,0,East,Online
3/19/2025,P001,5,19.57,0,West,Retail
3/19/2025,P002,7,24.64,0,South,Online
3/19/2025,P003,2,50.58,0,East,Online
3/19/2025,P004,5,9.11,0.05,North,Retail
3/19/2025,P005,1,176.18,0,North,Online
3/19/2025,P006,3,62.13,0,West,Retail
3/19/2025,P007,1,34.46,0,East,Retail
3/19/2025,P008,3,22.88,0,North,Retail
3/19/2025,P009,3,19.65,0,East,Retail
3/19/2025,P010,1,17.9,0,South,Retail
3/19/2025,P011,1,66.55,0,West,Online
3/19/2025,P012,2,41.53,0,North,Retail
3/19/2025,P014,2,21.73,0,West,Retail
3/19/2025,P015,6,11.72,0,South,Retail
3/20/2025,P002,1,24.8,0.1,West,Online
3/20/2025,P003,1,49.84,0,West,Online
3/20/2025,P004,7,9.05,0,North,Online
3/20/2025,P006,2,59.18,0,East,Online
3/20/2025,P007,3,33.94,0,West,Retail
3/20/2025,P008,1,22.4,0,East,Online
3/20/2025,P009,2,19.21,0,East,Online
3/20/2025,P010,4,,0,South,Online
3/20/2025,P011,2,65.99,0,East,Online
3/20/2025,P012,5,39.49,0,North,Retail
3/20/2025,P013,6,16.58,0,West,Online
3/20/2025,P014,1,21.69,0,East,Online
3/20/2025,P015,5,11.61,0,North,Online
3/21/2025,P001,7,20.44,0,North,Online
3/21/2025,P002,-2,24.84,0,West,Online
3/21/2025,P004,7,8.71,0,North,Online
3/21/2025,P005,2,186.98,0,West,Online
3/21/2025,P007,1,33.88,0,South,Retail
3/21/2025,P008,4,22.93,0,East,Online
3/21/2025,P009,2,19.08,0,East,Online
3/21/2025,P010,3,18.01,0,North,Online
3/21/2025,P012,3,41.24,0,North,Retail
3/21/2025,P013,5,16.47,0,North,Online
3/21/2025,P014,6,22.32,0,West,Retail
3/21/2025,P015,8,12.23,0,East,Online
3/22/2025,P001,10,20.37,0,South,Online
3/22/2025,P004,14,8.75,0,West,Online
3/22/2025,P005,4,180.15,0,West,Online
3/22/2025,P006,4,61.77,0.05,West,Online
3/22/2025,P007,3,33.93,0.05,West,Online
3/22/2025,P008,8,23.28,0,West,Online
3/22/2025,P009,6,18.98,0,North,Online
3/22/2025,P010,1,17.67,0,East,Online
3/22/2025,P011,3,67,0.15,South,Online
3/22/2025,P012,4,39.96,0.15,South,Online
3/22/2025,P013,7,17.33,0,East,Retail
3/22/2025,P015,10,12,0,West,Online
3/23/2025,P001,4,19.48,0,North,Retail
3/23/2025,P002,3,25.13,0,South,Online
3/23/2025,P003,5,48.52,0,South,Online
3/23/2025,P004,8,8.99,0,South,Online
3/23/2025,P005,5,185.48,0,East,Retail
3/23/2025,P006,4,60,0,West,Retail
3/23/2025,P007,4,34.61,0,East,Retail
3/23/2025,P008,6,23.75,0,North,Online
3/23/2025,P009,6,19.63,0,South,Retail
3/23/2025,P010,2,18.44,0,East,Online
3/23/2025,P011,4,62.93,0,North,Online
3/23/2025,P012,4,39.99,0,West,Online
3/23/2025,P013,3,16.7,0,West,Online
3/23/2025,P014,5,21.4,0,West,Online
3/23/2025,P015,8,12.12,0,South,Online
3/24/2025,P001,6,19.66,0,West,Retail
3/24/2025,P002,5,25.4,0,North,Online
3/24/2025,P003,1,51.38,0,North,Online
3/24/2025,P004,6,8.63,0,West,Retail
3/24/2025,P005,1,172.81,0.15,North,Retail
3/24/2025,P005,1,172.81,0.15,North,Retail
3/24/2025,P006,4,58.09,0.05,North,Online
3/24/2025,P007,2,34.38,0,North,Online
3/24/2025,P008,6,23.55,0,South,Online
3/24/2025,P009,5,19.25,0.1,West,Online
3/24/2025,P012,2,40.86,0,East,Online
3/24/2025,P013,4,16.65,0,West,Retail
3/24/2025,P014,2,21.71,0,South,Retail
3/24/2025,P015,5,12.46,0,East,Retail
3/25/2025,P001,7,19.78,0,East,Online
3/25/2025,P002,3,24.49,0,West,Online
3/25/2025,P003,3,49.54,0,West,Online
3/25/2025,P004,12,9.2,0,North,Online
3/25/2025,P005,3,176.75,0,North,Retail
3/25/2025,P006,3,57.67,0.1,East,Retail
3/25/2025,P007,2,33.7,0,North,Retail
3/25/2025,P008,4,22.22,0,South,Online
3/25/2025,P010,2,18.61,0.05,South,Online
3/25/2025,P011,1,62.59,0,West,Online
3/25/2025,P012,3,40.14,0,North,Online
3/25/2025,P013,1,16.72,0,North,Online
3/25/2025,P014,5,22.57,0,South,Online
3/25/2025,P015,5,12.17,0,West,Online
3/26/2025,P001,12,19.85,0,East,Retail
3/26/2025,P002,6,24.66,0,East,Retail
3/26/2025,P003,2,48.68,0,East,Retail
3/26/2025,P004,10,8.92,0,West,Retail
3/26/2025,P005,1,186.21,0,West,Online
3/26/2025,P006,1,60.05,0,East,Online
3/26/2025,P007,3,35.09,0.1,East,Online
3/26/2025,P008,1,23.43,0,South,Online
3/26/2025,P010,4,17.93,0,North,Online
3/26/2025,P011,3,63.54,0,East,Online
3/26/2025,P012,4,40.23,0,South,Retail
3/26/2025,P013,5,17.3,0,West,Online
3/26/2025,P014,5,21.38,0,East,Retail
3/26/2025,P015,1,11.71,0,East,Retail
3/27/2025,P001,5,19.92,0,North,Online
3/27/2025,P002,3,24.61,0,South,Online
3/27/2025,P003,1,49.98,0,North,Online
3/27/2025,P004,7,9.3,0,West,Retail
3/27/2025,P005,1,182.04,0,North,Retail
3/27/2025,P007,3,35.19,0,South,Online
3/27/2025,P008,2,23.88,0,East,Retail
3/27/2025,P009,3,19.6,0,West,Online
3/27/2025,P010,1,18.69,0,East,Retail
3/27/2025,P011,3,63.97,0.15,North,Online
3/27/2025,P012,6,39.84,0,East,Retail
3/27/2025,P013,4,17.17,0,East,Online
3/27/2025,P014,4,21.9,0,South,Online
3/27/2025,P015,4,12.01,0.1,East,Online
3/28/2025,P001,2,19.58,0,South,Online
3/28/2025,P002,5,25.76,0,West,Online
3/28/2025,P003,4,48.99,0,East,Online
3/28/2025,P004,13,9.17,0,North,Online
3/28/2025,P006,1,61.64,0,North,Online
3/28/2025,P007,4,36.22,0,East,Online
3/28/2025,P008,3,22.9,0,North,Online
3/28/2025,P009,5,18.83,0,East,Retail
3/28/2025,P012,5,38.91,0,North,Online
3/28/2025,P013,5,16.38,0,East,Online
3/28/2025,P014,3,21.38,0,South,Retail
3/28/2025,P015,2,12.22,0,South,Retail
3/29/2025,P001,8,19.55,0,South,Online
3/29/2025,P004,7,8.76,0,West,Online
3/29/2025,P005,3,180.02,0,North,Online
3/29/2025,P006,3,57.9,0,East,Retail
3/29/2025,P007,4,35.09,0,West,Online
3/29/2025,P009,6,19.42,0,South,Retail
3/29/2025,P010,3,17.5,0,North,Retail
3/29/2025,P012,7,38.9,0,West,Retail
3/29/2025,P013,7,16.48,0,East,Retail
3/29/2025,P014,4,21.82,0,West,Retail
3/29/2025,P015,8,11.93,0,South,Online
3/30/2025,P001,6,19.43,0.05,East,Online
3/30/2025,P002,2,25.21,0,South,Online
3/30/2025,P003,5,50.26,0,North,Online
3/30/2025,P004,3,9.28,0,South,Online
3/30/2025,P006,6,60.3,0.15,North,Retail
3/30/2025,P007,4,34.04,0,North,Online
3/30/2025,P008,3,23.54,0,East,Online
3/30/2025,P009,3,18.57,0,West,Retail
3/30/2025,P011,2,64.02,0,East,Online
3/30/2025,P012,2,41.34,0,West,Retail
3/30/2025,P013,1,17.38,0,West,Online
3/30/2025,P015,4,12.11,0,East,Online
3/31/2025,P001,4,19.22,0,North,Online
3/31/2025,P002,1,24.11,0,North,Online
3/31/2025,P004,9,8.96,0,South,Retail
3/31/2025,P006,4,62.17,0,South,Retail
3/31/2025,P008,6,23.25,0,North,Online
3/31/2025,P009,3,19.22,0.05,West,Online
3/31/2025,P011,1,64.54,0,East,Retail
3/31/2025,P012,2,40.1,0,South,Online
3/31/2025,P013,4,17.43,0,North,Online
3/31/2025,P014,2,21.78,0,North,Online
3/31/2025,P015,4,12.38,0.15,West,Retail
4/1/2025,P001,6,20.74,0,West,Online
4/1/2025,P003,1,49.03,0,East,Retail
4/1/2025,P004,10,8.72,0,South,Online
4/1/2025,P005,1,174.96,0,East,Retail
4/1/2025,P006,4,60.92,0,East,Online
4/1/2025,P008,2,23.25,0,South,Retail
4/1/2025,P009,5,19.45,0,West,Retail
4/1/2025,P010,3,18.31,0.05,South,Retail
4/1/2025,P011,1,64.51,0,East,Retail
4/1/2025,P012,4,39.88,0,West,Online
4/1/2025,P013,9,17,0,East,Online
4/1/2025,P014,4,22.6,0,South,Online
4/2/2025,P001,8,19.33,0,West,Online
4/2/2025,P002,4,24.42,0.1,West,Online
4/2/2025,P003,3,51.9,0.1,East,Retail
4/2/2025,P005,1,175.19,0,West,Online
4/2/2025,P006,1,58.32,0.05,South,Online
4/2/2025,P007,4,34.06,0,South,Online
4/2/2025,P008,5,23.52,0,West,Online
4/2/2025,P009,4,18.25,0,North,Online
4/2/2025,P010,6,17.49,0,West,Online
4/2/2025,P011,3,64.71,0,West,Online
4/2/2025,P012,1,41.31,0,East,Online
4/2/2025,P014,2,21.35,0,East,Online
4/2/2025,P015,3,11.73,0,North,Online
4/3/2025,P001,5,19.67,0,East,Online
4/3/2025,P003,3,48.31,0,West,Online
4/3/2025,P004,10,8.71,0,East,Retail
4/3/2025,P005,2,183.49,0,West,Retail
4/3/2025,P006,1,60.95,0,West,Online
4/3/2025,P007,2,34.02,0,South,Online
4/3/2025,P008,5,22.85,0,North,Online
4/3/2025,P009,3,18.7,0,East,Online
4/3/2025,P010,4,17.54,0.05,East,Online
4/3/2025,P011,1,65.6,0,North,Online
4/3/2025,P013,1,17.1,0,West,Online
4/3/2025,P015,2,11.63,0,West,Online
4/4/2025,P002,2,24.8,0,West,Retail
4/4/2025,P003,3,50.85,0,West,Retail
4/4/2025,P004,9,8.69,0,North,Online
4/4/2025,P005,1,179.12,0,South,Online
4/4/2025,P006,3,58.42,0,South,Online
4/4/2025,P007,1,33.77,0,North,Online
4/4/2025,P008,3,22.23,0,East,Retail
4/4/2025,P009,1,19.27,0,South,Online
4/4/2025,P012,2,39.56,0,South,Retail
4/4/2025,P014,4,22.07,0,East,Online
4/4/2025,P015,3,12.35,0,North,Online
4/5/2025,P002,4,24.77,0,East,Online
4/5/2025,P003,4,50.44,0,West,Online
4/5/2025,P004,14,9.14,0,East,Retail
4/5/2025,P005,3,180.44,0.05,South,Online
4/5/2025,P007,2,35.46,0,East,Online
4/5/2025,P008,5,23.22,0,South,Online
4/5/2025,P009,4,19.25,0,North,Retail
4/5/2025,P010,5,18.2,0,North,Retail
4/5/2025,P011,5,66.62,0,West,Online
4/5/2025,P012,4,40.26,0,South,Online
4/5/2025,P014,5,22.67,0,East,Retail
4/5/2025,P015,5,11.91,0,South,Online
4/6/2025,P001,13,20.27,0,North,Online
4/6/2025,P002,3,25.32,0,East,Retail
4/6/2025,P003,5,50.19,0,East,Online
4/6/2025,P005,4,185.08,0,East,Online
4/6/2025,P006,2,59.24,0,West,Online
4/6/2025,P007,4,34.73,0,West,Retail
4/6/2025,P008,4,23.38,0,North,Online
4/6/2025,P010,3,18.35,0,South,Retail
4/6/2025,P011,1,62.4,0,West,Online
4/6/2025,P012,3,39.54,0,West,Online
4/6/2025,P013,3,17.38,0,North,Online
4/6/2025,P014,3,22.87,0,West,Retail
4/6/2025,P015,7,12.44,0.15,North,Online
4/7/2025,P001,7,19.8,0,North,Retail
4/7/2025,P002,4,24.5,0,East,Online
4/7/2025,P003,4,51.13,0,South,Online
4/7/2025,P004,4,9.32,0.05,East,Retail
4/7/2025,P006,3,59.09,0.05,North,Online
4/7/2025,P010,5,18.08,0.05,South,Retail
4/7/2025,P011,5,65.76,0,North,Retail
4/7/2025,P012,4,39.95,0,East,Online
4/7/2025,P013,4,17.54,0,East,Online
4/7/2025,P014,5,22,0,West,Online
4/7/2025,P015,3,12.46,0,South,Online
4/8/2025,P001,7,19.81,0,South,Online
4/8/2025,P002,5,24.8,0,North,Retail
4/8/2025,P003,6,51.91,0,West,Retail
4/8/2025,P005,1,185.18,0.05,East,Online
4/8/2025,P006,1,60.05,0,West,Online
4/8/2025,P008,3,22.47,0,North,Retail
4/8/2025,P011,1,65.45,0,North,Retail
4/8/2025,P012,2,41.28,0,East,Online
4/8/2025,P013,1,16.58,0,West,Online
4/8/2025,P014,2,22.11,0,West,Retail
4/8/2025,P015,5,12.21,0,North,Online
4/9/2025,P001,2,20.44,0,East,Retail
4/9/2025,P002,5,25.25,0,North,Retail
4/9/2025,P004,13,8.66,0,South,Online
4/9/2025,P005,1,174.19,0,East,Online
4/9/2025,P006,4,60.1,0,North,Online
4/9/2025,P007,1,35.24,0,East,Retail
4/9/2025,P008,5,22.7,0,North,Retail
4/9/2025,P009,4,19.6,0,South,Online
4/9/2025,P010,7,17.78,0,South,Online
4/9/2025,P011,1,62.43,0,West,Online
4/9/2025,P012,2,39.4,0.05,West,Retail
4/9/2025,P013,1,17.27,0,East,Online
4/9/2025,P014,1,21.6,0,East,Retail
4/9/2025,P015,2,12.09,0,West,Retail
4/10/2025,P001,3,19.8,0,North,Online
4/10/2025,P002,4,25.86,0,North,Online
4/10/2025,P004,7,9.02,0,South,Online
4/10/2025,P006,1,59.6,0,East,Retail
4/10/2025,P007,1,35.72,0,East,Online
4/10/2025,P008,2,23.5,0,South,Online
4/10/2025,P009,3,18.98,0,West,Online
4/10/2025,P011,1,66.26,0.1,East,Retail
4/10/2025,P012,3,40.7,0,West,Retail
4/10/2025,P013,3,17.64,0,North,Online
4/11/2025,P004,6,8.92,0,North,Retail
4/11/2025,P006,6,60.27,0,North,Online
4/11/2025,P007,2,35.81,0,West,Retail
4/11/2025,P008,3,23.43,0,East,Online
4/11/2025,P009,4,18.77,0,South,Online
4/11/2025,P010,1,17.6,0,East,Retail
4/11/2025,P011,1,65.75,0,North,Online
4/11/2025,P012,4,38.51,0.15,West,Online
4/11/2025,P013,5,16.87,0.1,South,Retail
4/11/2025,P014,5,21.4,0,South,Online
4/11/2025,P015,7,11.74,0,West,Online
4/12/2025,P001,7,20.12,0,South,Retail
4/12/2025,P002,4,24.24,0,North,Online
4/12/2025,P003,5,50.66,0,,Retail
4/12/2025,P004,14,8.99,0,,Online
4/12/2025,P005,1,180.57,0,East,Retail
4/12/2025,P006,2,61.09,0,West,Online
4/12/2025,P008,3,22.25,0,North,Online
4/12/2025,P009,2,19.13,0,East,Retail
4/12/2025,P011,5,64.65,0,East,Online
4/12/2025,P012,4,39.1,0,West,Retail
4/12/2025,P013,3,16.79,0,North,Online
4/12/2025,P014,5,21.22,0,North,Retail
4/12/2025,P015,4,11.66,0,West,Retail
4/13/2025,P001,8,19.78,0,South,Online
4/13/2025,P002,2,25.65,0,North,Online
4/13/2025,P003,1,49.21,0,North,Online
4/13/2025,P004,10,8.88,0,North,Retail
4/13/2025,P005,3,186.55,0,North,Online
4/13/2025,P006,5,59.74,0,East,Online
4/13/2025,P007,1,35.33,0,West,Retail
4/13/2025,P009,1,18.83,0,West,Retail
4/13/2025,P010,3,17.4,0,South,Online
4/13/2025,P011,9,66.86,0,North,Retail
4/13/2025,P012,3,40.9,0,North,Retail
4/13/2025,P013,1,17.39,0,West,Online
4/13/2025,P014,6,22.43,0,North,Retail
4/13/2025,P015,7,12.23,0,East,Retail
4/14/2025,P002,2,25.37,0,East,Online
4/14/2025,P003,1,51.4,0,East,Online
4/14/2025,P004,10,8.69,0,South,Online
4/14/2025,P005,3,185.67,0,East,Online
4/14/2025,P006,1,58.43,0,North,Retail
4/14/2025,P007,5,34.58,0,South,Retail
4/14/2025,P008,4,23.33,0,South,Retail
4/14/2025,P009,6,18.76,0,West,Retail
4/14/2025,P010,2,18.35,0,North,Online
4/14/2025,P011,4,63.2,0.1,North,Online
4/14/2025,P012,3,39.69,0,East,Retail
4/14/2025,P013,5,16.91,0,South,Retail
4/14/2025,P014,2,21.31,0,North,Online
4/14/2025,P015,7,12.27,0,North,Retail
4/15/2025,P001,3,20.46,0,North,Online
4/15/2025,P002,5,24.9,0,East,Retail
4/15/2025,P003,-3,49.89,0,South,Retail
4/15/2025,P004,9,9.32,0,East,Online
4/15/2025,P005,1,179.6,0,West,Online
4/15/2025,P006,1,58,0,South,Online
4/15/2025,P007,1,33.74,0,West,Retail
4/15/2025,P008,2,23.16,0,North,Online
4/15/2025,P009,5,18.9,0,West,Online
4/15/2025,P010,1,17.67,0,North,Online
4/15/2025,P012,2,38.78,0,South,Retail
4/15/2025,P013,8,16.96,0,South,Online
4/15/2025,P014,1,21.33,0,North,Retail
4/16/2025,P001,7,20.7,0,South,Retail
4/16/2025,P002,1,24.97,0,West,Online
4/16/2025,P004,8,8.68,0,West,Online
4/16/2025,P005,3,182.75,0,East,Retail
4/16/2025,P006,2,60.51,0,South,Retail
4/16/2025,P007,1,34.08,0,South,Online
4/16/2025,P008,1,22.17,0,South,Online
4/16/2025,P010,2,18.02,0,South,Retail
4/16/2025,P011,1,64.99,0.1,West,Online
4/16/2025,P012,3,39.71,0,South,Retail
4/16/2025,P013,4,17.41,0,North,Online
4/16/2025,P014,2,22.65,0,East,Online
4/16/2025,P015,5,11.74,0,North,Retail
4/17/2025,P001,3,19.86,0,West,Online
4/17/2025,P002,5,25.36,0,West,Online
4/17/2025,P003,1,48.06,0,West,Retail
4/17/2025,P004,9,9.27,0,East,Retail
4/17/2025,P005,2,173.07,0,North,Online
4/17/2025,P006,3,62.21,0,East,Online
4/17/2025,P007,3,35.15,0,North,Online
4/17/2025,P008,2,23.07,0,West,Online
4/17/2025,P009,2,19.1,0,North,Online
4/17/2025,P010,3,17.47,0,South,Retail
4/17/2025,P011,3,63.5,0,West,Online
4/17/2025,P012,2,38.51,0,West,Online
4/17/2025,P014,5,22.84,0,South,Online
4/17/2025,P015,4,12.16,0,North,Online
4/18/2025,P001,8,20.7,0,West,Retail
4/18/2025,P002,3,25.66,0.05,South,Online
4/18/2025,P003,5,49.67,0,North,Online
4/18/2025,P004,7,8.89,0,North,Online
4/18/2025,P006,2,59.43,0,North,Online
4/18/2025,P009,5,18.49,0,South,Online
4/18/2025,P011,1,62.81,0,North,Online
4/18/2025,P012,2,41.09,0,South,Retail
4/18/2025,P013,1,16.48,0,West,Online
4/18/2025,P014,4,22.46,0.15,West,Online
4/18/2025,P015,6,12.45,0,South,Online
4/19/2025,P001,5,19.82,0.05,South,Retail
4/19/2025,P002,1,25.53,0,East,Online
4/19/2025,P003,4,51.43,0,North,Online
4/19/2025,P004,9,8.89,0,East,Retail
4/19/2025,P005,1,173.06,0,East,Online
4/19/2025,P006,2,60.45,0,East,Online
4/19/2025,P008,6,22.34,0,North,Retail
4/19/2025,P009,4,18.98,0,East,Retail
4/19/2025,P010,2,18.24,0,South,Online
4/19/2025,P012,4,40.38,0,East,Online
4/19/2025,P013,4,16.67,0,South,Retail
4/19/2025,P014,3,22.27,0,South,Online
4/19/2025,P015,9,12.2,0,North,Retail
4/20/2025,P001,6,19.78,0,North,Online
4/20/2025,P002,3,24.54,0,West,Retail
4/20/2025,P003,1,50.33,0,South,Online
4/20/2025,P004,13,8.65,0,South,Online
4/20/2025,P005,1,183.33,0,East,Online
4/20/2025,P006,3,60.64,0,West,Online
4/20/2025,P007,5,35.42,0,South,Online
4/20/2025,P009,7,18.34,0,West,Retail
4/20/2025,P010,4,17.53,0,North,Retail
4/20/2025,P012,5,39.6,0,North,Retail
4/20/2025,P013,2,16.87,0,South,Retail
4/20/2025,P014,2,22.36,0,North,Online
4/21/2025,P001,3,20.72,0,South,Online
4/21/2025,P002,3,24.14,0.1,East,Retail
4/21/2025,P003,5,51.42,0.15,West,Online
4/21/2025,P006,5,61.19,0.05,West,Retail
4/21/2025,P007,1,34.09,0,North,Online
4/21/2025,P008,3,23.79,0,East,Online
4/21/2025,P009,1,19.69,0.15,East,Online
4/21/2025,P010,3,18.52,0,East,Online
4/21/2025,P011,-2,64.41,0,South,Retail
4/21/2025,P012,1,41.49,0,North,Online
4/21/2025,P013,5,16.61,0,East,Online
4/21/2025,P014,2,22.76,0,North,Online
4/21/2025,P015,3,12.02,0.15,South,Online
4/22/2025,P001,11,19.3,0,West,Retail
4/22/2025,P002,2,24.99,0,North,Online
4/22/2025,P003,2,49.61,0,West,Retail
4/22/2025,P005,3,185.4,0,North,Online
4/22/2025,P006,1,61.2,1.35,South,Online
4/22/2025,P007,1,34.54,0,West,Online
4/22/2025,P008,2,23.46,0,West,Retail
4/22/2025,P009,5,19.67,0,North,Retail
4/22/2025,P010,3,17.37,0,West,Online
4/22/2025,P011,3,66.32,0,West,Retail
4/22/2025,P013,6,16.78,0,East,Retail
4/22/2025,P014,1,22.18,0,East,Online
4/22/2025,P015,10,11.53,0,South,Online
4/22/2025,P015,10,11.53,0,South,Online
4/23/2025,P001,4,19.44,0,East,Retail
4/23/2025,P002,1,24.83,0,East,Retail
4/23/2025,P004,6,9.15,0,East,Retail
4/23/2025,P005,3,185.27,0,South,Retail
4/23/2025,P006,4,58.91,0,West,Retail
4/23/2025,P007,1,33.72,0,South,Online
4/23/2025,P010,5,17.76,0,North,Online
4/23/2025,P011,3,67.39,0,South,Retail
4/23/2025,P013,3,17.57,0,North,Retail
4/23/2025,P015,2,11.82,0,East,Online
4/24/2025,P002,4,25.56,0,East,Online
4/24/2025,P003,3,50.52,0,East,Online
4/24/2025,P005,1,181.61,0,South,Online
4/24/2025,P006,4,59.26,0,West,Online
4/24/2025,P009,1,19.64,0,North,Online
4/24/2025,P010,4,17.9,0,North,Retail
4/24/2025,P011,3,63.1,0.15,East,Online
4/24/2025,P014,6,22.22,0,East,Online
4/25/2025,P001,5,20.2,0.15,South,Online
4/25/2025,P003,2,50.44,0,North,Retail
4/25/2025,P004,8,9.17,0.15,West,Online
4/25/2025,P005,2,186.07,0,South,Online
4/25/2025,P007,1,33.82,0,West,Online
4/25/2025,P009,2,19.59,0.05,West,Retail
4/25/2025,P010,2,17.73,0.05,East,Retail
4/25/2025,P011,1,66.1,0,North,Online
4/25/2025,P013,9,17.65,0,West,Retail
4/25/2025,P014,2,22.13,0,West,Online
4/25/2025,P015,5,11.78,0,East,Online
4/26/2025,P001,6,20.78,0,East,Online
4/26/2025,P002,3,25.32,0,East,Online
4/26/2025,P003,6,49.89,0.05,South,Online
4/26/2025,P004,8,8.65,0,North,Retail
4/26/2025,P005,2,182.21,0,North,Retail
4/26/2025,P006,1,62.3,0,East,Online
4/26/2025,P007,2,34.44,0,East,Online
4/26/2025,P008,6,22.36,0,West,Online
4/26/2025,P009,4,18.28,0.15,North,Retail
4/26/2025,P010,4,18.26,0,South,Retail
4/26/2025,P011,2,67.46,0,North,Online
4/26/2025,P012,3,41.12,0,South,Online
4/26/2025,P013,3,16.67,0,West,Online
4/26/2025,P014,3,22.33,0.1,North,Online
4/26/2025,P015,5,11.76,0,West,Retail
4/27/2025,P001,5,20.33,0,West,Online
4/27/2025,P002,8,24.4,0,North,Online
4/27/2025,P003,5,49.65,0.1,North,Online
4/27/2025,P004,10,9.02,0,South,Online
4/27/2025,P008,6,23.5,0,West,Retail
4/27/2025,P011,6,63.98,0.05,West,Online
4/27/2025,P012,1,38.8,0,East,Online
4/27/2025,P013,4,16.8,0,East,Retail
4/27/2025,P014,6,22.62,0,South,Online
4/27/2025,P015,3,12.32,0,West,Online
4/28/2025,P001,2,20.53,0,West,Online
4/28/2025,P002,2,25.05,0,North,Online
4/28/2025,P003,5,50.06,0,East,Online
4/28/2025,P005,2,173.08,0,South,Retail
4/28/2025,P006,2,60.73,0,West,Retail
4/28/2025,P007,1,35.09,0,East,Online
4/28/2025,P008,2,23.8,0,East,Online
4/28/2025,P009,4,19.59,0,North,Retail
4/28/2025,P011,4,63.93,0,East,Online
4/28/2025,P012,2,39.48,0,West,Online
4/28/2025,P013,5,17.34,0,West,Online
4/28/2025,P014,5,21.91,0,West,Retail
4/28/2025,P015,6,11.75,0,West,Online
4/29/2025,P001,5,20.11,0,North,Retail
4/29/2025,P002,3,24.21,0,East,Online
4/29/2025,P003,2,49.34,0,East,Online
4/29/2025,P005,2,175.27,0,South,Online
4/29/2025,P006,1,61.56,0,South,Online
4/29/2025,P007,3,33.7,0.05,East,Online
4/29/2025,P008,2,22.13,0,East,Online
4/29/2025,P009,5,19.44,0.1,West,Online
4/29/2025,P010,3,17.33,0,North,Online
4/29/2025,P011,3,63.22,0.1,North,Online
4/29/2025,P012,3,39.14,0,West,Online
4/29/2025,P013,2,16.37,0,East,Online
4/29/2025,P014,4,21.94,0.1,East,Online
4/29/2025,P015,6,12.4,0,East,Online
4/30/2025,P001,8,20.28,0,East,Retail
4/30/2025,P002,3,25.65,0.1,North,Online
4/30/2025,P003,2,48.09,0,South,Online
4/30/2025,P004,8,9.15,0,North,Online
4/30/2025,P005,1,175.25,0,North,Retail
4/30/2025,P007,1,33.62,0,South,Online
4/30/2025,P008,2,22.95,0,South,Retail
4/30/2025,P009,1,18.65,0,North,Online
4/30/2025,P010,1,17.32,0,East,Retail
4/30/2025,P011,6,65.68,0,West,Online
4/30/2025,P012,2,39.74,0,West,Online
4/30/2025,P013,2,17.38,0,West,Online
4/30/2025,P014,3,21.86,0,South,Online
4/30/2025,P015,3,11.93,0.05,South,Online
5/1/2025,P001,1,20.01,0,North,Retail
5/1/2025,P002,2,25.25,0,South,Online
5/1/2025,P003,1,51.75,0,East,Online
5/1/2025,P004,6,8.95,0.1,North,Online
5/1/2025,P006,2,59.81,0,West,Online
5/1/2025,P007,2,36.12,0,South,Online
5/1/2025,P008,2,23.2,0,East,Online
5/1/2025,P010,1,18.19,0,North,Online
5/1/2025,P011,2,65.39,0,East,Online
5/1/2025,P012,7,38.56,0,North,Online
5/1/2025,P013,5,17.39,0,South,Retail
5/1/2025,P014,3,21.61,0,West,Online
5/1/2025,P015,6,12.31,0,East,Online
5/2/2025,P001,6,19.83,0,West,Online
5/2/2025,P002,2,24.14,0,East,Retail
5/2/2025,P003,2,49.89,0,North,Online
5/2/2025,P004,7,9.15,0.05,East,Online
5/2/2025,P005,2,181.25,0,North,Online
5/2/2025,P006,5,60.77,0.05,South,Retail
5/2/2025,P008,6,22.28,0,South,Online
5/2/2025,P009,5,18.74,0,North,Retail
5/2/2025,P011,1,66.75,0.05,North,Retail
5/2/2025,P012,10,39.38,0,West,Online
5/2/2025,P013,3,17.53,0,West,Retail
5/2/2025,P015,4,11.79,0,West,Online
5/3/2025,P001,6,20.74,0.05,East,Online
5/3/2025,P002,9,24.52,0,North,Online
5/3/2025,P003,4,49.79,0,East,Online
5/3/2025,P004,20,9.29,0,South,Online
5/3/2025,P005,2,173.64,0,West,Online
5/3/2025,P006,1,59.18,0,East,Retail
5/3/2025,P007,6,34.87,0,East,Retail
5/3/2025,P008,6,22.17,0,West,Online
5/3/2025,P009,6,18.5,0,South,Online
5/3/2025,P010,2,17.51,0,North,Retail
5/3/2025,P011,5,62.66,0,West,Online
5/3/2025,P012,4,38.8,0,North,Online
5/3/2025,P013,5,17.14,0,North,Retail
5/3/2025,P014,5,22.38,0,South,Online
5/3/2025,P015,4,11.78,0,West,Online
5/4/2025,P001,8,19.77,0,South,Online
5/4/2025,P002,7,24.06,0,South,Retail
5/4/2025,P003,1,48.12,0,West,Online
5/4/2025,P004,15,9.08,0,East,Online
5/4/2025,P005,3,178.15,0,East,Retail
5/4/2025,P006,4,61.5,0,North,Retail
5/4/2025,P007,1,36.32,0,East,Online
5/4/2025,P008,5,23.69,0,East,Online
5/4/2025,P009,11,18.62,0,East,Online
5/4/2025,P010,1,17.68,0,North,Online
5/4/2025,P011,4,67.13,0,West,Online
5/4/2025,P012,5,38.76,0,East,Online
5/4/2025,P013,1,16.84,0,North,Retail
5/4/2025,P014,2,22.87,0,North,Online
5/4/2025,P015,7,11.64,0,North,Online
5/5/2025,P001,8,20.47,0,East,Online
5/5/2025,P002,2,24.46,0,South,Retail
5/5/2025,P003,4,50.24,0,West,Retail
5/5/2025,P004,6,9.04,0,South,Retail
5/5/2025,P005,2,176.1,0.1,South,Online
5/5/2025,P006,2,59,0,West,Retail
5/5/2025,P008,6,22.21,0,South,Online
5/5/2025,P009,4,18.91,0,East,Online
5/5/2025,P010,4,18.14,0,North,Retail
5/5/2025,P011,2,66.04,0,North,Online
5/5/2025,P015,4,11.95,0.1,South,Retail
5/6/2025,P001,10,19.62,0,South,Online
5/6/2025,P002,4,24.09,0,East,Online
5/6/2025,P003,2,50.44,0,East,Retail
5/6/2025,P004,12,9.21,0,West,Online
5/6/2025,P005,1,177.04,0,South,Online
5/6/2025,P006,4,61,0,South,Retail
5/6/2025,P006,4,61,0,South,Retail
5/6/2025,P007,2,35.06,0,East,Retail
5/6/2025,P008,3,22.84,0,South,Online
5/6/2025,P009,2,19.47,0,West,Online
5/6/2025,P010,1,17.41,0,East,Retail
5/6/2025,P011,1,66.97,0,East,Online
5/6/2025,P012,2,40.83,0,North,Online
5/6/2025,P013,1,16.5,0,East,Retail
5/6/2025,P014,3,21.82,0,North,Online
5/6/2025,P015,6,11.64,0,South,Retail
5/7/2025,P001,6,20,0,East,Retail
5/7/2025,P002,2,25.22,0.15,East,Online
5/7/2025,P004,9,9.19,0,North,Online
5/7/2025,P005,1,173.21,0,North,Online
5/7/2025,P008,3,23.64,0,South,Online
5/7/2025,P008,3,23.64,0,South,Online
5/7/2025,P009,3,19.69,0,East,Online
5/7/2025,P010,3,18.5,0,North,Online
5/7/2025,P012,2,38.42,0,East,Retail
5/7/2025,P013,5,16.53,0,North,Online
5/7/2025,P015,10,12.22,0,North,Online
5/8/2025,P001,2,19.4,0,South,Online
5/8/2025,P003,6,51.05,0,West,Online
5/8/2025,P004,8,9.3,0.1,West,Online
5/8/2025,P005,1,185.98,0,West,Online
5/8/2025,P006,4,59.33,0,West,Retail
5/8/2025,P007,1,33.7,0,East,Retail
5/8/2025,P009,3,19.08,0,North,Online
5/8/2025,P010,5,17.3,0,West,Online
5/8/2025,P011,3,64.7,0,South,Online
5/8/2025,P013,7,17.12,0,South,Online
5/8/2025,P014,2,21.61,0,West,Online
5/8/2025,P015,6,11.8,0,East,Retail
5/9/2025,P001,5,19.97,0,East,Online
5/9/2025,P002,4,25.72,0,North,Retail
5/9/2025,P004,5,9.24,0,North,Online
5/9/2025,P005,1,186.51,0.1,West,Online
5/9/2025,P006,3,60.33,0,North,Online
5/9/2025,P007,1,35.63,0,South,Online
5/9/2025,P008,5,22.74,0,North,Online
5/9/2025,P009,6,19.73,0,South,Retail
5/9/2025,P010,2,17.51,0,West,Online
5/9/2025,P011,3,64.61,0,East,Online
5/9/2025,P012,5,41.02,0.05,North,Online
5/9/2025,P013,4,17.6,0,West,Retail
5/9/2025,P014,2,21.17,0,North,Online
5/9/2025,P015,2,11.77,0,South,Online
5/10/2025,P001,8,19.31,0,North,Online
5/10/2025,P002,4,24.98,0,West,Retail
5/10/2025,P003,2,49.29,0,South,Retail
5/10/2025,P004,10,8.97,0,West,Retail
5/10/2025,P006,3,58.31,0,North,Online
5/10/2025,P007,3,36.05,0.15,West,Online
5/10/2025,P008,5,22.25,0,North,Retail
5/10/2025,P009,8,18.36,0,South,Online
5/10/2025,P011,2,63.24,0,East,Retail
5/10/2025,P012,3,41.41,0.05,North,Online
5/10/2025,P013,1,16.45,0,North,Online
5/10/2025,P014,5,22.23,0,West,Retail
5/10/2025,P015,4,11.85,0,West,Retail
5/11/2025,P001,8,20.28,0,South,Retail
5/11/2025,P002,8,25.08,0,North,Online
5/11/2025,P003,6,49.39,0,West,Online
5/11/2025,P004,10,8.97,0,North,Retail
5/11/2025,P006,3,58.23,0.15,East,Retail
5/11/2025,P007,4,33.86,0,North,Retail
5/11/2025,P008,3,23.58,0.05,East,Online
5/11/2025,P012,9,40.8,0,South,Retail
5/11/2025,P013,1,17.54,0,West,Online
5/11/2025,P014,5,22.2,0,East,Retail
5/11/2025,P015,2,12.43,0,South,Online
5/12/2025,P001,3,19.45,0.15,East,Retail
5/12/2025,P002,5,24.23,0,South,Online
5/12/2025,P003,2,50.68,0,South,Online
5/12/2025,P004,11,8.76,0,East,Retail
5/12/2025,P006,2,57.76,0,West,Online
5/12/2025,P007,3,34.24,0,North,Online
5/12/2025,P008,4,23.05,0,East,Online
5/12/2025,P009,5,19.01,0,West,Online
5/12/2025,P013,7,17.09,0,South,Online
5/12/2025,P014,5,21.87,0,North,Retail
5/13/2025,P001,2,19.54,0.1,South,Online
5/13/2025,P002,2,25.98,0,South,Online
5/13/2025,P004,4,9.29,0,East,Online
5/13/2025,P005,1,185.4,0,East,Online
5/13/2025,P006,2,60.77,0.05,North,Online
5/13/2025,P008,2,22.49,0,North,Online
5/13/2025,P009,8,18.87,0,North,Retail
5/13/2025,P010,2,18.54,0,South,Online
5/13/2025,P011,4,63.97,0,South,Online
5/13/2025,P012,1,,0,East,Online
5/13/2025,P013,3,16.91,0,East,Online
5/13/2025,P014,5,22.3,0,North,Online
5/13/2025,P015,8,12.12,0,West,Online
5/14/2025,P001,7,20.2,0,West,Online
5/14/2025,P002,2,25.17,0,West,Online
5/14/2025,P003,2,49.72,0,East,Retail
5/14/2025,P004,7,9.31,0,East,Retail
5/14/2025,P005,1,183.77,0,West,Retail
5/14/2025,P006,1,58.14,0,North,Online
5/14/2025,P008,5,22.23,0,South,Retail
5/14/2025,P010,2,17.36,0,West,Online
5/14/2025,P011,1,64.19,0,West,Online
5/14/2025,P012,3,40.11,0,East,Retail
5/14/2025,P013,4,17.12,0,East,Online
5/14/2025,P015,9,12.17,0,West,Retail
5/15/2025,P001,9,19.6,0,East,Online
5/15/2025,P002,4,24.01,0,West,Online
5/15/2025,P004,13,9.18,0,East,Retail
5/15/2025,P005,-1,187,0,South,Retail
5/15/2025,P006,1,59.81,0,West,Online
5/15/2025,P007,4,35.7,0,South,Online
5/15/2025,P008,6,22.3,0,West,Retail
5/15/2025,P009,3,18.87,0,South,Retail
5/15/2025,P010,2,18.63,0,South,Online
5/15/2025,P012,4,40.61,0,North,Online
5/15/2025,P013,7,16.98,0,South,Retail
5/15/2025,P014,3,21.74,0,East,Retail
5/15/2025,P015,6,11.65,0,West,Retail
5/16/2025,P001,2,19.36,0,West,Online
5/16/2025,P002,3,24.24,0,West,Online
5/16/2025,P003,2,47.99,0,West,Retail
5/16/2025,P004,10,8.97,0.15,East,Online
5/16/2025,P005,1,183.11,0,East,Retail
5/16/2025,P006,1,57.69,0,West,Online
5/16/2025,P007,3,36.18,0,South,Online
5/16/2025,P009,3,18.8,0,North,Online
5/16/2025,P010,3,17.64,0,North,Retail
5/16/2025,P011,2,66.15,0,East,Retail
5/16/2025,P012,1,39.61,0,East,Retail
5/16/2025,P013,5,17.5,0,West,Online
5/16/2025,P015,4,12.09,0,South,Online
5/17/2025,P001,7,20.07,0,West,Retail
5/17/2025,P003,1,50.27,0,East,Online
5/17/2025,P004,13,8.75,0,West,Online
5/17/2025,P005,4,178.1,0,East,Online
5/17/2025,P007,1,35.32,0,South,Online
5/17/2025,P008,3,22.25,0,North,Retail
5/17/2025,P009,1,18.32,0,South,Retail
5/17/2025,P010,7,18.66,0,West,Online
5/17/2025,P011,3,63.81,0,North,Online
5/17/2025,P012,4,40.51,0,South,Online
5/17/2025,P013,5,17.41,0,East,Online
5/17/2025,P014,2,22.67,0,South,Retail
5/17/2025,P015,7,11.87,0,South,Retail
5/18/2025,P001,8,19.36,0,West,Online
5/18/2025,P002,2,25.23,0,West,Online
5/18/2025,P003,6,48.74,0,West,Online
5/18/2025,P005,2,175.97,0,South,Online
5/18/2025,P006,3,62.13,0,North,Online
5/18/2025,P008,6,23.19,0,North,Retail
5/18/2025,P009,3,19.69,0,North,Retail
5/18/2025,P010,6,17.94,0,North,Online
5/18/2025,P011,2,66.81,0,West,Online
5/18/2025,P014,2,21.45,0,South,Retail
5/18/2025,P015,5,12.41,0,East,Retail
5/19/2025,P001,6,20.37,0,East,Retail
5/19/2025,P002,2,24.3,0,South,Retail
5/19/2025,P003,2,49.35,0.05,East,Online
5/19/2025,P004,11,9.06,0,North,Online
5/19/2025,P005,2,174.92,0,East,Retail
5/19/2025,P007,1,34.9,0,East,Online
5/19/2025,P008,5,22.87,0,South,Online
5/19/2025,P009,3,18.88,0,North,Retail
5/19/2025,P010,2,17.61,0,South,Online
5/19/2025,P011,3,65.39,0,North,Retail
5/19/2025,P014,2,22.25,0,East,Online
5/19/2025,P015,2,11.66,0,North,Retail
5/20/2025,P002,2,24.39,0,North,Retail
5/20/2025,P003,6,50.14,0,South,Online
5/20/2025,P004,10,8.65,0,West,Online
5/20/2025,P005,4,186.94,0.15,West,Retail
5/20/2025,P006,4,59.54,0,West,Retail
5/20/2025,P007,5,35.77,0,North,Online
5/20/2025,P008,3,22.57,0,South,Retail
5/20/2025,P009,5,19.51,0,South,Online
5/20/2025,P010,1,18.12,0,South,Retail
5/20/2025,P011,2,62.98,0,West,Online
5/20/2025,P012,4,39.38,0,East,Online
5/20/2025,P013,1,16.56,0,East,Online
5/20/2025,P014,1,22.07,0,West,Online
5/20/2025,P015,2,12.36,0,South,Retail
5/21/2025,P001,9,20.39,0,South,Online
5/21/2025,P003,2,48.15,0,South,Online
5/21/2025,P004,15,8.85,1.35,East,Online
5/21/2025,P006,3,59.29,0,South,Online
5/21/2025,P007,2,35.31,0,East,Online
5/21/2025,P008,2,23.57,0,North,Online
5/21/2025,P009,3,19.38,0.1,North,Retail
5/21/2025,P010,2,17.91,0,East,Online
5/21/2025,P011,3,65.13,0,North,Retail
5/21/2025,P012,5,39.74,0,East,Online
5/21/2025,P013,4,17.55,0,East,Retail
5/21/2025,P014,2,21.51,0,West,Online
5/21/2025,P015,5,12.11,0,East,Retail
5/22/2025,P002,2,24.27,0,East,Retail
5/22/2025,P003,4,51.42,0,West,Online
5/22/2025,P004,5,9.29,0,North,Online
5/22/2025,P006,3,60.73,0,East,Retail
5/22/2025,P008,8,23.5,0,East,Online
5/22/2025,P009,7,18.65,0,East,Online
5/22/2025,P010,6,18.23,0,North,Retail
5/22/2025,P011,2,67.52,0,South,Online
5/22/2025,P012,3,41.45,0,South,Online
5/22/2025,P013,4,17.53,0,West,Online
5/22/2025,P014,3,22.05,0,West,Online
5/22/2025,P015,5,12.37,0,West,Retail
5/23/2025,P001,5,20.42,0,West,Retail
5/23/2025,P002,4,25.28,0,East,Retail
5/23/2025,P003,2,50.78,0,West,Online
5/23/2025,P004,10,8.64,0.1,North,Online
5/23/2025,P006,4,62.1,0,East,Online
5/23/2025,P007,4,35.87,0,North,Online
5/23/2025,P008,3,23.51,0,East,Retail
5/23/2025,P009,1,18.49,0,West,Online
5/23/2025,P010,2,17.48,0,West,Online
5/23/2025,P011,3,63.8,0,North,Online
5/23/2025,P012,4,38.95,0,East,Retail
5/23/2025,P014,2,22.53,0,West,Retail
5/23/2025,P015,4,11.95,0,South,Online
5/24/2025,P001,9,20,0,West,Retail
5/24/2025,P002,1,25,0,West,Online
5/24/2025,P003,3,49.31,0,South,Online
5/24/2025,P006,5,58.05,0,South,Retail
5/24/2025,P007,2,35.67,0.15,South,Retail
5/24/2025,P008,3,22.82,0,South,Retail
5/24/2025,P009,2,18.53,0,South,Retail
5/24/2025,P010,4,17.92,0,West,Retail
5/24/2025,P013,3,17,0,East,Retail
5/24/2025,P014,2,22.21,0,East,Online
5/24/2025,P015,5,11.61,0,East,Online
5/25/2025,P002,2,24.84,0,West,Online
5/25/2025,P003,7,51.49,0,West,Online
5/25/2025,P004,8,9,0,North,Online
5/25/2025,P005,3,177.15,0,West,Retail
5/25/2025,P006,5,59.19,0,East,Online
5/25/2025,P007,3,34.02,0,South,Online
5/25/2025,P008,3,23.41,0,North,Retail
5/25/2025,P009,4,18.97,0,East,Online
5/25/2025,P011,3,64.31,0,South,Retail
5/25/2025,P012,12,41.58,0,West,Online
5/25/2025,P013,5,16.51,0,South,Retail
5/25/2025,P014,4,22.4,0,East,Retail
5/25/2025,P015,3,11.59,0,East,Online
5/26/2025,P001,2,20.51,0.15,West,Retail
5/26/2025,P004,8,9.14,0,East,Online
5/26/2025,P005,1,178.17,0,South,Online
5/26/2025,P008,2,23.35,0,West,Retail
5/26/2025,P009,6,18.96,0,South,Online
5/26/2025,P010,1,18.61,0,North,Online
5/26/2025,P011,3,63.35,0,East,Online
5/26/2025,P012,4,39.06,0,East,Retail
5/26/2025,P013,2,17.65,0.1,East,Retail
5/26/2025,P014,3,21.42,0.05,East,Online
5/26/2025,P015,5,12.24,0,East,Online
5/27/2025,P002,2,25.34,0,East,Online
5/27/2025,P003,3,49.12,0,West,Retail
5/27/2025,P004,5,9.16,0,East,Retail
5/27/2025,P007,1,33.96,0,East,Online
5/27/2025,P008,2,22.47,0,South,Retail
5/27/2025,P009,3,19.45,0,West,Retail
5/27/2025,P011,1,64.58,0,South,Retail
5/27/2025,P012,5,38.64,0,East,Online
5/27/2025,P013,3,16.56,0,East,Online
5/27/2025,P015,7,11.53,0,East,Online
5/28/2025,P001,7,20.18,0,East,Retail
5/28/2025,P002,3,24.8,0,North,Online
5/28/2025,P003,1,51.22,0,East,Retail
5/28/2025,P004,15,8.81,0,North,Retail
5/28/2025,P005,2,183.89,0,North,Online
5/28/2025,P006,5,58.81,0.15,West,Online
5/28/2025,P007,3,34.6,0,South,Online
5/28/2025,P013,6,16.41,0,South,Online
5/28/2025,P014,3,22.58,0,North,Retail
5/28/2025,P015,2,12.28,0,East,Retail
5/29/2025,P001,11,19.58,0,East,Retail
5/29/2025,P003,4,49.72,0,West,Online
5/29/2025,P004,10,9.28,0,West,Retail
5/29/2025,P007,1,34.96,0,South,Retail
5/29/2025,P009,5,19.7,0,East,Online
5/29/2025,P010,2,18.23,0,South,Online
5/29/2025,P013,4,16.9,0,North,Retail
5/29/2025,P014,4,22.18,0,South,Online
5/29/2025,P015,2,12.04,0,East,Online
5/30/2025,P001,3,20.67,0.05,North,Online
5/30/2025,P002,1,25.61,0,West,Online
5/30/2025,P003,2,49.27,0,North,Online
5/30/2025,P005,3,179.1,0.05,South,Online
5/30/2025,P006,3,59.89,0.15,West,Online
5/30/2025,P008,8,22.58,0,South,Online
5/30/2025,P009,6,19.18,0,North,Retail
5/30/2025,P011,2,66.04,0,North,Online
5/30/2025,P012,2,39.36,0,South,Retail
5/30/2025,P013,2,,0,North,Online
5/30/2025,P014,6,22.77,0.1,South,Online
5/30/2025,P015,4,12.25,0,East,Online
5/31/2025,P001,10,19.92,0,North,Online
5/31/2025,P002,6,25.85,0,West,Online
5/31/2025,P004,17,9.05,0,East,Online
5/31/2025,P006,3,60.01,0,East,Online
5/31/2025,P010,2,18.55,0,South,Retail
5/31/2025,P011,3,65.4,0,West,Online
5/31/2025,P012,3,39.34,0,North,Online
5/31/2025,P013,7,16.99,0,North,Online
5/31/2025,P014,3,21.16,0,North,Retail
5/31/2025,P015,9,12.12,0,East,Retail
6/1/2025,P002,5,24.66,0,East,Online
6/1/2025,P004,13,9.2,0,South,Online
6/1/2025,P005,2,183.04,0,South,Online
6/1/2025,P006,6,57.93,0,East,Online
6/1/2025,P007,3,35.97,0,West,Online
6/1/2025,P008,5,23.23,0,North,Retail
6/1/2025,P010,7,18.46,0,East,Retail
6/1/2025,P011,4,67.36,0,West,Retail
6/1/2025,P013,4,17.38,0,South,Online
6/1/2025,P014,4,21.41,0,South,Online
6/1/2025,P015,4,11.56,0,West,Retail
6/2/2025,P002,4,25.5,0,East,Online
6/2/2025,P003,1,51.59,0,East,Online
6/2/2025,P004,9,8.67,0,West,Online
6/2/2025,P005,2,179.8,0,West,Online
6/2/2025,P006,3,57.96,0,North,Online
6/2/2025,P007,6,34.63,0,East,Retail
6/2/2025,P008,5,23.48,0,South,Retail
6/2/2025,P009,5,19.74,0,East,Retail
6/2/2025,P010,3,17.84,0,East,Online
6/2/2025,P011,4,65.3,0.1,East,Online
6/2/2025,P012,1,40.91,0,West,Online
6/2/2025,P013,5,17.16,0,East,Retail
6/2/2025,P014,2,21.81,0,North,Retail
6/2/2025,P015,4,12.03,0,South,Online
6/3/2025,P001,7,20.28,0,South,Online
6/3/2025,P002,7,25.96,0,East,Online
6/3/2025,P003,5,48.73,0,South,Retail
6/3/2025,P004,9,9.04,0,West,Online
6/3/2025,P006,4,57.76,0,West,Online
6/3/2025,P007,1,33.79,0,South,Retail
6/3/2025,P008,6,23.66,0,North,Retail
6/3/2025,P010,2,17.81,0,South,Online
6/3/2025,P011,2,66.81,0,South,Online
6/3/2025,P012,4,38.63,0,East,Retail
6/3/2025,P013,7,17.25,0,North,Retail
6/3/2025,P015,7,12.18,0,West,Retail
6/4/2025,P001,4,19.91,0,South,Online
6/4/2025,P002,5,24.84,0,East,Online
6/4/2025,P003,6,48.11,0,South,Retail
6/4/2025,P004,12,9.18,0,West,Retail
6/4/2025,P005,1,173.43,0,East,Retail
6/4/2025,P006,3,60.64,0,North,Online
6/4/2025,P007,3,36.11,0,East,Online
6/4/2025,P008,3,22.2,0,West,Retail
6/4/2025,P009,9,18.8,0,South,Online
6/4/2025,P010,6,17.9,0,North,Retail
6/4/2025,P011,5,64.91,0,South,Retail
6/4/2025,P013,5,17.36,0,South,Retail
6/4/2025,P015,4,11.66,0.1,North,Online
6/5/2025,P001,10,19.62,0,West,Online
6/5/2025,P002,4,24.18,0.1,East,Online
6/5/2025,P003,3,49.22,0,North,Retail
6/5/2025,P004,14,8.91,0.15,West,Retail
6/5/2025,P005,7,183.43,0,South,Online
6/5/2025,P007,1,35.93,0.15,South,Retail
6/5/2025,P008,2,22.79,0,East,Online
6/5/2025,P009,4,18.75,0,North,Online
6/5/2025,P010,2,18.13,0,West,Online
6/5/2025,P011,4,62.51,0,East,Retail
6/5/2025,P012,9,41.32,0,West,Online
6/5/2025,P013,6,16.48,0,North,Online
6/5/2025,P014,1,22.46,0,East,Online
6/5/2025,P015,5,12.32,0.1,South,Online
6/6/2025,P001,6,20.57,0,West,Retail
6/6/2025,P002,4,24.91,0,West,Online
6/6/2025,P004,6,8.88,0,South,Online
6/6/2025,P005,2,181.7,0,North,Retail
6/6/2025,P007,3,35.47,0,East,Online
6/6/2025,P008,5,22.33,0,North,Retail
6/6/2025,P009,4,19.01,0,West,Online
6/6/2025,P010,1,17.78,0.15,West,Online
6/6/2025,P012,4,41.14,0,South,Retail
6/6/2025,P013,3,16.32,0,South,Retail
6/6/2025,P014,5,22.19,0,West,Retail
6/6/2025,P015,4,11.74,0,North,Retail
6/7/2025,P001,7,19.73,0,South,Retail
6/7/2025,P002,3,24.72,0,South,Retail
6/7/2025,P003,6,49.53,0.05,South,Online
6/7/2025,P004,12,8.87,0,West,Online
6/7/2025,P005,2,178.85,0,East,Online
6/7/2025,P007,6,33.87,0,East,Retail
6/7/2025,P010,4,18.67,0,West,Retail
6/7/2025,P011,1,66.28,0.1,East,Online
6/7/2025,P012,7,40.35,0,South,Online
6/7/2025,P014,4,21.26,0,West,Retail
6/7/2025,P015,5,11.9,0,North,Online
6/8/2025,P001,9,20.08,0,South,Retail
6/8/2025,P002,3,24.09,0,North,Online
6/8/2025,P004,18,8.77,0,East,Online
6/8/2025,P005,3,183.66,0,West,Online
6/8/2025,P006,4,58.23,0,South,Online
6/8/2025,P007,3,35.06,0,South,Online
6/8/2025,P008,3,23.3,0,South,Retail
6/8/2025,P009,4,18.57,0,East,Online
6/8/2025,P012,5,39.26,0,North,Online
6/8/2025,P013,4,17.5,0,North,Online
6/8/2025,P014,3,22.74,0,North,Online
6/9/2025,P001,11,20.29,0,West,Online
6/9/2025,P002,6,25.85,0,West,Retail
6/9/2025,P003,5,48.85,0,South,Retail
6/9/2025,P004,15,8.73,0,West,Retail
6/9/2025,P005,2,178.94,0,West,Online
6/9/2025,P006,6,60.05,0,South,Online
6/9/2025,P007,2,35.5,0,South,Online
6/9/2025,P009,4,18.78,0,North,Retail
6/9/2025,P010,3,18.28,0,West,Online
6/9/2025,P012,3,40.81,0,North,Online
6/9/2025,P013,3,17.47,0,East,Online
6/9/2025,P014,5,22.51,0,East,Online
6/9/2025,P015,8,12.45,0,West,Online
6/10/2025,P001,6,20.15,0,South,Online
6/10/2025,P002,4,25.64,0,North,Online
6/10/2025,P003,3,51.58,0,West,Retail
6/10/2025,P004,15,9.18,0,West,Online
6/10/2025,P005,2,184.94,0.15,West,Retail
6/10/2025,P006,2,62.27,0,South,Online
6/10/2025,P007,4,35.37,0,South,Retail
6/10/2025,P008,5,23.23,0,South,Online
6/10/2025,P009,5,19.47,0.15,,Online
6/10/2025,P010,4,17.94,0,South,Online
6/10/2025,P011,2,62.62,0.15,East,Online
6/10/2025,P013,4,16.82,0,West,Online
6/10/2025,P014,5,21.6,0,South,Online
6/10/2025,P015,2,12.13,0,North,Retail
6/11/2025,P001,8,19.33,0,North,Online
6/11/2025,P003,3,51.62,0,North,Retail
6/11/2025,P004,14,8.72,0.1,North,Online
6/11/2025,P006,2,60.85,0.05,East,Online
6/11/2025,P008,3,23.87,0,South,Online
6/11/2025,P009,5,18.56,0,East,Online
6/11/2025,P010,1,18.42,0,West,Retail
6/11/2025,P011,4,63.59,0,East,Online
6/11/2025,P012,5,41.46,0,West,Online
6/11/2025,P013,3,17.2,0,South,Retail
6/11/2025,P014,2,22.52,0,West,Retail
6/12/2025,P001,12,19.67,0,West,Retail
6/12/2025,P002,6,25.31,0,West,Retail
6/12/2025,P003,6,49.68,0,East,Online
6/12/2025,P004,14,9.04,0,West,Online
6/12/2025,P006,3,59.81,0.1,East,Retail
6/12/2025,P007,2,34.04,0,South,Retail
6/12/2025,P008,3,22.46,0,West,Online
6/12/2025,P009,4,18.97,0,West,Online
6/12/2025,P011,1,67.08,0,North,Online
6/12/2025,P013,3,16.95,0,West,Online
6/12/2025,P014,4,21.34,0.05,West,Online
6/12/2025,P015,5,12.18,0,South,Online
6/13/2025,P001,8,19.57,0,West,Online
6/13/2025,P002,4,25.69,0,East,Online
6/13/2025,P003,5,49.59,0,North,Online
6/13/2025,P004,6,8.9,0,South,Online
6/13/2025,P006,6,62.07,0,,Retail
6/13/2025,P007,3,33.59,0,West,Online
6/13/2025,P008,4,23.49,0,North,Retail
6/13/2025,P009,4,18.3,0.15,East,Online
6/13/2025,P011,3,65.36,0,South,Retail
6/13/2025,P012,2,40.41,0,West,Online
6/13/2025,P013,3,16.4,0,South,Retail
6/13/2025,P014,1,21.19,0,West,Online
6/13/2025,P015,2,12.15,0,South,Online
6/14/2025,P001,10,20.4,0,North,Online
6/14/2025,P002,3,24.37,0,West,Online
6/14/2025,P003,6,51.05,0,West,Retail
6/14/2025,P005,3,184.28,0,South,Online
6/14/2025,P006,5,58.36,0,East,Online
6/14/2025,P007,6,35.56,0,North,Retail
6/14/2025,P008,4,23.71,0,North,Online
6/14/2025,P009,2,18.79,0,West,Online
6/14/2025,P010,4,17.37,0,South,Online
6/14/2025,P011,1,66.05,0,North,Online
6/14/2025,P012,5,40.06,0,West,Online
6/14/2025,P013,5,17.39,0,West,Online
6/14/2025,P014,3,21.77,0,South,Online
6/14/2025,P015,7,12.11,0,East,Online
6/15/2025,P001,7,19.74,0.1,North,Online
6/15/2025,P003,3,50.88,0,West,Online
6/15/2025,P004,16,9.15,0.05,South,Online
6/15/2025,P005,3,178.8,0,West,Online
6/15/2025,P006,7,57.64,0,North,Online
6/15/2025,P007,2,35.89,0,East,Retail
6/15/2025,P008,5,23.52,0,East,Retail
6/15/2025,P009,3,19,0,South,Online
6/15/2025,P010,3,17.56,0,East,Online
6/15/2025,P011,1,63.61,0,West,Online
6/15/2025,P012,4,39.38,0,East,Retail
6/15/2025,P013,3,17.64,0,South,Online
6/15/2025,P014,5,22.83,0,East,Online
6/16/2025,P002,4,25.07,0,South,Online
6/16/2025,P003,8,50.66,0,South,Online
6/16/2025,P004,17,9.34,0,South,Online
6/16/2025,P005,2,174.68,0,South,Online
6/16/2025,P006,3,59.64,0,West,Retail
6/16/2025,P007,6,36.26,0,South,Online
6/16/2025,P008,7,23.84,0,North,Online
6/16/2025,P012,10,40.04,0,East,Retail
6/16/2025,P014,4,22.05,0,West,Retail
6/17/2025,P001,7,20.56,0,East,Online
6/17/2025,P002,4,25.58,0,North,Retail
6/17/2025,P003,2,48.43,0,East,Online
6/17/2025,P004,11,8.65,0,North,Online
6/17/2025,P011,3,65.68,0,South,Online
6/17/2025,P012,4,39.13,0,South,Retail
6/17/2025,P013,4,16.7,0,West,Retail
6/18/2025,P002,4,24.36,0,North,Online
6/18/2025,P003,3,50.7,0,East,Online
6/18/2025,P004,7,8.82,0,South,Retail
6/18/2025,P005,2,185.68,0,West,Retail
6/18/2025,P006,1,58.8,0,East,Retail
6/18/2025,P008,9,22.46,0,West,Online
6/18/2025,P009,4,19.56,0.15,East,Retail
6/18/2025,P010,4,18.22,0,East,Online
6/18/2025,P012,5,39.25,0,West,Online
6/18/2025,P013,4,17.01,0,East,Online
6/18/2025,P015,7,11.87,0,East,Retail
6/19/2025,P001,9,19.26,0,North,Online
6/19/2025,P003,3,50.49,0.15,East,Retail
6/19/2025,P004,12,8.72,0,West,Retail
6/19/2025,P005,3,182.88,0.1,East,Online
6/19/2025,P006,1,61.29,0,West,Online
6/19/2025,P007,5,33.82,0,South,Retail
6/19/2025,P008,4,23.15,0,West,Online
6/19/2025,P009,7,18.47,0.1,North,Online
6/19/2025,P011,1,66.04,0,South,Online
6/19/2025,P012,4,38.99,0,South,Online
6/19/2025,P013,6,,0,North,Retail
6/19/2025,P014,3,21.41,0,West,Online
6/19/2025,P015,5,11.74,0,North,Retail
6/20/2025,P001,5,20.47,0,West,Online
6/20/2025,P002,1,24.3,0,East,Retail
6/20/2025,P004,15,8.81,0,East,Online
6/20/2025,P005,2,182.16,0,East,Retail
6/20/2025,P006,3,59.33,0,North,Retail
6/20/2025,P008,5,23.21,0,East,Online
6/20/2025,P009,4,19.21,0,West,Retail
6/20/2025,P010,7,18.61,0,East,Retail
6/20/2025,P012,7,41.21,0,West,Online
6/20/2025,P013,3,17.16,0.15,East,Online
6/20/2025,P014,3,21.65,0,North,Online
6/20/2025,P015,7,11.77,0,North,Retail
6/21/2025,P001,10,20.24,0,West,Online
6/21/2025,P002,4,25.59,0.1,West,Online
6/21/2025,P003,5,48.44,0,South,Online
6/21/2025,P004,7,9.02,0,South,Online
6/21/2025,P007,7,35.26,0,West,Online
6/21/2025,P008,6,23.66,0,North,Online
6/21/2025,P009,1,19.66,0,West,Online
6/21/2025,P011,-4,64.32,0,South,Retail
6/21/2025,P012,4,39.59,0.15,South,Online
6/21/2025,P013,7,16.86,0,West,Online
6/21/2025,P015,5,11.74,0,South,Retail
6/22/2025,P002,2,25.44,0,East,Retail
6/22/2025,P003,2,50.75,0,West,Online
6/22/2025,P006,4,61.6,0,West,Retail
6/22/2025,P007,1,34.28,0,South,Retail
6/22/2025,P008,4,22.93,0,West,Retail
6/22/2025,P009,10,18.52,0.05,South,Online
6/22/2025,P010,4,18.02,0,North,Retail
6/22/2025,P012,7,40.92,0,West,Retail
6/22/2025,P013,5,16.99,0,West,Online
6/22/2025,P014,1,21.61,0,East,Online
6/22/2025,P015,9,12.14,0.05,North,Retail
6/23/2025,P001,6,20.77,0,South,Online
6/23/2025,P002,5,24.27,0,South,Retail
6/23/2025,P005,2,186.79,0,North,Online
6/23/2025,P006,6,60.09,0.15,South,Online
6/23/2025,P008,6,22.58,0,South,Online
6/23/2025,P009,3,18.96,0,West,Retail
6/23/2025,P010,2,18.67,0,North,Online
6/23/2025,P011,3,62.74,0,South,Online
6/23/2025,P012,6,40.33,0,North,Online
6/23/2025,P013,3,17.49,0,West,Online
6/23/2025,P014,6,22.56,0,West,Retail
6/23/2025,P015,6,11.8,0,North,Online
6/24/2025,P001,6,19.77,0,South,Online
6/24/2025,P003,4,50.01,0,North,Online
6/24/2025,P004,6,8.92,0,West,Online
6/24/2025,P007,2,35.06,0,West,Retail
6/24/2025,P009,5,19.54,0,North,Online
6/24/2025,P010,4,18.31,0,North,Retail
6/24/2025,P011,3,66.17,0,East,Online
6/24/2025,P012,2,40.07,0,East,Retail
6/24/2025,P013,2,17.24,0,West,Online
6/24/2025,P014,4,21.22,0,South,Online
6/24/2025,P015,1,11.54,0,East,Online
6/25/2025,P001,12,19.89,0,North,Online
6/25/2025,P002,5,25.43,0.05,South,Online
6/25/2025,P003,4,48.48,0,East,Online
6/25/2025,P004,11,8.95,0,South,Online
6/25/2025,P005,1,180.76,0,West,Online
6/25/2025,P007,3,33.92,0,East,Online
6/25/2025,P008,3,22.75,0,North,Retail
6/25/2025,P009,4,18.72,0,South,Online
6/25/2025,P010,4,18.01,0,South,Online
6/25/2025,P011,2,63.75,0,South,Online
6/25/2025,P012,4,38.57,0,East,Online
6/25/2025,P014,3,21.7,0,South,Online
6/25/2025,P015,10,12.09,0,West,Retail
6/26/2025,P001,5,20.61,0.05,North,Retail
6/26/2025,P002,4,25.81,0,North,Retail
6/26/2025,P003,7,48.43,0,West,Online
6/26/2025,P004,6,9.05,0,West,Online
6/26/2025,P006,5,59.73,0.1,West,Online
6/26/2025,P007,3,33.62,0,East,Online
6/26/2025,P009,5,18.78,0,West,Online
6/26/2025,P010,6,17.85,0,South,Online
6/26/2025,P011,3,62.48,0,North,Online
6/26/2025,P012,4,40.62,0.1,South,Online
6/26/2025,P013,5,16.72,0,East,Online
6/26/2025,P014,4,21.54,0,East,Online
6/26/2025,P015,8,11.74,0,North,Online
6/27/2025,P001,11,20.73,0,West,Online
6/27/2025,P002,5,25.55,0,South,Online
6/27/2025,P003,5,48.77,0,East,Retail
6/27/2025,P005,1,178.99,0,West,Online
6/27/2025,P006,5,61.84,0.05,West,Online
6/27/2025,P008,6,23.01,0,North,Retail
6/27/2025,P009,1,18.93,0,South,Online
6/27/2025,P010,2,17.93,0,East,Online
6/27/2025,P011,2,63.89,0,South,Online
6/27/2025,P013,6,16.92,0,West,Online
6/28/2025,P001,11,20.66,0.15,South,Retail
6/28/2025,P002,2,24.68,0,South,Online
6/28/2025,P004,14,9.19,0,West,Online
6/28/2025,P005,5,182.05,0,West,Online
6/28/2025,P007,3,35.88,0,East,Retail
6/28/2025,P008,9,23.33,0.15,South,Retail
6/28/2025,P009,5,18.63,0.1,North,Online
6/28/2025,P010,3,17.93,0,East,Retail
6/28/2025,P011,6,63.64,0,North,Online
6/28/2025,P012,8,39.2,0,North,Online
6/28/2025,P013,12,16.91,0,West,Retail
6/28/2025,P014,2,22.04,0,East,Online
6/28/2025,P015,9,11.8,0,West,Online
6/29/2025,P001,5,19.3,0,East,Online
6/29/2025,P002,3,24.91,0,West,Retail
6/29/2025,P003,3,49.47,0,North,Retail
6/29/2025,P004,14,9.04,0,West,Online
6/29/2025,P006,3,59.97,0,North,Retail
6/29/2025,P007,5,33.79,0,North,Online
6/29/2025,P008,4,22.5,0.05,North,Online
6/29/2025,P009,6,19.33,0,South,Online
6/29/2025,P010,3,18.64,0,East,Retail
6/29/2025,P012,3,40.62,0,South,Online
6/29/2025,P013,6,17.43,0,West,Online
6/29/2025,P015,6,12.05,0,North,Retail
6/30/2025,P001,9,19.91,0,South,Retail
6/30/2025,P002,2,24.41,0,South,Retail
6/30/2025,P003,4,48.26,0,North,Online
6/30/2025,P004,12,8.63,0,West,Online
6/30/2025,P005,3,180.18,0,North,Online
6/30/2025,P006,4,58.33,0,South,Online
6/30/2025,P007,3,34.81,0,South,Online
6/30/2025,P008,3,23.27,0,North,Online
6/30/2025,P009,5,18.31,0,North,Online
6/30/2025,P010,5,17.47,0,West,Retail
6/30/2025,P011,2,64.06,0,East,Online
6/30/2025,P014,4,22.24,0,North,Online
6/30/2025,P015,4,11.64,0,East,Online
7/1/2025,P001,6,20.23,0,North,Online
7/1/2025,P002,2,25.45,0,South,Online
7/1/2025,P003,6,49.48,0,East,Online
7/1/2025,P004,8,9.25,0,East,Retail
7/1/2025,P006,5,61.35,0,East,Retail
7/1/2025,P007,4,35.29,0,South,Online
7/1/2025,P009,7,18.77,0,South,Online
7/1/2025,P010,4,17.95,0,North,Retail
7/1/2025,P011,4,63.61,0,West,Online
7/1/2025,P012,9,40.94,0,South,Retail
7/1/2025,P013,5,17.54,0,North,Online
7/1/2025,P015,5,11.99,0,East,Online
7/2/2025,P001,6,20.65,0.15,West,Retail
7/2/2025,P002,2,24.73,0,West,Online
7/2/2025,P003,5,51.18,0,South,Retail
7/2/2025,P004,13,9.28,0,East,Online
7/2/2025,P006,3,62.24,0,West,Online
7/2/2025,P007,1,34.91,0,East,Retail
7/2/2025,P008,4,22.37,0,West,Online
7/2/2025,P010,3,18.15,0,South,Retail
7/2/2025,P011,1,63.57,0,East,Online
7/2/2025,P012,4,41.22,0,West,Retail
7/2/2025,P013,9,16.99,0.15,East,Online
7/2/2025,P015,1,11.61,0,North,Online
7/3/2025,P001,6,20.01,0,West,Online
7/3/2025,P002,7,25.5,0,West,Online
7/3/2025,P003,3,48.13,0,South,Online
7/3/2025,P005,1,175.19,0.1,North,Retail
7/3/2025,P006,6,59.01,0,East,Online
7/3/2025,P007,3,36.15,0,South,Online
7/3/2025,P009,5,18.45,0,West,Retail
7/3/2025,P011,2,64.16,0,East,Retail
7/3/2025,P012,2,40.34,0,East,Retail
7/3/2025,P014,4,22.03,0,East,Retail
7/3/2025,P015,5,11.76,0,West,Online
7/4/2025,P001,9,19.74,0,South,Retail
7/4/2025,P002,5,24.23,0,East,Online
7/4/2025,P003,4,48.41,0,West,Online
7/4/2025,P004,5,9.3,0,West,Online
7/4/2025,P006,3,61.66,0,North,Retail
7/4/2025,P008,3,23.04,0,West,Online
7/4/2025,P010,7,17.51,0,West,Online
7/4/2025,P011,3,64.67,0,South,Online
7/4/2025,P012,7,41.07,0,East,Online
7/4/2025,P013,7,16.7,0,North,Online
7/4/2025,P015,3,11.94,0,South,Online
7/5/2025,P001,14,20.41,0,East,Online
7/5/2025,P002,6,24.5,0,North,Online
7/5/2025,P004,11,8.81,0,South,Online
7/5/2025,P006,2,58.51,0,South,Retail
7/5/2025,P007,3,34.71,0,East,Retail
7/5/2025,P008,7,23.14,0.15,West,Retail
7/5/2025,P010,4,17.45,0,North,Online
7/5/2025,P011,5,64.18,0,East,Online
7/5/2025,P012,4,38.43,0,East,Retail
7/5/2025,P013,5,16.59,0,South,Online
7/5/2025,P014,3,21.73,0,East,Retail
7/5/2025,P015,7,12.34,0,South,Retail
7/6/2025,P001,6,19.57,0,North,Online
7/6/2025,P002,5,24.57,0.15,North,Online
7/6/2025,P003,3,50.83,0,North,Retail
7/6/2025,P004,19,8.79,0,East,Online
7/6/2025,P005,3,185.98,0,East,Online
7/6/2025,P006,4,58.38,0,North,Retail
7/6/2025,P007,5,34.67,0,North,Retail
7/6/2025,P008,9,23.49,0,North,Online
7/6/2025,P009,6,18.6,0,North,Retail
7/6/2025,P010,5,17.39,0.1,East,Online
7/6/2025,P011,2,67.44,0,East,Retail
7/6/2025,P012,3,40.8,0,South,Online
7/6/2025,P013,2,16.44,0,East,Retail
7/6/2025,P015,4,12.43,0,North,Retail
7/7/2025,P002,4,24.8,0,North,Online
7/7/2025,P003,3,50.35,0,West,Online
7/7/2025,P004,14,9.07,0,South,Online
7/7/2025,P005,1,185.73,0,West,Retail
7/7/2025,P006,6,57.93,0,West,Retail
7/7/2025,P007,1,34.15,0,North,Retail
7/7/2025,P008,4,22.97,0,South,Online
7/7/2025,P009,4,18.43,0,South,Retail
7/7/2025,P010,6,17.67,0,East,Online
7/7/2025,P011,3,65.5,0,North,Retail
7/7/2025,P012,5,41.34,0,East,Online
7/7/2025,P013,4,17.56,0,North,Retail
7/7/2025,P014,6,22.31,0,West,Retail
7/7/2025,P015,3,11.92,0,East,Online
7/8/2025,P001,7,20.58,0,East,Online
7/8/2025,P002,4,24.12,0,North,Online
7/8/2025,P003,6,48.28,0,South,Retail
7/8/2025,P004,13,8.92,0,East,Retail
7/8/2025,P005,2,182.12,0,North,Online
7/8/2025,P006,5,57.85,0,South,Retail
7/8/2025,P007,4,34.84,0,South,Online
7/8/2025,P008,1,23.09,0,West,Retail
7/8/2025,P009,7,18.29,0,West,Online
7/8/2025,P010,5,17.54,0,North,Online
7/8/2025,P011,3,66.98,0,East,Retail
7/8/2025,P013,4,16.33,0,East,Retail
7/8/2025,P014,1,22.78,0,North,Online
7/9/2025,P001,10,19.81,0,West,Retail
7/9/2025,P003,2,50.03,0,East,Retail
7/9/2025,P004,16,8.76,0,East,Retail
7/9/2025,P007,2,34.24,0,East,Retail
7/9/2025,P008,3,22.28,0,West,Online
7/9/2025,P009,2,19.27,0,South,Online
7/9/2025,P010,4,18.07,0,West,Retail
7/9/2025,P011,3,63.64,0.15,South,Online
7/9/2025,P012,7,39.28,0,South,Online
7/9/2025,P013,9,17.37,0,South,Retail
7/9/2025,P014,7,22.14,0,South,Online
7/9/2025,P015,9,11.98,0,North,Retail
7/10/2025,P001,6,19.47,0,West,Online
7/10/2025,P002,6,25.34,0,West,Online
7/10/2025,P004,16,9.13,0,East,Online
7/10/2025,P005,2,180.03,0.1,East,Online
7/10/2025,P007,4,35.99,0.15,North,Retail
7/10/2025,P008,8,22.25,0,South,Online
7/10/2025,P009,4,18.65,0,South,Online
7/10/2025,P010,2,17.39,0,North,Retail
7/10/2025,P012,3,39.6,0,North,Retail
7/10/2025,P013,10,17.5,0,West,Online
7/10/2025,P015,2,11.66,0,North,Online
7/11/2025,P001,6,19.55,0,South,Online
7/11/2025,P002,4,25.96,0,South,Online
7/11/2025,P003,6,50.45,0,North,Retail
7/11/2025,P004,8,9.3,0,East,Online
7/11/2025,P007,2,35.65,0,South,Online
7/11/2025,P009,4,18.4,0.05,West,Retail
7/11/2025,P010,6,17.59,0,East,Online
7/11/2025,P012,5,38.48,0,East,Online
7/11/2025,P014,6,21.38,0,East,Retail
7/11/2025,P015,7,11.67,0,South,Retail
7/12/2025,P001,9,20.08,0,East,Retail
7/12/2025,P002,9,24.27,0,West,Retail
7/12/2025,P003,4,50.7,0,South,Online
7/12/2025,P004,17,9.2,0,West,Online
7/12/2025,P005,2,180.2,0,North,Retail
7/12/2025,P006,5,60.4,0,South,Online
7/12/2025,P008,3,22.15,0,South,Retail
7/12/2025,P009,4,19.59,0,West,Online
7/12/2025,P010,4,18.22,0,East,Retail
7/12/2025,P011,5,63.66,0,East,Online
7/12/2025,P012,5,39.98,0,South,Online
7/12/2025,P013,9,17.63,0,South,Online
7/12/2025,P014,5,21.7,0,South,Retail
7/12/2025,P015,8,11.56,0,West,Online
7/13/2025,P001,7,20.54,0,North,Online
7/13/2025,P002,4,25.01,0,West,Retail
7/13/2025,P003,6,50.72,0,East,Online
7/13/2025,P004,17,9.02,0.05,East,Online
7/13/2025,P005,2,,0,West,Retail
7/13/2025,P007,5,34.06,0,East,Online
7/13/2025,P008,6,23.02,0,West,Retail
7/13/2025,P009,5,19.41,0.1,West,Online
7/13/2025,P010,2,18.2,0,South,Online
7/13/2025,P011,2,67.34,0,South,Online
7/13/2025,P012,4,39.26,0,East,Online
7/13/2025,P013,9,17.1,0,North,Online
7/13/2025,P014,3,22.43,0,North,Retail
7/13/2025,P015,6,12.39,0,North,Online
7/14/2025,P001,6,20.08,0,East,Retail
7/14/2025,P002,4,25.21,0,South,Online
7/14/2025,P003,1,48.35,0,North,Online
7/14/2025,P004,9,8.85,0,West,Online
7/14/2025,P005,1,175.68,0.05,West,Online
7/14/2025,P006,3,61.14,0,East,Online
7/14/2025,P009,4,19.53,0,East,Online
7/14/2025,P010,5,17.33,0,West,Retail
7/14/2025,P011,3,65.69,0,South,Online
7/14/2025,P014,3,22.56,0,West,Online
7/14/2025,P015,13,12.41,0,East,Online
7/15/2025,P002,1,24.39,0,East,Online
7/15/2025,P003,2,51.55,0,North,Retail
7/15/2025,P004,8,8.78,0,West,Retail
7/15/2025,P005,2,177.51,0,West,Online
7/15/2025,P006,2,59.16,0,East,Retail
7/15/2025,P007,3,36.13,0,West,Online
7/15/2025,P008,5,23.42,0,West,Online
7/15/2025,P009,1,19.12,0,North,Retail
7/15/2025,P010,3,17.82,0,South,Retail
7/15/2025,P012,1,38.66,0.1,North,Online
7/15/2025,P013,4,17.3,0,East,Retail
7/15/2025,P014,5,22.27,0,North,Online
7/15/2025,P015,7,12.44,0,South,Retail
7/16/2025,P001,3,19.55,0,West,Retail
7/16/2025,P002,6,24.52,0,East,Online
7/16/2025,P003,4,49.86,0,East,Retail
7/16/2025,P004,10,8.99,0,East,Online
7/16/2025,P005,4,177.95,0.1,East,Retail
7/16/2025,P007,2,33.92,0,North,Online
7/16/2025,P008,3,23.4,0,East,Online
7/16/2025,P010,6,17.83,0,South,Retail
7/16/2025,P011,2,65.34,0,North,Online
7/16/2025,P012,7,39.96,0,East,Retail
7/16/2025,P013,8,16.85,0,North,Online
7/16/2025,P014,6,22.8,0,South,Online
7/16/2025,P015,6,11.59,0,South,Retail
7/17/2025,P001,8,19.61,0,North,Online
7/17/2025,P002,7,24.28,0,East,Retail
7/17/2025,P004,12,8.94,0,West,Retail
7/17/2025,P005,1,184.16,0,South,Online
7/17/2025,P006,4,58.25,0.15,South,Online
7/17/2025,P007,2,35.41,0,South,Online
7/17/2025,P008,2,23.37,0,East,Retail
7/17/2025,P009,4,19.21,0,East,Online
7/17/2025,P011,3,65.44,0,South,Online
7/17/2025,P012,6,40.03,0,East,Online
7/17/2025,P013,4,17.59,0,East,Retail
7/17/2025,P014,5,22.76,0,South,Online
7/17/2025,P015,8,11.73,0,North,Retail
7/18/2025,P001,4,20.26,0,East,Online
7/18/2025,P002,5,25.27,0,West,Retail
7/18/2025,P003,3,51.6,0,South,Online
7/18/2025,P004,8,9.23,0,North,Retail
7/18/2025,P005,2,187.18,0,West,Online
7/18/2025,P006,3,59.31,0,West,Retail
7/18/2025,P007,2,35.66,0,South,Online
7/18/2025,P009,6,18.31,0,West,Online
7/18/2025,P010,3,17.75,0,West,Online
7/18/2025,P012,1,39.44,0.05,East,Online
7/18/2025,P013,5,16.52,0,West,Online
7/18/2025,P014,2,21.13,0,West,Online
7/18/2025,P015,6,12.04,0.1,North,Online
7/19/2025,P001,12,20.58,0,North,Retail
7/19/2025,P002,9,25.55,0,South,Online
7/19/2025,P003,6,50.76,0,North,Online
7/19/2025,P005,5,181.4,0,West,Online
7/19/2025,P006,3,58.4,0,South,Retail
7/19/2025,P007,4,36.34,0,South,Online
7/19/2025,P008,5,22.98,0,South,Online
7/19/2025,P009,4,18.61,0.05,North,Online
7/19/2025,P010,1,17.31,0,South,Online
7/19/2025,P011,3,63.89,0,West,Retail
7/19/2025,P013,5,17.21,0,East,Online
7/19/2025,P014,3,22.73,0,East,Online
7/19/2025,P015,8,12.08,0,South,Online
7/20/2025,P001,7,20.61,0,East,Online
7/20/2025,P002,4,24.77,0,West,Online
7/20/2025,P003,3,49.78,0,North,Retail
7/20/2025,P004,14,8.77,0.05,North,Online
7/20/2025,P007,6,34.78,0,South,Online
7/20/2025,P010,10,17.56,0,East,Retail
7/20/2025,P011,1,65.13,0,East,Retail
7/20/2025,P012,5,38.52,0,South,Retail
7/20/2025,P013,3,16.42,0,South,Retail
7/20/2025,P014,2,21.28,0,West,Retail
7/20/2025,P015,6,11.89,0,North,Online
7/21/2025,P001,5,20.46,0,South,Online
7/21/2025,P002,2,25.97,0,South,Online
7/21/2025,P003,1,48.52,0.15,East,Online
7/21/2025,P004,14,8.96,0.05,West,Online
7/21/2025,P005,1,183.32,0,East,Retail
7/21/2025,P006,2,61.58,0,East,Online
7/21/2025,P007,1,36.03,0,South,Retail
7/21/2025,P008,3,22.84,0,South,Online
7/21/2025,P009,8,18.45,0,North,Online
7/21/2025,P011,2,63.22,0,North,Online
7/21/2025,P012,3,38.86,0,West,Online
7/21/2025,P013,6,16.48,0,South,Retail
7/21/2025,P015,4,12.06,0,West,Retail
7/22/2025,P001,4,20.1,0,East,Retail
7/22/2025,P002,5,25.25,0,East,Online
7/22/2025,P003,5,50.93,0,East,Retail
7/22/2025,P004,6,9.04,0,West,Retail
7/22/2025,P005,2,182.29,0.05,East,Online
7/22/2025,P006,2,59.46,0,West,Online
7/22/2025,P008,2,22.24,0,North,Online
7/22/2025,P010,4,17.74,0,West,Online
7/22/2025,P011,5,65.28,0.15,South,Retail
7/22/2025,P012,2,40.08,0,West,Retail
7/22/2025,P013,7,17.42,0.15,West,Online
7/22/2025,P014,4,21.68,0,North,Online
7/22/2025,P015,6,12.18,0,East,Retail
7/23/2025,P001,12,20.62,0,North,Retail
7/23/2025,P002,5,24.38,0,East,Online
7/23/2025,P003,-5,49.82,0,South,Online
7/23/2025,P004,9,9.3,0,West,Online
7/23/2025,P005,2,184.86,0,West,Retail
7/23/2025,P007,1,35.92,0,West,Online
7/23/2025,P008,-4,22.39,0,North,Retail
7/23/2025,P009,1,18.9,0,West,Online
7/23/2025,P010,1,17.52,0.1,East,Retail
7/23/2025,P011,1,64.65,0,East,Online
7/23/2025,P012,6,41.5,0,East,Online
7/23/2025,P013,4,17.55,0.15,East,Online
7/23/2025,P014,2,,0,East,Online
7/23/2025,P015,7,11.92,0,West,Retail
7/24/2025,P002,3,25.97,0,North,Online
7/24/2025,P004,12,9.16,0,North,Online
7/24/2025,P008,1,22.43,0,East,Online
7/24/2025,P009,2,19.72,0,North,Online
7/24/2025,P010,4,17.54,0,West,Retail
7/24/2025,P011,1,66.32,0,East,Retail
7/24/2025,P012,3,40.19,0,West,Online
7/24/2025,P013,5,16.33,0.1,North,Online
7/24/2025,P015,7,12.18,0,South,Retail
7/25/2025,P001,9,20.5,0,South,Online
7/25/2025,P002,5,24.91,0,East,Online
7/25/2025,P003,1,51.79,0,West,Online
7/25/2025,P005,3,185.22,0,South,Retail
7/25/2025,P006,6,57.93,0,North,Online
7/25/2025,P007,5,35.07,0,South,Online
7/25/2025,P009,7,19.54,0.15,West,Retail
7/25/2025,P010,2,18.38,0,North,Online
7/25/2025,P012,3,40.29,0,East,Online
7/25/2025,P013,7,17.25,0,North,Retail
7/25/2025,P014,3,22.16,0,East,Retail
7/25/2025,P015,9,12.32,0,West,Retail
7/26/2025,P001,7,19.52,0,North,Retail
7/26/2025,P002,4,25.9,0,West,Retail
7/26/2025,P003,4,50.82,0.1,South,Retail
7/26/2025,P006,6,59.19,0,East,Online
7/26/2025,P007,5,35.19,0,West,Online
7/26/2025,P008,4,23.64,0,South,Retail
7/26/2025,P009,6,19.52,0,East,Online
7/26/2025,P010,6,17.39,0.1,North,Online
7/26/2025,P011,3,64.95,0,West,Online
7/26/2025,P012,5,41.19,0,West,Online
7/26/2025,P013,3,16.32,0,East,Retail
7/26/2025,P015,5,11.84,0,East,Online
7/27/2025,P001,4,20.42,0,West,Retail
7/27/2025,P002,4,24.31,0,North,Retail
7/27/2025,P003,5,51.86,0,East,Online
7/27/2025,P004,16,8.96,0,East,Online
7/27/2025,P005,3,175.02,0,South,Retail
7/27/2025,P007,1,36.31,0,South,Retail
7/27/2025,P008,5,22.13,0,North,Retail
7/27/2025,P009,5,18.61,0,South,Online
7/27/2025,P010,5,17.38,0,South,Online
7/27/2025,P011,4,66.02,0,East,Online
7/27/2025,P012,8,41.17,0,East,Online
7/27/2025,P013,5,16.85,0,West,Online
7/27/2025,P014,5,22.27,0,West,Online
7/28/2025,P001,3,20.19,0.05,East,Retail
7/28/2025,P002,4,25.92,0,West,Retail
7/28/2025,P003,8,50.78,0,North,Retail
7/28/2025,P005,2,174.64,0,South,Retail
7/28/2025,P006,8,60.14,0,South,Online
7/28/2025,P007,3,34.8,0.05,North,Online
7/28/2025,P010,6,17.4,0,West,Online
7/28/2025,P011,2,64.94,0,North,Online
7/28/2025,P012,7,41.58,0.15,East,Retail
7/28/2025,P013,2,16.82,0,North,Retail
7/28/2025,P015,7,12.4,0,East,Retail
7/29/2025,P006,1,59.75,0,West,Online
7/29/2025,P007,1,35.36,0,North,Online
7/29/2025,P008,4,23.83,0,East,Online
7/29/2025,P009,6,19.7,0,South,Online
7/29/2025,P010,3,17.65,0,West,Online
7/29/2025,P011,4,66.29,0.05,West,Retail
7/29/2025,P012,7,39.74,0,East,Retail
7/29/2025,P014,2,22.6,0,North,Online
7/29/2025,P015,5,12.11,0,East,Online
7/30/2025,P001,6,19.49,0,West,Online
7/30/2025,P002,4,25.99,0,East,Online
7/30/2025,P003,3,49.41,0,West,Online
7/30/2025,P004,13,9.17,0,North,Online
7/30/2025,P005,3,174.34,0,East,Online
7/30/2025,P007,2,34.4,0,East,Online
7/30/2025,P010,4,17.83,0,South,Retail
7/30/2025,P011,5,64.11,0.15,East,Online
7/30/2025,P012,4,38.57,0,North,Retail
7/30/2025,P013,2,16.95,0.15,East,Online
7/30/2025,P014,9,21.55,0,North,Online
7/30/2025,P014,9,21.55,0,North,Online
7/30/2025,P015,6,11.71,0,East,Retail
7/31/2025,P001,8,19.91,0,South,Retail
7/31/2025,P002,6,24.37,0,West,Retail
7/31/2025,P003,4,48.14,0,South,Retail
7/31/2025,P004,11,8.89,0,South,Online
7/31/2025,P006,3,58.86,0,North,Online
7/31/2025,P007,4,35.54,0,East,Retail
7/31/2025,P008,1,23,0,East,Online
7/31/2025,P009,3,18.79,0,North,Retail
7/31/2025,P010,2,18.46,0,East,Retail
7/31/2025,P011,5,64.7,0,North,Online
7/31/2025,P012,2,39.95,0,East,Online
7/31/2025,P013,2,16.59,0,West,Online
7/31/2025,P014,5,21.58,0.05,East,Retail
7/31/2025,P015,8,11.67,0,South,Online
8/1/2025,P001,5,19.69,0,North,Online
8/1/2025,P003,2,48.29,0,North,Retail
8/1/2025,P004,9,8.85,0,North,Retail
8/1/2025,P008,2,22.68,0.05,West,Online
8/1/2025,P011,2,64.38,0,East,Online
8/1/2025,P012,2,41.2,0,North,Online
8/1/2025,P013,6,16.9,0,South,Online
8/1/2025,P014,4,21.75,0,East,Online
8/1/2025,P015,6,12.01,0,West,Online
8/2/2025,P001,6,20.48,0,North,Online
8/2/2025,P002,4,25.81,0,South,Online
8/2/2025,P003,2,50.5,0,South,Online
8/2/2025,P006,4,60.21,0.05,East,Online
8/2/2025,P007,2,35.09,0,West,Online
8/2/2025,P008,3,22.2,0,North,Online
8/2/2025,P009,5,19.22,0,West,Retail
8/2/2025,P010,2,18.56,0.15,West,Online
8/2/2025,P011,2,66.03,0,North,Online
8/2/2025,P013,9,17.58,0,South,Online
8/3/2025,P001,10,19.78,0,East,Online
8/3/2025,P002,8,25.92,0,South,Online
8/3/2025,P003,3,49.74,0.15,West,Online
8/3/2025,P006,2,60.51,0,North,Online
8/3/2025,P007,2,34.09,0,North,Retail
8/3/2025,P008,2,22.27,0,East,Online
8/3/2025,P009,2,19.74,0,North,Retail
8/3/2025,P010,2,17.49,0,North,Retail
8/3/2025,P012,1,38.44,0.1,East,Retail
8/3/2025,P015,3,11.75,0,East,Retail
8/4/2025,P001,8,19.66,0,South,Online
8/4/2025,P002,5,24.73,0,East,Online
8/4/2025,P003,3,49.96,0,West,Retail
8/4/2025,P004,6,8.68,0.05,North,Online
8/4/2025,P005,1,173.17,0,North,Online
8/4/2025,P008,3,22.57,0,North,Online
8/4/2025,P009,5,18.91,0,North,Online
8/4/2025,P010,3,17.29,0,North,Online
8/4/2025,P012,3,40.68,0,West,Online
8/4/2025,P013,2,16.86,0,South,Online
8/4/2025,P015,1,12.09,0.15,West,Online
8/5/2025,P001,4,20.28,0,West,Online
8/5/2025,P003,3,48.68,0,North,Online
8/5/2025,P004,8,8.8,0,South,Online
8/5/2025,P006,4,59.93,0,West,Online
8/5/2025,P007,2,36.03,0,North,Online
8/5/2025,P008,2,23.66,0,East,Online
8/5/2025,P009,2,18.54,0.1,East,Online
8/5/2025,P010,1,18.7,0,East,Online
8/5/2025,P011,2,66.01,0,West,Online
8/5/2025,P012,2,40.21,0,North,Online
8/5/2025,P014,1,22.57,0,South,Retail
8/5/2025,P015,5,12.17,0,East,Online
8/6/2025,P001,9,20.68,0,West,Retail
8/6/2025,P002,4,25.98,0,East,Online
8/6/2025,P004,12,8.68,0.15,West,Retail
8/6/2025,P005,1,176.19,0,South,Online
8/6/2025,P008,3,23.28,0,West,Online
8/6/2025,P010,2,18.15,0,South,Online
8/6/2025,P011,-1,64.93,0,East,Online
8/6/2025,P012,3,40.46,0,West,Retail
8/6/2025,P013,6,16.32,0,East,Retail
8/6/2025,P015,6,12.38,0,West,Online
8/7/2025,P001,5,20.45,0.1,East,Retail
8/7/2025,P002,4,25.81,0,South,Online
8/7/2025,P003,3,51.13,0,North,Online
8/7/2025,P005,2,177.64,0,East,Retail
8/7/2025,P006,2,61.19,0,North,Retail
8/7/2025,P006,2,61.19,0,North,Retail
8/7/2025,P008,2,23.47,0,East,Online
8/7/2025,P009,3,18.6,0,North,Retail
8/7/2025,P010,1,17.72,0,South,Online
8/7/2025,P011,1,64.34,0,North,Online
8/7/2025,P012,2,38.43,0,East,Retail
8/7/2025,P013,3,16.56,0,South,Retail
8/7/2025,P014,1,22.28,0.15,North,Online
8/7/2025,P015,6,11.83,0,East,Retail
8/8/2025,P001,3,20.56,0,East,Online
8/8/2025,P002,6,24.89,0,West,Online
8/8/2025,P003,2,49.76,0,South,Online
8/8/2025,P004,9,8.94,0,East,Online
8/8/2025,P005,3,174.89,0,North,Online
8/8/2025,P006,1,61.22,0,,Retail
8/8/2025,P007,3,35.77,0,West,Retail
8/8/2025,P008,1,23.51,0,East,Online
8/8/2025,P009,6,18.47,0,East,Online
8/8/2025,P010,2,18.14,0,South,Retail
8/8/2025,P011,3,63.9,0,West,Retail
8/8/2025,P012,3,38.63,0,North,Online
8/8/2025,P014,5,22.24,0.05,West,Online
8/9/2025,P001,13,20.2,0,East,Online
8/9/2025,P002,9,24.71,0,North,Online
8/9/2025,P003,2,50.69,0,North,Online
8/9/2025,P004,11,9.12,0,West,Retail
8/9/2025,P005,1,175.21,0,West,Online
8/9/2025,P006,3,59.11,0,West,Retail
8/9/2025,P007,2,34.69,0.1,North,Online
8/9/2025,P008,4,22.55,1.35,North,Retail
8/9/2025,P009,6,18.33,0.1,North,Online
8/9/2025,P011,4,64.11,0,South,Online
8/9/2025,P012,4,41.22,0,West,Online
8/9/2025,P014,4,22.82,0.15,East,Retail
8/9/2025,P015,5,11.89,0,South,Online
8/10/2025,P001,9,20.3,0,East,Online
8/10/2025,P002,4,24.73,0.05,East,Online
8/10/2025,P003,6,48.77,0,South,Online
8/10/2025,P004,8,9.3,0,North,Online
8/10/2025,P005,2,185.78,0,East,Online
8/10/2025,P006,5,60.86,0,East,Retail
8/10/2025,P008,3,23.28,0,East,Retail
8/10/2025,P009,3,19.19,0,North,Online
8/10/2025,P010,1,17.96,0,East,Online
8/10/2025,P011,3,63.05,0,North,Online
8/10/2025,P012,3,38.45,0.05,East,Online
8/10/2025,P013,5,17.1,1.35,North,Online
8/10/2025,P014,2,22.41,0,West,Online
8/10/2025,P015,5,11.54,0,South,Online
8/11/2025,P001,7,20.18,0,West,Online
8/11/2025,P002,3,25.35,0.1,East,Retail
8/11/2025,P003,1,49.35,0,North,Online
8/11/2025,P004,9,9.19,0,East,Online
8/11/2025,P006,2,57.67,0,East,Retail
8/11/2025,P008,2,23.68,0,North,Retail
8/11/2025,P010,4,18.42,0.1,South,Online
8/11/2025,P011,1,67.48,0,North,Retail
8/11/2025,P012,5,39.42,0,East,Retail
8/11/2025,P013,1,16.63,0,East,Online
8/11/2025,P014,6,21.91,0,East,Online
8/11/2025,P015,3,12.19,0,East,Retail
8/12/2025,P001,3,19.47,0,West,Online
8/12/2025,P002,5,24.68,0.15,East,Online
8/12/2025,P004,8,8.76,0,North,Retail
8/12/2025,P006,4,60.27,0,East,Online
8/12/2025,P007,2,35.73,0,West,Online
8/12/2025,P008,2,23.44,0,East,Retail
8/12/2025,P009,3,19.37,0,North,Online
8/12/2025,P012,5,39.07,0,North,Retail
8/12/2025,P013,2,16.44,0,North,Online
8/13/2025,P001,6,19.76,0,East,Online
8/13/2025,P002,1,25.16,0,North,Online
8/13/2025,P003,2,51.02,0,North,Online
8/13/2025,P004,8,8.98,0,North,Online
8/13/2025,P005,3,173.24,0,North,Online
8/13/2025,P007,2,36.11,0,East,Retail
8/13/2025,P008,1,22.42,0.1,West,Online
8/13/2025,P009,7,18.53,0,East,Online
8/13/2025,P010,1,17.31,0,West,Retail
8/13/2025,P011,3,66.06,0,West,Online
8/13/2025,P012,7,41.31,0,North,Online
8/13/2025,P013,4,17.36,0,South,Retail
8/13/2025,P014,4,21.99,0,East,Retail
8/13/2025,P015,2,11.94,0,West,Online
8/14/2025,P001,16,19.42,0,East,Online
8/14/2025,P002,4,25.52,0,North,Online
8/14/2025,P003,4,48.23,0,East,Retail
8/14/2025,P004,13,8.9,0,East,Retail
8/14/2025,P005,1,186.36,0,North,Online
8/14/2025,P006,1,58.95,0,North,Retail
8/14/2025,P007,4,35.65,0.1,North,Online
8/14/2025,P008,1,22.59,0,South,Online
8/14/2025,P009,3,18.7,0,East,Online
8/14/2025,P010,3,18.68,0,West,Online
8/14/2025,P011,3,67.56,0,South,Online
8/14/2025,P012,5,38.72,0,East,Online
8/14/2025,P013,6,17.16,0,East,Online
8/14/2025,P015,8,12.19,1.35,East,Retail
8/15/2025,P001,7,20.28,0,East,Retail
8/15/2025,P003,2,48.21,0,East,Online
8/15/2025,P004,7,9.08,0,South,Online
8/15/2025,P006,4,59.53,0,West,Online
8/15/2025,P007,1,34.15,0,South,Online
8/15/2025,P008,1,23.42,0,South,Online
8/15/2025,P012,4,41.14,0,East,Retail
8/15/2025,P013,5,17.01,0,West,Online
8/15/2025,P014,4,22.86,0,West,Online
8/15/2025,P015,4,12.23,0,North,Online
8/16/2025,P001,8,19.79,0,East,Online
8/16/2025,P002,6,25.22,0,East,Retail
8/16/2025,P003,2,49.77,0,East,Retail
8/16/2025,P006,6,62.07,0.05,North,Retail
8/16/2025,P007,2,34.54,0.15,North,Retail
8/16/2025,P008,5,23.07,0,East,Retail
8/16/2025,P009,1,19.39,0,South,Online
8/16/2025,P010,5,17.82,0,North,Online
8/16/2025,P012,-12,40.26,0,South,Online
8/16/2025,P014,4,22.19,0,West,Online
8/17/2025,P002,1,24.89,0,West,Retail
8/17/2025,P003,6,51.66,0,North,Online
8/17/2025,P004,20,8.99,0,North,Retail
8/17/2025,P005,4,183.79,0,West,Online
8/17/2025,P006,2,62.06,0,East,Online
8/17/2025,P009,2,19.27,0,West,Online
8/17/2025,P010,4,18.01,0,North,Online
8/17/2025,P011,4,66.82,0,East,Retail
8/17/2025,P013,5,16.53,0,West,Online
8/17/2025,P014,6,22.72,0,West,Online
8/18/2025,P001,7,20.78,0,South,Retail
8/18/2025,P002,3,25.24,0,South,Online
8/18/2025,P003,6,50.36,0,South,Online
8/18/2025,P004,14,8.93,0,West,Retail
8/18/2025,P005,1,179.32,0,North,Online
8/18/2025,P007,1,35.17,0.1,East,Online
8/18/2025,P008,4,22.99,0,East,Online
8/18/2025,P009,3,19.18,0,North,Retail
8/18/2025,P010,3,17.92,0,West,Online
8/18/2025,P011,3,64.05,0,South,Online
8/18/2025,P012,1,38.98,0,South,Online
8/18/2025,P013,3,16.65,0,East,Online
8/18/2025,P014,5,22.16,0,West,Online
8/18/2025,P015,5,12.03,0,South,Online
8/19/2025,P001,2,20.69,0.1,West,Online
8/19/2025,P002,8,24.38,0,East,Retail
8/19/2025,P003,3,49.82,0,North,Online
8/19/2025,P004,7,8.67,0,North,Online
8/19/2025,P005,3,180.12,0,West,Online
8/19/2025,P006,1,60.67,0,South,Online
8/19/2025,P007,3,35.42,0,South,Online
8/19/2025,P011,1,67.38,0,North,Retail
8/19/2025,P011,1,67.38,0,North,Retail
8/19/2025,P012,3,38.88,0,West,Online
8/19/2025,P013,3,17.04,0.05,West,Retail
8/19/2025,P014,6,21.73,0,West,Retail
8/19/2025,P015,2,12.1,0.15,West,Online
8/20/2025,P001,6,20.53,0.1,North,Online
8/20/2025,P002,4,24.03,0,West,Online
8/20/2025,P003,3,49.54,0,West,Online
8/20/2025,P004,7,8.83,0.05,West,Retail
8/20/2025,P006,1,59.41,0,North,Online
8/20/2025,P008,4,22.16,0.15,South,Online
8/20/2025,P009,2,18.28,0,East,Online
8/20/2025,P010,2,18.58,0,East,Retail
8/20/2025,P011,2,65.44,0,East,Online
8/20/2025,P012,6,41.02,0,West,Retail
8/20/2025,P014,5,22.61,0,West,Online
8/20/2025,P014,5,22.61,0,West,Online
8/20/2025,P015,2,12.21,0,North,Retail
8/21/2025,P001,6,19.53,0,South,Online
8/21/2025,P002,6,25.42,0,East,Retail
8/21/2025,P003,5,51.88,0,South,Retail
8/21/2025,P004,15,9.08,0,East,Online
8/21/2025,P006,2,59.55,0,South,Retail
8/21/2025,P007,3,35.56,0,South,Online
8/21/2025,P008,2,22.48,0,West,Online
8/21/2025,P009,6,18.99,0,East,Online
8/21/2025,P010,3,18.48,0,East,Online
8/21/2025,P011,2,63.13,0,North,Online
8/21/2025,P012,7,40.24,0,East,Retail
8/21/2025,P013,2,16.91,0,West,Online
8/21/2025,P015,6,11.62,0,West,Online
8/22/2025,P001,9,19.89,0,East,Retail
8/22/2025,P002,2,24.93,0,East,Online
8/22/2025,P003,2,49.69,0,North,Online
8/22/2025,P004,9,9.08,0,North,Online
8/22/2025,P005,3,180.03,0,South,Retail
8/22/2025,P006,2,57.9,0,West,Retail
8/22/2025,P007,2,,0.05,North,Online
8/22/2025,P009,6,19.42,0,East,Retail
8/22/2025,P010,2,18.48,0,West,Online
8/22/2025,P012,5,41,0,South,Online
8/22/2025,P013,6,17.2,0,North,Online
8/22/2025,P015,1,12.41,0,East,Retail
8/23/2025,P001,10,20.21,0,West,Online
8/23/2025,P002,6,25.15,0,East,Online
8/23/2025,P003,2,50.69,0,North,Retail
8/23/2025,P005,1,179.11,0,East,Online
8/23/2025,P006,7,60.16,0,North,Online
8/23/2025,P008,4,22.18,0,East,Retail
8/23/2025,P010,3,17.66,0,East,Retail
8/23/2025,P011,3,65.13,0,North,Online
8/23/2025,P012,4,38.78,0,West,Online
8/23/2025,P013,4,17.51,0.05,South,Retail
8/23/2025,P014,3,22.56,0,East,Retail
8/23/2025,P015,1,11.91,0,North,Retail
8/24/2025,P002,6,24.64,0,North,Retail
8/24/2025,P003,5,51.11,0,West,Online
8/24/2025,P004,17,9.07,0,West,Retail
8/24/2025,P006,6,61.11,0,North,Online
8/24/2025,P007,6,35.15,0,South,Online
8/24/2025,P009,6,19.5,0,North,Online
8/24/2025,P010,6,17.94,0.1,South,Online
8/24/2025,P012,2,39.74,0,East,Retail
8/24/2025,P013,7,16.63,0.1,South,Online
8/24/2025,P014,3,21.12,0,East,Online
8/24/2025,P015,6,11.77,0,South,Online
8/25/2025,P001,3,20.06,0,West,Online
8/25/2025,P002,3,24.76,0,West,Online
8/25/2025,P003,7,49.77,0,North,Online
8/25/2025,P007,4,34.32,0,North,Online
8/25/2025,P008,6,22.09,0,West,Online
8/25/2025,P009,7,19.21,0.15,West,Online
8/25/2025,P010,2,18.06,0,East,Online
8/25/2025,P012,4,39.43,0,East,Retail
8/25/2025,P014,4,21.73,0,East,Online
8/25/2025,P015,3,11.93,0,East,Retail
8/26/2025,P001,5,19.41,0,South,Retail
8/26/2025,P002,7,25.73,0.05,East,Retail
8/26/2025,P003,1,50.95,0,North,Online
8/26/2025,P004,7,8.98,0,West,Online
8/26/2025,P005,1,182.8,0,East,Retail
8/26/2025,P006,2,58.23,0.1,North,Online
8/26/2025,P007,2,34.56,0,West,Online
8/26/2025,P008,2,23.49,0.1,East,Online
8/26/2025,P009,3,19.1,0,West,Retail
8/26/2025,P010,2,17.98,0,South,Online
8/26/2025,P011,2,62.84,0,North,Retail
8/26/2025,P012,2,39.72,0,South,Online
8/26/2025,P013,2,17.37,0,South,Online
8/26/2025,P014,1,22.29,0,South,Online
8/26/2025,P015,8,12.45,0,East,Retail
8/27/2025,P001,7,19.39,0.15,West,Online
8/27/2025,P003,3,48.63,0,North,Online
8/27/2025,P004,6,8.98,0,East,Online
8/27/2025,P007,4,34.48,0,West,Online
8/27/2025,P008,4,22.91,0,South,Online
8/27/2025,P009,3,19.24,0,South,Online
8/27/2025,P011,6,65,0,South,Retail
8/27/2025,P012,2,39.09,0,North,Retail
8/27/2025,P014,3,22.37,0,East,Retail
8/27/2025,P015,3,11.55,0,North,Online
8/28/2025,P001,6,20.04,0,East,Online
8/28/2025,P002,4,24.06,0,South,Online
8/28/2025,P003,3,49.48,0,East,Online
8/28/2025,P004,11,9.27,0,West,Retail
8/28/2025,P005,4,176.73,0,West,Online
8/28/2025,P007,1,35.39,0,North,Online
8/28/2025,P008,5,23.89,0,South,Retail
8/28/2025,P009,1,18.91,0,North,Retail
8/28/2025,P010,2,18.4,0,West,Online
8/28/2025,P011,4,65.21,0,North,Online
8/28/2025,P012,4,41.45,0,East,Retail
8/28/2025,P013,4,16.44,0,East,Retail
8/28/2025,P015,4,12.44,0,East,Online
8/29/2025,P001,5,19.51,0.15,South,Online
8/29/2025,P003,3,51.01,0,East,Online
8/29/2025,P004,11,8.98,0,North,Online
8/29/2025,P005,3,177.64,0,North,Retail
8/29/2025,P006,4,58.36,0,East,Online
8/29/2025,P009,3,19.17,0.1,West,Retail
8/29/2025,P010,3,17.78,0,South,Online
8/29/2025,P011,1,65.23,0,West,Online
8/29/2025,P012,1,40.34,0,North,Online
8/29/2025,P014,4,21.79,0,South,Retail
8/29/2025,P015,5,11.56,0,East,Retail
8/30/2025,P002,2,25.19,0,East,Retail
8/30/2025,P003,2,48.3,0,East,Online
8/30/2025,P005,2,180.11,0,West,Retail
8/30/2025,P006,7,60.82,0,South,Retail
8/30/2025,P008,7,22.36,0,North,Retail
8/30/2025,P009,4,19.07,0,East,Retail
8/30/2025,P010,7,18.66,0.1,West,Retail
8/30/2025,P011,3,64.02,0,North,Online
8/30/2025,P012,7,38.46,0,North,Retail
8/30/2025,P013,7,17.56,0,West,Retail
8/30/2025,P014,3,21.21,0,North,Online
8/31/2025,P001,7,20.75,0,South,Retail
8/31/2025,P002,2,25.27,0,East,Retail
8/31/2025,P003,4,48.23,0,East,Retail
8/31/2025,P004,10,9.21,0,East,Online
8/31/2025,P006,5,58.03,0,East,Online
8/31/2025,P007,-4,33.63,0,East,Online
8/31/2025,P008,4,22.87,0,South,Online
8/31/2025,P009,1,19.74,0,East,Online
8/31/2025,P010,3,18.23,0.05,West,Online
8/31/2025,P011,2,62.93,0.1,East,Online
8/31/2025,P012,4,40.72,0,South,Online
8/31/2025,P013,3,17.07,0,West,Online
8/31/2025,P014,5,21.75,0,North,Online
8/31/2025,P015,6,12.06,0,West,Retail
9/1/2025,P002,5,25.32,0,West,Online
9/1/2025,P003,3,51.43,0,South,Online
9/1/2025,P004,10,9.2,0,East,Online
9/1/2025,P005,2,176.92,0,West,Retail
9/1/2025,P006,1,59.33,0,South,Online
9/1/2025,P007,3,33.8,0,South,Retail
9/1/2025,P008,2,22.37,0,East,Retail
9/1/2025,P010,2,18.4,0,East,Retail
9/1/2025,P011,2,62.85,0,East,Online
9/1/2025,P012,6,39.6,0,North,Online
9/1/2025,P013,3,16.85,0.15,East,Online
9/1/2025,P014,4,21.87,0,West,Retail
9/1/2025,P015,10,12.12,0,South,Online
9/2/2025,P001,6,19.84,0.05,East,Online
9/2/2025,P002,6,24.5,0,South,Online
9/2/2025,P003,2,51.92,0,West,Online
9/2/2025,P004,11,9.26,0.1,West,Retail
9/2/2025,P005,1,186.75,0,East,Retail
9/2/2025,P006,1,60.58,0,East,Online
9/2/2025,P007,1,34.92,0,South,Retail
9/2/2025,P008,6,23.46,0,North,Retail
9/2/2025,P009,4,18.37,0,West,Online
9/2/2025,P011,1,65.93,0,North,Online
9/2/2025,P012,4,39.4,0,East,Online
9/2/2025,P013,9,17.11,0,South,Retail
9/2/2025,P015,5,11.98,0,West,Retail
9/3/2025,P002,4,25.97,0,West,Retail
9/3/2025,P003,2,49.33,0,East,Retail
9/3/2025,P004,6,8.8,0,North,Online
9/3/2025,P006,2,61.95,0,West,Retail
9/3/2025,P007,4,35.18,0,West,Retail
9/3/2025,P008,1,22.64,0,North,Online
9/3/2025,P009,3,18.83,0,North,Online
9/3/2025,P010,4,18.19,0,West,Online
9/3/2025,P011,2,65.2,0,West,Online
9/3/2025,P012,1,40.01,0,North,Online
9/3/2025,P013,2,16.92,0,East,Retail
9/3/2025,P014,2,21.91,0,North,Online
9/4/2025,P001,7,20.74,0,South,Retail
9/4/2025,P002,3,24.91,0,North,Retail
9/4/2025,P004,11,9.02,0,West,Retail
9/4/2025,P005,2,179.09,0,North,Online
9/4/2025,P006,6,59.45,0,South,Online
9/4/2025,P007,1,35.34,0,East,Online
9/4/2025,P008,3,23.77,0,East,Online
9/4/2025,P009,4,19.31,0,North,Retail
9/4/2025,P010,4,17.51,0,East,Retail
9/4/2025,P011,3,64.58,0,West,Online
9/4/2025,P012,2,38.75,0,North,Online
9/4/2025,P013,3,17.13,0,North,Retail
9/4/2025,P014,3,21.25,0,West,Retail
9/4/2025,P015,3,12.32,0,South,Retail
9/5/2025,P001,8,19.45,0.15,North,Retail
9/5/2025,P002,1,24.1,0,West,Online
9/5/2025,P003,2,48.48,0,South,Retail
9/5/2025,P004,7,8.79,0,West,Online
9/5/2025,P005,3,172.94,0,East,Online
9/5/2025,P007,2,35.73,0,North,Online
9/5/2025,P008,1,23.33,0,South,Retail
9/5/2025,P009,2,18.35,0,West,Online
9/5/2025,P011,2,64.17,0,North,Retail
9/5/2025,P012,2,40.12,0.1,South,Online
9/5/2025,P013,3,16.41,0,East,Online
9/5/2025,P014,3,22.77,0,South,Online
9/5/2025,P015,8,11.81,0,North,Online
9/6/2025,P001,7,20.14,0,North,Online
9/6/2025,P002,3,25.18,0.15,East,Online
9/6/2025,P003,5,51.06,0.1,South,Online
9/6/2025,P004,13,8.77,0,West,Online
9/6/2025,P005,2,180.85,0,North,Retail
9/6/2025,P006,1,61.91,0.05,North,Online
9/6/2025,P007,2,33.7,0,East,Retail
9/6/2025,P008,4,22.59,0,North,Retail
9/6/2025,P009,5,19.03,0,East,Online
9/6/2025,P010,3,17.45,0,North,Online
9/6/2025,P011,3,63.27,0,North,Retail
9/6/2025,P013,7,17.56,0,East,Retail
9/6/2025,P015,7,12.36,0,North,Retail
9/7/2025,P002,4,24.52,0.1,South,Online
9/7/2025,P003,6,50.93,0,South,Online
9/7/2025,P004,16,9.3,0,North,Online
9/7/2025,P005,2,185.47,0,East,Retail
9/7/2025,P006,4,61.96,0,South,Retail
9/7/2025,P007,4,34.96,0,North,Online
9/7/2025,P008,4,22.33,0,North,Online
9/7/2025,P009,5,,0,East,Online
9/7/2025,P010,4,18.45,0,West,Online
9/7/2025,P011,2,63.64,0,South,Online
9/7/2025,P012,5,40.94,0.05,South,Online
9/7/2025,P013,4,16.8,0,East,Online
9/7/2025,P014,1,22.69,0,North,Retail
9/7/2025,P015,5,11.81,0,North,Retail
9/8/2025,P001,4,19.41,0,West,Online
9/8/2025,P002,4,25.69,0,North,Online
9/8/2025,P003,2,49.52,0,South,Online
9/8/2025,P004,7,8.75,0,North,Online
9/8/2025,P005,1,183.74,0,East,Retail
9/8/2025,P006,1,60.57,0,East,Retail
9/8/2025,P009,5,19.31,0,West,Online
9/8/2025,P011,2,66.58,0,South,Retail
9/8/2025,P012,5,38.6,0,South,Retail
9/8/2025,P013,6,16.51,0,East,Retail
9/8/2025,P014,2,22.87,0,North,Online
9/8/2025,P015,4,11.97,0,East,Online
9/9/2025,P001,7,19.44,0,North,Retail
9/9/2025,P002,6,25.03,0,West,Retail
9/9/2025,P003,7,48.5,0,South,Retail
9/9/2025,P004,13,9,0,West,Online
9/9/2025,P007,3,35.12,0,East,Online
9/9/2025,P008,5,22.64,0,South,Online
9/9/2025,P009,6,19.17,0,West,Online
9/9/2025,P010,7,18.09,0,East,Retail
9/9/2025,P011,2,63.11,0,North,Retail
9/9/2025,P014,5,21.69,0,South,Online
9/9/2025,P015,4,12.18,0,East,Retail
9/10/2025,P001,9,20.52,0,South,Online
9/10/2025,P002,6,24.58,0,North,Online
9/10/2025,P003,3,48.33,0,North,Retail
9/10/2025,P004,9,8.82,0,West,Retail
9/10/2025,P006,2,61.4,0,North,Retail
9/10/2025,P007,4,36.35,0,West,Online
9/10/2025,P008,3,22.25,0,East,Retail
9/10/2025,P009,4,19.41,0.15,East,Online
9/10/2025,P011,3,66.4,0,West,Retail
9/10/2025,P012,2,39.98,0,East,Retail
9/10/2025,P013,3,16.57,0,North,Online
9/10/2025,P014,6,22.74,0,South,Online
9/10/2025,P015,4,11.94,0,North,Online
9/11/2025,P001,4,20,0.15,West,Retail
9/11/2025,P002,5,25.96,0,East,Online
9/11/2025,P003,2,49.57,0,West,Retail
9/11/2025,P004,3,8.92,0,South,Online
9/11/2025,P006,3,59.64,0,East,Online
9/11/2025,P007,1,35.05,0,North,Retail
9/11/2025,P008,7,22.76,0.15,West,Retail
9/11/2025,P010,4,17.76,0,West,Online
9/11/2025,P011,3,66.37,0,East,Online
9/11/2025,P012,3,38.43,0,North,Online
9/11/2025,P013,2,17.08,0,West,Online
9/11/2025,P015,4,11.63,0,West,Online
9/12/2025,P001,6,19.81,0.1,West,Online
9/12/2025,P003,2,51.89,0,West,Retail
9/12/2025,P004,14,8.93,0,East,Online
9/12/2025,P005,2,182.61,0,North,Online
9/12/2025,P006,1,58.86,0.05,West,Online
9/12/2025,P008,1,22.19,0,West,Retail
9/12/2025,P009,1,18.44,0,South,Online
9/12/2025,P010,6,18.06,0,North,Online
9/12/2025,P011,2,65.65,0,West,Retail
9/12/2025,P012,2,40.11,0,North,Online
9/12/2025,P013,3,16.85,0,East,Retail
9/12/2025,P014,1,21.54,0,North,Retail
9/12/2025,P015,3,11.81,0,West,Online
9/13/2025,P001,5,20.09,0,East,Online
9/13/2025,P002,7,25.9,0,East,Online
9/13/2025,P003,4,51.17,0,West,Retail
9/13/2025,P004,10,9.07,0,East,Online
9/13/2025,P005,1,180.69,0,North,Online
9/13/2025,P006,1,59.87,0,North,Online
9/13/2025,P007,7,33.99,0,West,Retail
9/13/2025,P009,6,19.21,0,East,Retail
9/13/2025,P010,4,17.88,0,South,Online
9/13/2025,P011,4,66.51,0.05,North,Online
9/13/2025,P012,3,38.43,0,East,Retail
9/13/2025,P013,3,16.95,0,East,Online
9/14/2025,P001,8,20.61,0,South,Retail
9/14/2025,P002,2,24.1,0,South,Online
9/14/2025,P003,6,49.66,0,South,Online
9/14/2025,P005,1,184.68,0,East,Online
9/14/2025,P006,2,61.69,0,East,Online
9/14/2025,P007,1,34.94,0,South,Online
9/14/2025,P009,6,19.63,0,West,Retail
9/14/2025,P010,4,18.56,0,North,Online
9/14/2025,P012,3,41.43,0,South,Retail
9/14/2025,P013,2,16.87,0,East,Retail
9/14/2025,P014,3,21.97,0,South,Online
9/14/2025,P015,10,12.44,0,West,Retail
9/15/2025,P002,4,24.93,0,East,Online
9/15/2025,P004,11,9.18,0,South,Online
9/15/2025,P005,1,181.84,0,North,Online
9/15/2025,P006,2,62.23,0,North,Retail
9/15/2025,P007,2,34.38,0,South,Online
9/15/2025,P009,2,18.57,0,West,Online
9/15/2025,P010,3,18.32,0,South,Retail
9/15/2025,P011,1,63.2,0,East,Online
9/15/2025,P012,5,40.15,0,East,Online
9/15/2025,P013,4,16.66,0,East,Online
9/15/2025,P014,4,21.54,0,West,Online
9/16/2025,P002,7,25.59,0,East,Online
9/16/2025,P003,4,49.29,0,West,Retail
9/16/2025,P005,2,181.68,0,North,Online
9/16/2025,P006,4,60.64,0,East,Retail
9/16/2025,P007,1,33.64,0,South,Retail
9/16/2025,P008,3,22.76,0,East,Retail
9/16/2025,P009,3,18.92,0,East,Online
9/16/2025,P010,5,17.36,0,South,Online
9/16/2025,P011,3,65.69,0.1,North,Retail
9/16/2025,P012,3,38.47,0,East,Retail
9/16/2025,P013,1,16.39,0,South,Online
9/16/2025,P014,1,21.13,0,South,Retail
9/16/2025,P015,7,12.08,0,North,Online
9/17/2025,P001,5,20.08,0,North,Online
9/17/2025,P002,1,25.3,0,North,Retail
9/17/2025,P003,2,49.85,0,East,Online
9/17/2025,P004,9,8.81,0.15,North,Online
9/17/2025,P006,6,60.86,0,West,Online
9/17/2025,P007,3,36.32,0,West,Online
9/17/2025,P008,4,23.84,0,East,Online
9/17/2025,P009,4,18.99,0,South,Retail
9/17/2025,P010,2,18.68,0,South,Retail
9/17/2025,P011,3,65.84,0,North,Online
9/17/2025,P012,7,39.8,0,West,Online
9/17/2025,P013,7,17.21,0,West,Retail
9/17/2025,P014,5,21.95,0,West,Online
9/17/2025,P015,7,12.4,0,South,Retail
9/18/2025,P001,7,19.41,0,East,Retail
9/18/2025,P002,7,25.5,0.05,South,Online
9/18/2025,P003,1,49.41,0,East,Online
9/18/2025,P005,3,181.91,0,West,Online
9/18/2025,P006,4,58.38,0,North,Retail
9/18/2025,P007,2,33.6,0,West,Online
9/18/2025,P009,4,19.42,0.15,South,Online
9/18/2025,P010,1,18.24,0,West,Online
9/18/2025,P011,1,63.56,0,East,Retail
9/18/2025,P013,7,17.18,0,West,Retail
9/18/2025,P014,3,21.89,0,North,Retail
9/18/2025,P015,4,11.85,0,East,Online
9/19/2025,P001,9,20.1,0,North,Online
9/19/2025,P002,6,24.71,0,West,Online
9/19/2025,P003,3,51.7,0,North,Online
9/19/2025,P004,9,9.08,0,East,Online
9/19/2025,P006,1,61.17,0,West,Retail
9/19/2025,P007,2,33.73,0,East,Online
9/19/2025,P009,3,19.42,0,West,Online
9/19/2025,P010,1,17.75,0,South,Online
9/19/2025,P011,2,64.95,0,South,Retail
9/19/2025,P012,1,39.98,0,South,Retail
9/19/2025,P013,5,17.27,0,West,Retail
9/19/2025,P015,5,12.19,0,West,Online
9/20/2025,P001,11,19.64,0,South,Retail
9/20/2025,P002,8,24.48,0,South,Online
9/20/2025,P003,2,49.74,0,West,Online
9/20/2025,P004,16,8.95,0,South,Online
9/20/2025,P006,7,62.21,0,East,Online
9/20/2025,P010,3,18.69,0,North,Retail
9/20/2025,P012,1,41.18,0,West,Online
9/20/2025,P013,8,16.96,0,South,Online
9/20/2025,P014,2,21.87,0,North,Online
9/20/2025,P015,3,11.54,0,East,Online
9/21/2025,P001,7,19.9,0,West,Online
9/21/2025,P002,5,24.42,0,West,Online
9/21/2025,P003,3,50.69,0,South,Retail
9/21/2025,P005,4,177.47,0,North,Online
9/21/2025,P006,3,59.03,0,West,Online
9/21/2025,P007,2,35.34,0,East,Retail
9/21/2025,P008,3,22.38,0,West,Online
9/21/2025,P010,3,18.53,0,North,Online
9/21/2025,P011,2,66.64,0.05,West,Online
9/21/2025,P012,1,39.99,0,East,Online
9/21/2025,P014,3,21.9,0,North,Online
9/21/2025,P015,5,11.75,0,South,Online
9/22/2025,P001,7,19.27,0,West,Retail
9/22/2025,P002,3,24.88,0,West,Online
9/22/2025,P003,5,49.31,0,West,Retail
9/22/2025,P004,7,9.3,0,West,Online
9/22/2025,P005,1,182.75,0,North,Online
9/22/2025,P006,3,60.01,0,East,Retail
9/22/2025,P008,1,23.1,0,South,Online
9/22/2025,P009,3,18.8,0,West,Retail
9/22/2025,P011,3,65.91,0,East,Online
9/22/2025,P012,5,40.73,0,North,Retail
9/22/2025,P013,3,17.29,0,South,Online
9/22/2025,P015,6,11.66,0,North,Online
9/23/2025,P001,8,19.51,0,West,Online
9/23/2025,P002,2,25.81,0,West,Retail
9/23/2025,P003,3,49.15,0,East,Online
9/23/2025,P004,10,8.68,0,South,Online
9/23/2025,P005,2,178.87,0,North,Retail
9/23/2025,P006,5,57.74,0,West,Online
9/23/2025,P008,2,23.32,0,East,Retail
9/23/2025,P009,2,19.51,0.1,South,Online
9/23/2025,P010,3,17.68,0,West,Retail
9/23/2025,P011,2,67.1,0,East,Retail
9/23/2025,P013,3,17.67,0,West,Online
9/23/2025,P014,2,22.26,0,West,Retail
9/23/2025,P015,2,12.4,0,West,Online
9/24/2025,P001,6,19.63,0,North,Online
9/24/2025,P003,3,51.15,0.1,North,Online
9/24/2025,P004,4,9.29,0,West,Online
9/24/2025,P005,1,179.5,0,West,Retail
9/24/2025,P006,2,58.26,0,North,Online
9/24/2025,P007,2,34.95,0,West,Online
9/24/2025,P008,3,23.15,0,North,Online
9/24/2025,P009,5,19.08,0,North,Retail
9/24/2025,P011,3,64.35,0,South,Online
9/24/2025,P012,1,40.14,0,South,Online
9/24/2025,P013,5,16.39,0,South,Online
9/24/2025,P014,6,22.14,0.15,South,Retail
9/24/2025,P015,1,11.51,0,South,Online
9/25/2025,P001,6,20.02,0,South,Online
9/25/2025,P002,4,25.39,0,West,Online
9/25/2025,P003,4,48.83,0,West,Online
9/25/2025,P004,8,9,0,West,Retail
9/25/2025,P006,2,61.41,0.15,South,Retail
9/25/2025,P007,1,33.61,0,West,Retail
9/25/2025,P008,2,22.6,0,West,Online
9/25/2025,P009,2,19.68,0,West,Online
9/25/2025,P010,3,18.06,0,East,Retail
9/25/2025,P011,5,67.53,0,East,Online
9/25/2025,P012,1,38.9,0,South,Online
9/25/2025,P013,6,17.21,0,West,Online
9/25/2025,P014,4,22.37,0,North,Online
9/25/2025,P015,3,11.74,0,South,Online
9/26/2025,P001,10,20.49,0,South,Online
9/26/2025,P002,4,25.07,0,South,Retail
9/26/2025,P003,5,49.81,0,East,Online
9/26/2025,P004,10,8.81,0,North,Online
9/26/2025,P005,1,178.67,0,North,Online
9/26/2025,P006,1,57.68,0,West,Retail
9/26/2025,P008,1,22.37,0,South,Retail
9/26/2025,P009,5,19.01,0,North,Retail
9/26/2025,P010,4,17.55,0,East,Online
9/26/2025,P011,6,65.54,0,South,Online
9/26/2025,P012,5,39.52,0,South,Online
9/26/2025,P013,3,16.31,0,West,Online
9/26/2025,P014,3,22.26,0,East,Online
9/26/2025,P015,3,11.64,0,West,Online
9/27/2025,P001,7,20.67,0,East,Retail
9/27/2025,P004,10,9.21,0,North,Retail
9/27/2025,P005,1,175.18,0,North,Online
9/27/2025,P006,2,60.1,0.05,North,Online
9/27/2025,P007,2,35.04,0,South,Retail
9/27/2025,P008,3,22.84,0,South,Retail
9/27/2025,P010,1,17.44,0.15,North,Retail
9/27/2025,P011,1,64.73,0,South,Online
9/27/2025,P012,8,38.99,0,West,Retail
9/27/2025,P013,1,17.58,0,East,Retail
9/27/2025,P014,2,21.29,0,East,Retail
9/28/2025,P001,2,20.34,0,West,Online
9/28/2025,P002,4,25.36,0,South,Retail
9/28/2025,P003,4,48.13,0,West,Online
9/28/2025,P004,12,8.64,0,North,Online
9/28/2025,P005,5,181.69,0,North,Retail
9/28/2025,P006,2,61.08,0,West,Online
9/28/2025,P007,3,34.45,0,North,Online
9/28/2025,P009,7,19.69,0,North,Retail
9/28/2025,P010,9,17.93,0,West,Online
9/28/2025,P011,1,66.86,0,West,Online
9/28/2025,P012,7,40.15,0.15,South,Online
9/28/2025,P013,4,17.46,0,South,Retail
9/28/2025,P014,7,21.67,0,West,Online
9/28/2025,P015,6,12.19,0,North,Retail
9/29/2025,P001,6,20.32,0,South,Online
9/29/2025,P002,5,25.88,0,North,Retail
9/29/2025,P003,2,49.22,0,East,Retail
9/29/2025,P004,7,9.16,0,South,Retail
9/29/2025,P005,3,185.76,0,South,Retail
9/29/2025,P006,7,59.11,0,North,Retail
9/29/2025,P007,3,35.97,0,West,Online
9/29/2025,P008,2,23.67,0,West,Online
9/29/2025,P009,2,19.22,0.05,South,Online
9/29/2025,P010,1,18.41,0,South,Retail
9/29/2025,P012,1,38.63,0,West,Online
9/29/2025,P013,4,17.37,0,West,Online
9/29/2025,P014,1,22.21,0,South,Online
9/29/2025,P015,5,12.25,0,South,Online
9/30/2025,P001,4,20.01,0,West,Online
9/30/2025,P003,1,48.77,0,West,Online
9/30/2025,P004,13,8.98,0,South,Retail
9/30/2025,P006,2,60.56,0,North,Online
9/30/2025,P010,5,18.68,0,South,Online
9/30/2025,P011,3,67.44,0,West,Online
9/30/2025,P012,2,38.81,0,North,Retail
9/30/2025,P013,7,17.33,0,East,Online
9/30/2025,P014,5,21.19,0,North,Retail
9/30/2025,P015,4,11.57,0,East,Online
10/1/2025,P001,3,19.98,0,East,Online
10/1/2025,P002,7,24.13,0,North,Online
10/1/2025,P003,5,48.85,0,North,Online
10/1/2025,P005,4,182.61,0,North,Online
10/1/2025,P007,1,35.46,0,South,Online
10/1/2025,P008,4,23.69,0,East,Retail
10/1/2025,P009,1,18.67,0,East,Online
10/1/2025,P010,5,18.6,0,South,Retail
10/1/2025,P012,2,39.82,0,South,Retail
10/1/2025,P013,3,16.98,0,North,Online
10/1/2025,P014,5,22.05,0,North,Retail
10/1/2025,P015,1,12.31,0,South,Retail
10/2/2025,P001,10,20.47,0,North,Retail
10/2/2025,P002,4,24.72,0,West,Online
10/2/2025,P003,7,49.72,0,North,Online
10/2/2025,P004,6,8.65,0,,Online
10/2/2025,P007,2,35.28,0,West,Online
10/2/2025,P008,4,22.62,0,South,Online
10/2/2025,P009,3,19.67,0,North,Online
10/2/2025,P010,4,18.02,0,West,Online
10/2/2025,P012,3,39.91,0,South,Retail
10/2/2025,P013,4,17.6,0,North,Online
10/2/2025,P014,4,22.27,0,South,Online
10/2/2025,P015,5,11.76,0,West,Online
10/3/2025,P001,13,19.39,0,South,Retail
10/3/2025,P002,2,25.71,0,East,Online
10/3/2025,P003,2,48.34,0,North,Online
10/3/2025,P004,10,9.19,0,North,Online
10/3/2025,P005,1,176.52,0,South,Online
10/3/2025,P006,1,59.1,0,South,Online
10/3/2025,P007,2,33.6,0.05,West,Retail
10/3/2025,P008,4,22.13,0,South,Retail
10/3/2025,P009,4,19.73,0,East,Online
10/3/2025,P010,3,18.51,0,South,Online
10/3/2025,P011,1,62.66,0,North,Online
10/3/2025,P012,7,40.56,0,West,Online
10/3/2025,P014,2,21.88,0,East,Online
10/3/2025,P015,7,12.41,0,,Retail
10/4/2025,P001,3,20.42,0,East,Retail
10/4/2025,P002,3,24,0,North,Online
10/4/2025,P003,6,49.78,0,North,Retail
10/4/2025,P004,5,8.79,0,East,Online
10/4/2025,P006,7,58.87,0,North,Online
10/4/2025,P007,6,35.05,0,West,Online
10/4/2025,P009,4,19.47,0,West,Retail
10/4/2025,P011,5,64.53,0,North,Retail
10/4/2025,P012,4,41.54,0,West,Retail
10/4/2025,P013,4,16.97,0,South,Online
10/4/2025,P014,5,21.23,0.1,East,Retail
10/4/2025,P015,7,11.61,0,South,Online
10/5/2025,P001,6,19.87,0,North,Retail
10/5/2025,P002,3,24.93,0,South,Online
10/5/2025,P004,17,8.85,0.1,West,Retail
10/5/2025,P006,3,57.93,0.1,South,Online
10/5/2025,P007,1,35.82,0,South,Online
10/5/2025,P008,3,23.5,0,North,Retail
10/5/2025,P009,6,18.99,0,South,Retail
10/5/2025,P010,2,18.57,0,West,Retail
10/5/2025,P011,2,67.44,0,South,Online
10/5/2025,P012,2,39.97,0,South,Retail
10/5/2025,P013,5,16.88,0,East,Retail
10/5/2025,P014,3,22.86,0,North,Online
10/5/2025,P015,4,12.16,0.1,,Retail
10/6/2025,P002,2,24.84,0,West,Retail
10/6/2025,P003,4,51.6,0,North,Online
10/6/2025,P004,13,8.85,0,South,Online
10/6/2025,P006,1,59.87,0,West,Online
10/6/2025,P007,1,35.9,0,North,Online
10/6/2025,P008,1,22.92,0,East,Online
10/6/2025,P010,2,18.07,0,North,Online
10/6/2025,P011,4,66.85,0,West,Retail
10/6/2025,P012,5,40.82,0,East,Online
10/6/2025,P013,4,16.75,0,East,Retail
10/6/2025,P014,2,21.21,0.05,North,Online
10/6/2025,P015,6,11.86,0,East,Online
10/7/2025,P001,7,19.24,0.15,East,Online
10/7/2025,P002,2,25.08,0,North,Online
10/7/2025,P004,8,9.13,0,East,Online
10/7/2025,P006,4,60.02,0,South,Online
10/7/2025,P007,3,35.8,0,North,Online
10/7/2025,P010,2,18.38,0,East,Retail
10/7/2025,P012,5,41.25,0,West,Retail
10/7/2025,P013,6,16.45,0,North,Online
10/7/2025,P014,2,22.34,0,East,Retail
10/8/2025,P001,11,20.07,0,South,Online
10/8/2025,P003,1,50.44,0,North,Online
10/8/2025,P004,11,9.01,0,West,Online
10/8/2025,P005,1,186.16,0,North,Retail
10/8/2025,P006,3,58.69,0,East,Online
10/8/2025,P007,1,33.84,0,West,Retail
10/8/2025,P008,1,23.23,0,East,Online
10/8/2025,P009,3,19.13,0,North,Retail
10/8/2025,P010,5,17.53,0,East,Online
10/8/2025,P011,5,66.97,0,North,Online
10/8/2025,P013,4,17.06,0,North,Online
10/8/2025,P014,3,21.52,0,North,Retail
10/8/2025,P015,3,11.57,0,South,Online
10/9/2025,P001,4,19.35,0,North,Retail
10/9/2025,P002,6,24.08,0,South,Retail
10/9/2025,P004,7,9.21,0,South,Online
10/9/2025,P005,2,174.75,0,East,Retail
10/9/2025,P006,5,58.15,0.05,North,Retail
10/9/2025,P007,1,35.77,0.15,South,Retail
10/9/2025,P008,3,23.73,0,North,Online
10/9/2025,P009,9,19.75,0,North,Retail
10/9/2025,P010,1,17.33,0,East,Online
10/9/2025,P011,1,65.12,0,West,Retail
10/9/2025,P012,2,39.41,0,South,Retail
10/9/2025,P014,3,22.82,0,South,Retail
10/9/2025,P015,2,11.67,0,South,Online
10/10/2025,P001,6,19.2,0,West,Online
10/10/2025,P002,2,24,0,West,Online
10/10/2025,P003,1,50.46,0,South,Retail
10/10/2025,P004,12,8.68,0,East,Retail
10/10/2025,P005,3,181.3,0,North,Online
10/10/2025,P006,1,58.35,0,South,Retail
10/10/2025,P007,2,34.89,0,West,Online
10/10/2025,P008,1,23.02,0,West,Retail
10/10/2025,P009,7,19.71,0,North,Online
10/10/2025,P010,4,18.46,0,West,Online
10/10/2025,P013,2,17.17,0,North,Retail
10/10/2025,P014,3,22.61,0,South,Online
10/10/2025,P015,9,12.19,0.1,East,Online
10/11/2025,P001,8,19.74,0,South,Online
10/11/2025,P002,2,24.62,0,East,Retail
10/11/2025,P004,15,8.97,0,South,Online
10/11/2025,P005,2,179.92,0,North,Online
10/11/2025,P007,1,34.64,0,West,Retail
10/11/2025,P008,5,22.71,0,East,Online
10/11/2025,P009,6,18.28,0.05,South,Retail
10/11/2025,P010,6,17.75,0,South,Online
10/11/2025,P011,4,64.03,0,North,Retail
10/11/2025,P012,6,38.82,0,North,Retail
10/11/2025,P013,8,17.54,0,North,Online
10/11/2025,P014,5,21.36,0,North,Online
10/11/2025,P015,1,12.14,0,West,Online
10/12/2025,P001,8,19.3,0,West,Online
10/12/2025,P002,4,25.72,0,East,Retail
10/12/2025,P003,4,48.16,0,South,Online
10/12/2025,P004,15,8.91,0,North,Online
10/12/2025,P009,7,18.55,0,East,Retail
10/12/2025,P010,2,18.64,0,West,Retail
10/12/2025,P011,2,62.87,0,West,Retail
10/12/2025,P012,2,40.34,0,West,Retail
10/12/2025,P014,5,21.69,0,West,Retail
10/12/2025,P015,10,11.62,0,East,Retail
10/13/2025,P002,3,24.04,0,North,Online
10/13/2025,P003,2,50.26,0,North,Retail
10/13/2025,P004,9,8.9,0,West,Online
10/13/2025,P005,2,180.16,0,West,Online
10/13/2025,P006,4,59.79,0,West,Online
10/13/2025,P007,3,36.38,0,East,Retail
10/13/2025,P008,4,23.15,0,North,Retail
10/13/2025,P009,4,19.21,0,South,Online
10/13/2025,P011,2,66.08,0,East,Online
10/13/2025,P012,3,41.02,0,West,Online
10/13/2025,P013,3,17.26,0,North,Online
10/13/2025,P014,4,22.51,0.05,West,Retail
10/13/2025,P015,4,12.25,0,West,Online
10/14/2025,P001,8,20.1,0.15,North,Retail
10/14/2025,P002,6,25.85,0,West,Online
10/14/2025,P003,3,51.7,0,South,Retail
10/14/2025,P004,6,8.92,0,South,Online
10/14/2025,P005,1,175.88,0,East,Retail
10/14/2025,P006,4,58.96,0,,Online
10/14/2025,P008,1,22.63,0,West,Online
10/14/2025,P010,5,17.38,0,South,Online
10/14/2025,P011,3,67.11,0,East,Online
10/14/2025,P012,2,40.03,0,North,Online
10/14/2025,P013,3,16.93,0,North,Online
10/14/2025,P014,2,22.68,0,East,Retail
10/14/2025,P015,1,12.44,0,East,Retail
10/15/2025,P001,7,19.81,0,West,Online
10/15/2025,P003,1,51.57,0,South,Retail
10/15/2025,P004,11,9.26,0,West,Retail
10/15/2025,P005,1,176.59,0,West,Retail
10/15/2025,P006,4,60.03,0,East,Online
10/15/2025,P008,5,23.75,0,South,Retail
10/15/2025,P009,3,18.97,0.15,South,Online
10/15/2025,P010,3,17.62,0,West,Online
10/15/2025,P011,2,66.12,0.05,South,Online
10/15/2025,P012,1,40.66,0,East,Online
10/15/2025,P013,1,17.07,0,South,Online
10/15/2025,P014,2,21.42,0,East,Retail
10/15/2025,P015,5,11.99,0.1,North,Retail
10/16/2025,P001,8,20.11,0,North,Retail
10/16/2025,P002,7,24.89,0,West,Online
10/16/2025,P003,5,48.92,0,North,Retail
10/16/2025,P004,8,9.18,0,North,Online
10/16/2025,P006,2,57.63,0,West,Online
10/16/2025,P007,1,34.89,0,West,Retail
10/16/2025,P009,5,19.46,0,North,Retail
10/16/2025,P010,3,18.32,0,South,Online
10/16/2025,P011,1,67.3,0,North,Online
10/16/2025,P012,3,39.59,0.05,East,Retail
10/16/2025,P013,4,17.5,0,West,Online
10/17/2025,P001,9,19.64,0,South,Online
10/17/2025,P002,2,25.77,0,South,Online
10/17/2025,P003,3,51.78,0,West,Retail
10/17/2025,P004,5,9.1,0,North,Online
10/17/2025,P005,3,172.93,0,West,Retail
10/17/2025,P006,3,61.4,0,South,Online
10/17/2025,P007,1,34.37,0,North,Online
10/17/2025,P008,2,22.56,0.15,North,Online
10/17/2025,P009,1,18.24,0.15,South,Online
10/17/2025,P010,4,17.5,0,East,Retail
10/17/2025,P011,3,64.02,0,South,Online
10/17/2025,P012,6,40.66,0,West,Online
10/17/2025,P013,6,17.43,0,East,Online
10/17/2025,P014,2,21.73,0,West,Retail
10/17/2025,P015,7,12.42,0,East,Online
10/18/2025,P001,7,19.64,0,North,Online
10/18/2025,P002,1,24.97,0,South,Online
10/18/2025,P003,5,48.48,0,North,Online
10/18/2025,P004,13,8.99,0,East,Retail
10/18/2025,P005,3,185.09,0,North,Online
10/18/2025,P006,3,59.96,0.1,East,Online
10/18/2025,P007,1,36.26,0,East,Retail
10/18/2025,P008,5,22.32,0,South,Retail
10/18/2025,P009,5,19.24,0,South,Retail
10/18/2025,P010,4,17.27,0,North,Retail
10/18/2025,P012,6,40.85,0.15,South,Online
10/18/2025,P015,4,11.91,0,North,Online
10/19/2025,P001,4,20.17,0,East,Online
10/19/2025,P002,4,24.68,0.1,East,Retail
10/19/2025,P004,11,8.75,0.05,East,Online
10/19/2025,P005,1,182.43,0,East,Online
10/19/2025,P006,3,59.87,0,West,Retail
10/19/2025,P009,2,18.64,0,West,Online
10/19/2025,P010,5,18.55,0,West,Retail
10/19/2025,P011,4,65.67,0,East,Retail
10/19/2025,P012,4,40.69,0,North,Retail
10/19/2025,P013,4,16.76,0,South,Online
10/19/2025,P014,4,22.85,0,East,Online
10/19/2025,P015,8,11.68,0.1,West,Retail
10/20/2025,P001,8,19.38,0,East,Online
10/20/2025,P002,5,24.93,0.1,North,Online
10/20/2025,P003,5,49.28,0,North,Online
10/20/2025,P004,15,8.86,0,South,Online
10/20/2025,P005,1,173.96,0,West,Online
10/20/2025,P006,1,58.51,0,South,Online
10/20/2025,P007,3,35.27,0,East,Online
10/20/2025,P008,3,22.19,0,South,Retail
10/20/2025,P009,4,18.74,0,South,Online
10/20/2025,P012,3,39,0,South,Retail
10/20/2025,P014,6,21.81,0,South,Online
10/20/2025,P015,3,12.03,0,East,Online
10/21/2025,P001,5,20.47,0,South,Retail
10/21/2025,P002,3,25.76,0,North,Retail
10/21/2025,P004,8,8.96,0,West,Online
10/21/2025,P005,1,178.94,0,East,Online
10/21/2025,P006,3,60.76,0,East,Retail
10/21/2025,P007,1,34.29,0,West,Online
10/21/2025,P008,2,23.19,0,South,Retail
10/21/2025,P010,3,17.44,0,North,Online
10/21/2025,P012,7,41.44,0,South,Online
10/21/2025,P013,5,17.29,0,North,Online
10/21/2025,P014,3,22.3,0,South,Retail
10/21/2025,P015,3,12.06,0,East,Online
10/22/2025,P001,6,20.21,0,West,Online
10/22/2025,P002,1,24.71,0,North,Online
10/22/2025,P003,5,50.71,0,South,Retail
10/22/2025,P004,9,9.1,0,East,Online
10/22/2025,P005,1,186.38,0.15,South,Online
10/22/2025,P006,6,60.63,0,North,Retail
10/22/2025,P008,4,22.67,0.15,West,Online
10/22/2025,P012,2,39.14,0,North,Online
10/22/2025,P013,2,17,0,North,Retail
10/22/2025,P015,2,12.26,0,East,Online
10/23/2025,P001,5,20.12,0,North,Online
10/23/2025,P002,1,25.27,0,North,Online
10/23/2025,P003,1,50.02,0,North,Online
10/23/2025,P004,8,9.21,0.1,South,Online
10/23/2025,P005,3,182.18,0.1,West,Online
10/23/2025,P006,4,60.62,0,East,Online
10/23/2025,P007,2,35.59,0,East,Online
10/23/2025,P008,5,22.74,0.1,South,Retail
10/23/2025,P009,1,18.83,0,East,Retail
10/23/2025,P010,3,17.9,0,East,Online
10/23/2025,P011,3,67.33,0,South,Retail
10/23/2025,P012,2,40.19,0,West,Online
10/23/2025,P013,6,16.63,0.15,West,Retail
10/23/2025,P015,3,11.76,0,East,Retail
10/24/2025,P001,8,19.39,0,North,Online
10/24/2025,P002,6,24.62,0,South,Online
10/24/2025,P004,9,8.98,0,West,Retail
10/24/2025,P006,5,60.76,0.05,North,Online
10/24/2025,P008,2,23.05,0,East,Retail
10/24/2025,P009,3,19.56,0,South,Retail
10/24/2025,P010,1,17.77,0.1,North,Online
10/24/2025,P011,3,64.59,0,West,Online
10/24/2025,P013,1,17.14,0,North,Online
10/24/2025,P014,3,21.5,0,East,Online
10/24/2025,P015,2,11.6,0,West,Online
10/25/2025,P001,11,20.48,0,North,Retail
10/25/2025,P002,3,24.08,0,North,Retail
10/25/2025,P003,7,51.71,0,West,Retail
10/25/2025,P004,15,9.15,0,North,Retail
10/25/2025,P005,2,186.38,0,West,Online
10/25/2025,P006,5,58.37,0,North,Retail
10/25/2025,P007,2,34.82,0,East,Retail
10/25/2025,P008,7,22.25,0,South,Retail
10/25/2025,P009,9,18.28,0.15,South,Retail
10/25/2025,P010,4,17.81,0,North,Online
10/25/2025,P012,4,39.55,0,West,Retail
10/25/2025,P014,6,22.43,0,East,Online
10/25/2025,P015,4,11.9,0.15,North,Online
10/26/2025,P001,15,19.6,0,East,Retail
10/26/2025,P002,6,24.14,0,South,Online
10/26/2025,P003,7,50.74,0,East,Online
10/26/2025,P005,1,178.89,0,North,Retail
10/26/2025,P006,2,61.92,0.05,East,Online
10/26/2025,P007,4,36.1,0.15,North,Retail
10/26/2025,P008,6,22.45,0,East,Retail
10/26/2025,P009,6,18.77,0,North,Retail
10/26/2025,P010,1,17.36,0.15,West,Online
10/26/2025,P012,5,40.28,0,East,Retail
10/26/2025,P013,6,16.92,0,East,Retail
10/26/2025,P015,6,11.7,0,North,Online
10/27/2025,P002,1,24.96,0,North,Retail
10/27/2025,P004,15,9.14,0,South,Retail
10/27/2025,P007,1,34.74,0,West,Retail
10/27/2025,P008,2,22.65,0,North,Retail
10/27/2025,P009,5,18.24,0.05,East,Retail
10/27/2025,P010,6,18.42,0,West,Online
10/27/2025,P012,3,39.71,0,North,Retail
10/27/2025,P015,2,11.96,0,East,Retail
10/28/2025,P001,6,19.86,0,South,Retail
10/28/2025,P003,3,50.28,0,West,Retail
10/28/2025,P004,4,9.16,0,West,Retail
10/28/2025,P005,3,180.35,0,North,Retail
10/28/2025,P006,3,61.71,0.15,South,Retail
10/28/2025,P007,2,33.87,0,West,Retail
10/28/2025,P009,3,18.54,0,West,Online
10/28/2025,P010,1,17.4,0,East,Retail
10/28/2025,P011,3,64.35,0.05,West,Retail
10/28/2025,P012,2,38.67,0.1,East,Online
10/28/2025,P013,3,17.58,0,South,Online
10/28/2025,P014,2,22.32,0,East,Online
10/28/2025,P015,5,12.39,0,West,Retail
10/29/2025,P001,6,20.12,0,North,Online
10/29/2025,P002,5,24.08,0,South,Online
10/29/2025,P003,5,50.32,0,East,Online
10/29/2025,P006,2,58.31,0,North,Retail
10/29/2025,P007,5,35.01,0,South,Online
10/29/2025,P008,3,23.72,0,East,Online
10/29/2025,P009,6,18.78,0,West,Online
10/29/2025,P010,1,18.65,0,East,Retail
10/29/2025,P011,3,63.43,0,South,Online
10/29/2025,P012,5,38.95,0,North,Retail
10/29/2025,P013,2,17.32,0,East,Online
10/29/2025,P015,8,12.2,0.1,North,Retail
10/29/2025,P015,8,12.2,0.1,North,Retail
10/30/2025,P001,6,20.07,0,North,Online
10/30/2025,P003,3,50.65,0,East,Retail
10/30/2025,P006,1,59.41,0,South,Retail
10/30/2025,P007,5,33.7,0,South,Online
10/30/2025,P009,3,18.71,0,South,Retail
10/30/2025,P010,4,18.5,0,North,Online
10/30/2025,P012,1,40.67,0,North,Retail
10/30/2025,P013,5,17.59,0,South,Online
10/30/2025,P014,3,22.51,0,North,Online
10/30/2025,P015,9,12,0,West,Online
10/31/2025,P001,9,20.11,0.05,West,Online
10/31/2025,P002,3,25.95,0,South,Retail
10/31/2025,P003,6,48.79,0,East,Online
10/31/2025,P004,5,8.94,0,West,Online
10/31/2025,P005,2,186.45,0,South,Online
10/31/2025,P006,4,61.36,0,South,Online
10/31/2025,P007,4,33.64,0,West,Retail
10/31/2025,P008,3,22.59,0,East,Online
10/31/2025,P009,4,19.74,0,West,Retail
10/31/2025,P012,6,40.76,0,North,Online
10/31/2025,P013,3,17.21,0.05,South,Retail
10/31/2025,P014,3,21.18,0,East,Online
11/1/2025,P001,11,19.85,0.25,North,Retail
11/1/2025,P002,7,24.23,0,South,Online
11/1/2025,P003,5,48.42,0,East,Retail
11/1/2025,P004,20,9.21,0.05,South,Online
11/1/2025,P005,3,176.26,0,North,Retail
11/1/2025,P006,6,59.12,0.05,West,Retail
11/1/2025,P007,3,35.14,0,East,Retail
11/1/2025,P008,6,23.51,0,South,Online
11/1/2025,P010,3,17.9,0,South,Online
11/1/2025,P011,5,64.6,0,West,Online
11/1/2025,P012,7,38.64,0,North,Retail
11/1/2025,P013,7,16.91,0.15,West,Retail
11/1/2025,P014,5,21.77,0.15,West,Retail
11/1/2025,P015,10,12.39,0,North,Online
11/2/2025,P001,10,20.47,0.15,South,Retail
11/2/2025,P002,7,24.07,0.1,North,Online
11/2/2025,P003,7,48.75,0.25,East,Online
11/2/2025,P004,16,8.91,0.2,West,Retail
11/2/2025,P005,4,186.47,0,South,Online
11/2/2025,P006,5,62.28,0,North,Retail
11/2/2025,P007,2,35.11,0.2,North,Online
11/2/2025,P008,9,23.13,0,North,Online
11/2/2025,P009,7,18.78,0.15,North,Online
11/2/2025,P010,5,18.5,0,North,Retail
11/2/2025,P011,3,65.2,0,South,Retail
11/2/2025,P012,3,39.7,0.15,South,Online
11/2/2025,P013,9,17.04,0.25,West,Retail
11/2/2025,P014,5,21.14,0,North,Retail
11/2/2025,P015,6,12.23,0.2,North,Retail
11/3/2025,P001,6,20.74,0.05,North,Online
11/3/2025,P002,6,24.08,0,West,Retail
11/3/2025,P003,5,48.41,0,North,Online
11/3/2025,P004,10,9.22,0,East,Online
11/3/2025,P005,3,185.12,0.15,West,Retail
11/3/2025,P006,4,59.04,0.2,North,Online
11/3/2025,P007,4,34.13,0.25,North,Online
11/3/2025,P008,7,22.58,0,North,Online
11/3/2025,P009,3,18.68,0.2,East,Online
11/3/2025,P010,2,17.78,0.1,East,Online
11/3/2025,P011,4,63.46,0,North,Online
11/3/2025,P013,6,16.53,0.05,East,Retail
11/3/2025,P014,6,22.02,0.2,South,Online
11/3/2025,P015,9,11.89,0.15,East,Retail
11/4/2025,P001,9,19.24,0.2,West,Online
11/4/2025,P002,5,24.64,0,South,Online
11/4/2025,P005,3,178.87,0.15,West,Retail
11/4/2025,P006,7,57.62,0.1,North,Retail
11/4/2025,P008,5,23.04,0.25,North,Online
11/4/2025,P009,5,18.51,0,East,Online
11/4/2025,P010,4,17.76,0,West,Online
11/4/2025,P011,3,65.8,0,East,Online
11/4/2025,P012,6,38.4,0,North,Retail
11/4/2025,P013,5,16.41,0.25,West,Online
11/4/2025,P014,7,22.76,0.15,East,Online
11/4/2025,P015,2,11.89,0,North,Online
11/5/2025,P001,7,20.23,0,West,Online
11/5/2025,P002,8,25.05,0,South,Online
11/5/2025,P003,4,48.93,0.15,East,Online
11/5/2025,P004,16,9.18,0,North,Online
11/5/2025,P005,1,186.25,0,South,Retail
11/5/2025,P006,6,61.9,0,East,Online
11/5/2025,P008,8,23.57,0.15,North,Online
11/5/2025,P009,9,19.3,0,South,Online
11/5/2025,P010,5,18.57,0.1,East,Retail
11/5/2025,P011,3,65.14,0.2,West,Retail
11/5/2025,P012,9,40.22,0.15,West,Online
11/5/2025,P013,10,16.87,0,South,Online
11/5/2025,P014,1,22.26,0,South,Retail
11/5/2025,P015,10,11.89,0.1,South,Retail
11/6/2025,P001,16,20.31,0,West,Retail
11/6/2025,P002,6,24.09,0,East,Retail
11/6/2025,P003,6,50.8,0,West,Retail
11/6/2025,P004,10,8.94,0.2,West,Online
11/6/2025,P006,6,59.89,0.1,West,Online
11/6/2025,P007,4,35.12,0.15,West,Retail
11/6/2025,P008,5,23,0.25,North,Retail
11/6/2025,P009,10,19.62,0,South,Retail
11/6/2025,P010,6,18.36,0.2,South,Online
11/6/2025,P011,7,62.71,0,West,Online
11/6/2025,P012,8,40,0,East,Online
11/6/2025,P013,9,17.14,0,North,Retail
11/6/2025,P014,4,22.6,0.1,East,Online
11/6/2025,P015,6,12.06,0,North,Retail
11/7/2025,P001,8,20.3,0,North,Online
11/7/2025,P002,5,25.21,0.25,West,Retail
11/7/2025,P003,9,49.41,0.15,East,Online
11/7/2025,P004,18,8.87,0,North,Online
11/7/2025,P006,9,58.09,0,South,Online
11/7/2025,P007,3,34.52,0.15,West,Online
11/7/2025,P008,2,23.16,0.2,West,Retail
11/7/2025,P009,2,18.34,0,West,Retail
11/7/2025,P010,3,18.55,0.2,South,Retail
11/7/2025,P011,4,67.43,0,West,Retail
11/7/2025,P012,7,39.53,0,East,Online
11/7/2025,P013,5,17.64,0,East,Retail
11/7/2025,P014,7,22.86,0,West,Online
11/7/2025,P015,13,12.34,0.1,West,Online
11/8/2025,P001,14,19.26,0.25,West,Online
11/8/2025,P002,8,24.51,0.15,North,Online
11/8/2025,P004,12,8.96,0.2,West,Online
11/8/2025,P005,4,185.08,0,South,Retail
11/8/2025,P006,3,62.34,0,North,Online
11/8/2025,P007,5,34.68,0,South,Online
11/8/2025,P008,2,22.79,0.2,West,Online
11/8/2025,P009,4,18.54,0,South,Online
11/8/2025,P015,15,12.26,0,North,Online
11/9/2025,P001,10,19.71,0,North,Online
11/9/2025,P002,7,25.24,0,South,Online
11/9/2025,P003,4,48.79,0,West,Online
11/9/2025,P004,23,9.11,0,West,Retail
11/9/2025,P005,7,185.61,0.2,South,Online
11/9/2025,P006,7,60.7,0.1,South,Online
11/9/2025,P007,5,34.11,0,West,Retail
11/9/2025,P008,9,22.26,0.15,West,Retail
11/9/2025,P009,9,19.46,0,South,Online
11/9/2025,P010,8,17.97,0.15,East,Retail
11/9/2025,P011,3,67.16,0.25,East,Online
11/9/2025,P012,6,40.52,0,East,Retail
11/9/2025,P013,14,16.32,0.25,West,Retail
11/9/2025,P015,12,12.33,0,West,Retail
11/10/2025,P002,5,25.91,0,East,Online
11/10/2025,P003,5,48.81,0,West,Online
11/10/2025,P004,13,9.12,0,East,Online
11/10/2025,P007,3,34.41,0,North,Retail
11/10/2025,P008,3,22.66,0.15,North,Online
11/10/2025,P009,6,18.55,0,South,Retail
11/10/2025,P011,3,62.66,0.2,South,Retail
11/10/2025,P013,8,17.09,0.2,South,Online
11/10/2025,P014,6,22.36,0,South,Retail
11/10/2025,P015,9,12.23,0,East,Online
11/11/2025,P001,9,19.2,0,South,Retail
11/11/2025,P003,6,48.83,0,South,Retail
11/11/2025,P004,14,9.22,0.2,West,Retail
11/11/2025,P005,1,176.62,0,West,Online
11/11/2025,P007,2,36.35,0.2,West,Online
11/11/2025,P008,7,22.31,0,South,Retail
11/11/2025,P010,5,17.94,0,South,Online
11/11/2025,P012,4,41.06,0.2,South,Online
11/11/2025,P013,6,17.25,0,East,Retail
11/11/2025,P014,5,21.96,0,West,Online
11/11/2025,P015,4,11.68,0,North,Online
11/12/2025,P001,9,19.4,0.25,East,Online
11/12/2025,P003,5,50,0,West,Retail
11/12/2025,P004,20,9.04,0,West,Retail
11/12/2025,P005,3,181.17,0,West,Online
11/12/2025,P006,7,57.69,0,West,Retail
11/12/2025,P007,4,34.99,0.1,South,Online
11/12/2025,P008,5,22.58,0,East,Online
11/12/2025,P010,4,17.66,0,West,Retail
11/12/2025,P011,4,62.67,0.25,North,Retail
11/12/2025,P012,1,39.9,0,North,Online
11/12/2025,P013,5,17.45,0.15,East,Retail
11/12/2025,P014,6,22.42,0,North,Retail
11/12/2025,P015,12,12.2,0,South,Retail
11/13/2025,P001,6,20.26,0,East,Retail
11/13/2025,P002,9,25.98,0.2,North,Online
11/13/2025,P003,7,51.04,0,North,Online
11/13/2025,P004,14,9.07,0.15,South,Online
11/13/2025,P006,8,58.13,0,East,Retail
11/13/2025,P007,5,34.67,0.15,West,Retail
11/13/2025,P008,7,22.51,0,East,Online
11/13/2025,P009,8,19.58,0,North,Retail
11/13/2025,P010,7,17.88,0,North,Retail
11/13/2025,P011,5,66.03,0.25,North,Online
11/13/2025,P012,3,39.54,0.15,East,Retail
11/13/2025,P013,4,16.35,0,North,Retail
11/13/2025,P014,3,21.92,0.25,North,Online
11/13/2025,P015,3,11.83,0.05,North,Retail
11/14/2025,P001,9,20.03,0,East,Online
11/14/2025,P002,10,25.67,0.1,North,Retail
11/14/2025,P003,4,49.45,0,South,Online
11/14/2025,P004,16,9.17,0,West,Online
11/14/2025,P006,4,60.14,0.1,East,Online
11/14/2025,P007,2,33.61,0.1,East,Online
11/14/2025,P008,4,23.06,0,North,Retail
11/14/2025,P009,7,19.62,0,North,Online
11/14/2025,P012,4,39.68,0,South,Retail
11/14/2025,P013,5,16.48,0,West,Online
11/14/2025,P014,6,21.86,0,South,Online
11/14/2025,P015,8,11.91,0,West,Retail
11/15/2025,P001,12,20.37,0,East,Retail
11/15/2025,P002,4,25.73,0.15,North,Online
11/15/2025,P003,9,51.97,0,West,Online
11/15/2025,P004,11,8.7,0,North,Retail
11/15/2025,P005,2,182.83,0,East,Online
11/15/2025,P006,3,62.02,0,East,Retail
11/15/2025,P007,4,35.11,0,South,Online
11/15/2025,P008,4,23.32,0,South,Online
11/15/2025,P009,7,18.97,0.15,East,Online
11/15/2025,P010,5,17.97,0.2,South,Retail
11/15/2025,P011,2,62.56,0.25,North,Retail
11/15/2025,P012,10,39.74,0,West,Retail
11/15/2025,P013,10,16.65,0,West,Online
11/15/2025,P014,3,21.39,0.1,East,Retail
11/15/2025,P015,5,11.53,0,West,Retail
11/16/2025,P001,10,19.81,0.1,North,Retail
11/16/2025,P002,7,24.4,0,West,Online
11/16/2025,P003,8,49.91,0,South,Retail
11/16/2025,P004,15,9.07,0.1,North,Retail
11/16/2025,P005,5,178.21,0,South,Online
11/16/2025,P006,2,59.35,0,North,Online
11/16/2025,P007,1,35.81,0.1,West,Online
11/16/2025,P008,9,22.66,0.15,North,Retail
11/16/2025,P009,7,19.26,0,East,Online
11/16/2025,P010,3,17.59,0,North,Online
11/16/2025,P012,5,40.19,0,North,Online
11/16/2025,P014,8,22.3,0,South,Online
11/16/2025,P015,5,11.99,0,South,Online
11/17/2025,P002,8,24.54,0.15,East,Retail
11/17/2025,P003,3,50.35,0,East,Retail
11/17/2025,P004,10,9.17,0,East,Online
11/17/2025,P005,1,180.31,0,South,Retail
11/17/2025,P006,5,58.29,0,West,Online
11/17/2025,P008,5,23.19,0.2,North,Retail
11/17/2025,P009,5,18.52,0,North,Online
11/17/2025,P010,2,18.21,0,East,Online
11/17/2025,P011,3,66.4,0,South,Online
11/17/2025,P012,1,38.49,0,East,Online
11/17/2025,P013,5,17.04,0,South,Online
11/17/2025,P014,7,22.65,0,East,Retail
11/17/2025,P015,4,11.79,0.1,South,Online
11/18/2025,P001,9,20.53,0.1,East,Retail
11/18/2025,P002,5,24.85,0,South,Retail
11/18/2025,P003,7,51.32,0.05,South,Retail
11/18/2025,P004,19,8.9,0.2,North,Online
11/18/2025,P005,1,186.38,0,East,Online
11/18/2025,P006,4,58.66,0,East,Retail
11/18/2025,P008,5,22.98,0.15,East,Online
11/18/2025,P009,9,18.43,0,East,Retail
11/18/2025,P010,4,17.64,0.15,North,Online
11/18/2025,P011,4,63.46,0.25,North,Retail
11/18/2025,P012,6,39.07,0.05,North,Online
11/18/2025,P013,1,17.22,0.1,South,Online
11/18/2025,P014,7,22.75,0,South,Online
11/18/2025,P015,8,11.56,0.1,South,Retail
11/19/2025,P001,11,19.57,0.25,West,Online
11/19/2025,P002,4,24.63,0.1,South,Retail
11/19/2025,P003,6,49.33,0,East,Online
11/19/2025,P004,17,9.3,0,West,Retail
11/19/2025,P006,6,58.46,0.2,West,Online
11/19/2025,P008,2,22.95,0,North,Retail
11/19/2025,P009,5,18.79,0.15,South,Online
11/19/2025,P010,5,17.44,0.2,West,Online
11/19/2025,P011,4,65.99,0.25,South,Retail
11/19/2025,P012,6,40.88,0,North,Retail
11/19/2025,P013,7,17.43,0,South,Retail
11/19/2025,P014,1,21.25,0.25,North,Online
11/19/2025,P015,8,11.9,0,North,Retail
11/20/2025,P001,10,19.2,0,South,Online
11/20/2025,P003,5,49.68,0,South,Online
11/20/2025,P004,16,9.23,0,North,Online
11/20/2025,P006,4,60.63,0,West,Retail
11/20/2025,P007,5,35.88,0,North,Online
11/20/2025,P008,6,23.4,0,South,Online
11/20/2025,P009,8,19.06,0,West,Online
11/20/2025,P011,9,63.13,0,South,Retail
11/20/2025,P012,3,38.86,0.15,South,Online
11/20/2025,P013,4,16.41,0.15,North,Online
11/20/2025,P014,7,22.7,0,South,Online
11/20/2025,P015,7,11.97,0.1,East,Online
11/21/2025,P001,12,19.87,0,West,Retail
11/21/2025,P002,9,25.55,0,South,Online
11/21/2025,P003,6,50.74,0.15,North,Online
11/21/2025,P004,13,8.78,0,East,Online
11/21/2025,P005,3,176.01,0,South,Online
11/21/2025,P006,3,62.14,0,South,Online
11/21/2025,P007,4,35.04,0.1,North,Online
11/21/2025,P008,2,22.32,0.15,South,Retail
11/21/2025,P009,5,19.55,0.15,West,Online
11/21/2025,P010,1,18.12,0.25,South,Online
11/21/2025,P011,6,65.65,0,East,Online
11/21/2025,P012,1,38.59,0,South,Online
11/21/2025,P013,12,16.9,0,West,Retail
11/21/2025,P014,7,21.15,0,North,Online
11/21/2025,P015,8,11.76,0,West,Online
11/22/2025,P001,12,19.68,0,East,Online
11/22/2025,P002,8,24.64,0,South,Online
11/22/2025,P003,3,49.82,0.15,East,Online
11/22/2025,P004,19,8.78,0,East,Retail
11/22/2025,P005,5,175.08,0,South,Online
11/22/2025,P006,5,59.58,0.1,East,Online
11/22/2025,P008,5,23.46,0,East,Retail
11/22/2025,P009,6,19.39,0.15,West,Online
11/22/2025,P010,2,18.6,0.15,West,Online
11/22/2025,P011,3,66,0,West,Retail
11/22/2025,P013,5,17.05,0,East,Retail
11/22/2025,P014,6,22.87,0,North,Online
11/22/2025,P015,6,11.93,0,West,Retail
11/23/2025,P002,9,25.24,0,West,Retail
11/23/2025,P003,5,51.57,0.15,West,Online
11/23/2025,P004,15,8.99,0,South,Online
11/23/2025,P005,1,186.84,0.2,East,Retail
11/23/2025,P006,3,61.43,0,West,Retail
11/23/2025,P007,7,34.48,0.25,West,Online
11/23/2025,P008,2,22.36,0,South,Online
11/23/2025,P009,7,19.43,0.25,East,Online
11/23/2025,P010,6,18.13,0,North,Retail
11/23/2025,P011,4,66.85,0.1,West,Online
11/23/2025,P012,8,38.71,0,South,Retail
11/23/2025,P013,11,16.89,0,South,Online
11/23/2025,P014,5,22.33,0.05,East,Online
11/23/2025,P015,10,11.8,0,East,Online
11/24/2025,P001,6,20.69,0,West,Retail
11/24/2025,P002,4,25.01,0,West,Online
11/24/2025,P003,4,49.17,0.1,South,Retail
11/24/2025,P004,12,8.84,0.2,West,Retail
11/24/2025,P005,1,183.21,0.1,East,Online
11/24/2025,P006,5,61.87,0,North,Online
11/24/2025,P007,4,35.04,0,East,Online
11/24/2025,P008,5,23.42,0,South,Retail
11/24/2025,P010,4,17.37,0.1,North,Online
11/24/2025,P011,1,64.61,0,North,Retail
11/24/2025,P012,3,39.52,0,East,Retail
11/24/2025,P014,4,22.29,0.1,North,Online
11/24/2025,P015,6,12.4,0,West,Online
11/25/2025,P001,11,20.04,0.15,West,Online
11/25/2025,P002,3,25,0,South,Online
11/25/2025,P003,12,51.22,0,East,Retail
11/25/2025,P004,15,9.33,0.15,South,Retail
11/25/2025,P006,5,59.57,0,North,Online
11/25/2025,P008,3,22.55,0.2,South,Online
11/25/2025,P009,4,18.46,0.25,North,Online
11/25/2025,P010,3,17.27,0.25,South,Retail
11/25/2025,P011,5,66.06,0,North,Online
11/25/2025,P012,5,41.25,0,West,Retail
11/25/2025,P013,6,16.75,0,South,Online
11/25/2025,P014,4,21.24,0.25,West,Online
11/25/2025,P015,10,11.55,0,South,Retail
11/26/2025,P001,9,20.38,0.25,South,Online
11/26/2025,P002,5,24.46,0.15,East,Online
11/26/2025,P004,13,9.15,0.2,West,Online
11/26/2025,P005,5,179.84,0.2,West,Online
11/26/2025,P006,3,57.86,0,East,Online
11/26/2025,P007,3,33.91,0,South,Retail
11/26/2025,P008,5,23.08,0,West,Online
11/26/2025,P009,8,19.16,0.15,South,Online
11/26/2025,P010,6,18.1,0,South,Online
11/26/2025,P011,5,64.9,0,West,Online
11/26/2025,P012,8,38.75,0,East,Retail
11/26/2025,P013,5,16.9,0,West,Online
11/26/2025,P014,6,22.52,0,North,Retail
11/26/2025,P015,6,12.16,0,West,Online
11/27/2025,P002,4,24.68,0,South,Online
11/27/2025,P003,5,51.03,0.25,North,Online
11/27/2025,P004,15,8.89,0,East,Online
11/27/2025,P005,4,185.54,0.15,South,Retail
11/27/2025,P006,6,60.99,0.25,,Online
11/27/2025,P008,10,23.44,0,South,Retail
11/27/2025,P010,7,18.42,0,South,Online
11/27/2025,P012,4,40.79,0,West,Retail
11/27/2025,P013,8,17.37,0.25,North,Retail
11/27/2025,P014,5,22.41,0.15,South,Online
11/27/2025,P015,5,12.03,0.25,West,Retail
11/28/2025,P001,9,19.77,0,West,Retail
11/28/2025,P002,5,24.99,0.25,South,Online
11/28/2025,P004,15,8.84,0,East,Online
11/28/2025,P006,5,60.97,0,North,Online
11/28/2025,P007,2,36.24,0.15,North,Online
11/28/2025,P008,9,22.46,0.15,West,Retail
11/28/2025,P010,8,17.48,0.15,North,Online
11/28/2025,P011,2,67.34,0.15,West,Online
11/28/2025,P012,2,39.23,0.2,West,Online
11/28/2025,P013,9,17.3,0,West,Online
11/28/2025,P014,2,22.84,0,South,Online
11/29/2025,P001,10,20.58,0,South,Online
11/29/2025,P003,5,49,0,South,Online
11/29/2025,P004,23,9.04,0,East,Retail
11/29/2025,P005,2,174.83,0,South,Online
11/29/2025,P006,5,60.84,0,West,Retail
11/29/2025,P007,5,35.35,0,West,Retail
11/29/2025,P009,8,19.06,0.1,North,Retail
11/29/2025,P011,5,62.69,0,North,Retail
11/29/2025,P012,9,40.41,0,West,Online
11/29/2025,P014,10,21.39,0,North,Online
11/29/2025,P015,5,11.71,0.15,East,Online
11/30/2025,P001,12,20,0,North,Online
11/30/2025,P002,8,25.7,0.1,North,Retail
11/30/2025,P004,15,8.74,0.2,North,Retail
11/30/2025,P006,5,61.46,0,North,Online
11/30/2025,P007,10,34.38,0.25,South,Retail
11/30/2025,P008,3,22.15,0.15,South,Online
11/30/2025,P009,13,19.04,0,East,Online
11/30/2025,P010,4,17.53,0.2,East,Online
11/30/2025,P011,5,62.42,0,South,Retail
11/30/2025,P012,7,39.75,0,North,Retail
11/30/2025,P013,4,16.98,0.15,East,Retail
11/30/2025,P014,3,21.2,0,South,Retail
11/30/2025,P015,6,12.29,0,East,Online
12/1/2025,P001,6,19.6,0.2,East,Retail
12/1/2025,P002,5,24.62,0,East,Online
12/1/2025,P004,11,8.64,0.2,North,Online
12/1/2025,P005,1,174.54,0.15,West,Online
12/1/2025,P006,7,58.3,0.1,East,Online
12/1/2025,P007,1,35.45,0.15,South,Online
12/1/2025,P008,8,22.71,0.15,North,Online
12/1/2025,P009,6,19.07,0.2,East,Online
12/1/2025,P011,4,66.9,0,West,Online
12/1/2025,P012,9,39.11,0,West,Online
12/1/2025,P013,1,17.19,0.25,West,Online
12/1/2025,P014,3,22.23,0,South,Retail
12/1/2025,P015,5,11.56,0,East,Online
12/2/2025,P001,5,20.57,0,North,Online
12/2/2025,P002,8,24.61,0.25,West,Online
12/2/2025,P003,5,49.71,0.2,South,Online
12/2/2025,P004,14,8.91,0,West,Retail
12/2/2025,P005,2,179.73,0.2,West,Online
12/2/2025,P006,2,60.85,0,North,Retail
12/2/2025,P008,5,23.1,0,South,Retail
12/2/2025,P009,10,19.32,0.1,West,Online
12/2/2025,P010,11,18.15,0,East,Retail
12/2/2025,P011,6,63.49,0.2,South,Online
12/2/2025,P012,4,39.93,0,East,Online
12/2/2025,P013,8,17,0,East,Online
12/2/2025,P014,1,22.37,0.15,West,Online
12/2/2025,P015,4,12.16,0,South,Online
12/3/2025,P001,10,19.28,0,North,Online
12/3/2025,P003,4,49.72,0,East,Retail
12/3/2025,P004,9,9.09,0.15,South,Online
12/3/2025,P005,3,176.9,0,South,Retail
12/3/2025,P006,4,60.11,0,South,Retail
12/3/2025,P007,4,33.85,0.2,North,Retail
12/3/2025,P009,2,19.42,0,West,Retail
12/3/2025,P011,4,66.29,0,East,Retail
12/3/2025,P013,2,16.7,0.1,South,Retail
12/3/2025,P015,7,12.24,0,West,Retail
12/4/2025,P001,6,20.34,0,North,Online
12/4/2025,P002,4,25.43,0.15,West,Retail
12/4/2025,P003,6,51.45,0,North,Retail
12/4/2025,P004,9,9.3,0.1,South,Online
12/4/2025,P005,1,179.71,0.25,East,Retail
12/4/2025,P006,3,59.84,0.25,East,Online
12/4/2025,P007,5,34.47,0,South,Retail
12/4/2025,P008,7,22.54,0.1,West,Online
12/4/2025,P009,8,19.36,0,East,Retail
12/4/2025,P010,5,17.71,0.15,East,Retail
12/4/2025,P011,2,65.51,0,South,Online
12/4/2025,P012,7,41.5,0.2,North,Online
12/4/2025,P013,5,17.64,0,South,Online
12/4/2025,P014,4,22.05,0.2,South,Online
12/4/2025,P015,11,12.46,0.1,East,Retail
12/5/2025,P001,14,20.64,0,West,Online
12/5/2025,P002,2,25.67,0.1,East,Retail
12/5/2025,P003,3,51.2,0,West,Online
12/5/2025,P004,15,8.96,0,South,Online
12/5/2025,P005,1,174.93,0.15,South,Online
12/5/2025,P006,5,59.48,0,West,Retail
12/5/2025,P008,4,23.79,0.1,North,Online
12/5/2025,P010,5,18.53,0.25,East,Online
12/5/2025,P011,5,62.73,0.15,North,Retail
12/5/2025,P012,6,40.9,0,East,Online
12/5/2025,P015,11,11.59,0.2,West,Retail
12/6/2025,P001,16,19.65,0.2,South,Online
12/6/2025,P002,7,25.88,0,South,Retail
12/6/2025,P003,4,49.01,0,East,Retail
12/6/2025,P004,17,8.83,0.1,West,Online
12/6/2025,P005,4,185.75,0.2,South,Online
12/6/2025,P007,8,36.29,0,South,Retail
12/6/2025,P008,3,23.83,0.1,North,Retail
12/6/2025,P009,4,18.65,0.1,South,Retail
12/6/2025,P010,4,17.67,0,West,Retail
12/6/2025,P012,6,38.83,0,East,Retail
12/6/2025,P013,5,16.69,0.1,North,Online
12/6/2025,P014,7,21.27,0,West,Online
12/6/2025,P015,10,12.29,0,West,Online
12/7/2025,P001,-8,20.57,0.05,North,Online
12/7/2025,P002,7,25.62,0.2,West,Online
12/7/2025,P003,9,48.91,0,North,Online
12/7/2025,P004,17,8.7,0,South,Online
12/7/2025,P005,4,175.3,0,North,Online
12/7/2025,P006,6,61.07,0,East,Retail
12/7/2025,P008,5,22.92,0.2,East,Online
12/7/2025,P009,8,19.04,0,East,Online
12/7/2025,P010,4,18.34,0,East,Online
12/7/2025,P011,6,65.76,0.15,East,Online
12/7/2025,P012,8,39.12,0,East,Retail
12/7/2025,P014,6,22.7,0,South,Retail
12/7/2025,P015,16,11.85,0,West,Retail
12/8/2025,P001,14,20.04,0,West,Online
12/8/2025,P002,7,24.58,0,West,Online
12/8/2025,P003,4,48.25,0,West,Retail
12/8/2025,P005,1,180.88,0,West,Retail
12/8/2025,P006,3,61.31,0,West,Online
12/8/2025,P007,2,34.98,0.15,South,Online
12/8/2025,P008,4,23.7,0.15,East,Retail
12/8/2025,P009,5,19.25,0.1,South,Retail
12/8/2025,P010,2,18.16,0.2,West,Online
12/8/2025,P012,4,39.81,0,East,Online
12/8/2025,P013,2,17.05,0.25,East,Retail
12/8/2025,P014,4,21.34,0,South,Online
12/8/2025,P015,5,12.26,0,East,Online
12/9/2025,P001,7,20.34,0,South,Online
12/9/2025,P002,2,25.52,0.2,South,Retail
12/9/2025,P003,3,51.79,0,South,Retail
12/9/2025,P004,13,8.69,0.15,North,Retail
12/9/2025,P005,3,177.33,0,North,Retail
12/9/2025,P006,1,60.26,0,West,Online
12/9/2025,P007,5,,0,West,Online
12/9/2025,P008,4,22.58,0,South,Online
12/9/2025,P009,2,19.65,0.1,North,Online
12/9/2025,P010,2,17.77,0,North,Online
12/9/2025,P011,5,62.74,0,West,Retail
12/9/2025,P012,3,40.02,0,East,Online
12/9/2025,P013,4,17.13,0,North,Online
12/9/2025,P014,4,22.77,0.1,North,Online
12/9/2025,P015,7,11.97,0,South,Online
12/10/2025,P001,7,19.99,0,South,Retail
12/10/2025,P002,5,24.25,0.15,South,Online
12/10/2025,P003,8,49.64,0,South,Retail
12/10/2025,P004,17,8.69,0.25,South,Retail
12/10/2025,P005,1,184.48,0,North,Retail
12/10/2025,P006,4,61.54,0.25,North,Online
12/10/2025,P008,2,22.91,0.1,North,Online
12/10/2025,P009,1,18.58,0.25,North,Online
12/10/2025,P010,6,17.81,0.1,East,Online
12/10/2025,P011,4,64.85,0.15,West,Retail
12/10/2025,P012,5,41.19,0,South,Online
12/10/2025,P013,7,17.64,0,East,Retail
12/10/2025,P014,5,21.23,0,South,Online
12/10/2025,P015,14,11.59,0.05,North,Online
12/11/2025,P001,5,19.96,0.1,East,Online
12/11/2025,P002,8,25.26,0.15,South,Online
12/11/2025,P003,6,51.49,0,West,Retail
12/11/2025,P004,9,9.29,0,West,Retail
12/11/2025,P005,7,175.19,0.25,North,Retail
12/11/2025,P006,1,59.87,0.1,South,Retail
12/11/2025,P007,2,35.1,0,East,Online
12/11/2025,P008,2,23.53,0,West,Retail
12/11/2025,P009,6,18.33,0.2,East,Retail
12/11/2025,P010,6,17.83,0,North,Retail
12/11/2025,P012,6,41.46,0.05,West,Retail
12/11/2025,P013,9,16.99,0.15,North,Online
12/11/2025,P014,3,22.15,0,South,Online
12/11/2025,P015,5,11.52,0,South,Online
12/12/2025,P001,11,20.27,0,East,Retail
12/12/2025,P003,9,49.43,0.2,South,Online
12/12/2025,P005,5,175.61,0,North,Online
12/12/2025,P006,10,58.85,0,North,Online
12/12/2025,P007,1,35.08,0.05,West,Online
12/12/2025,P008,8,23.08,0,North,Online
12/12/2025,P009,6,18.77,0,West,Online
12/12/2025,P010,5,18.03,0,North,Online
12/12/2025,P011,10,66.2,0.25,South,Online
12/12/2025,P012,9,40.54,0,South,Online
12/12/2025,P013,3,16.59,0,West,Online
12/12/2025,P014,6,22.82,0.2,West,Online
12/12/2025,P015,7,11.86,0,North,Online
12/13/2025,P001,13,19.26,0.2,South,Online
12/13/2025,P002,5,25.02,0,East,Retail
12/13/2025,P003,5,49.57,0.05,North,Online
12/13/2025,P004,20,8.92,0,West,Retail
12/13/2025,P005,6,180.27,0.1,East,Online
12/13/2025,P007,4,33.91,0.25,East,Retail
12/13/2025,P008,3,23.7,0.15,East,Online
12/13/2025,P009,6,19.57,0.15,West,Online
12/13/2025,P010,4,17.7,0.15,North,Online
12/13/2025,P011,5,64,0,West,Online
12/13/2025,P013,13,16.79,0,South,Online
12/13/2025,P014,9,22.66,0.2,North,Online
12/14/2025,P001,13,20.52,0.15,West,Retail
12/14/2025,P003,6,48.96,0.2,South,Online
12/14/2025,P004,25,8.83,0,West,Online
12/14/2025,P005,4,182.55,0.15,North,Online
12/14/2025,P006,3,60.59,0,North,Retail
12/14/2025,P007,8,36.12,0,North,Retail
12/14/2025,P008,15,23.44,0.1,West,Online
12/14/2025,P009,12,19.03,0,East,Online
12/14/2025,P010,3,17.84,0.1,East,Online
12/14/2025,P011,6,65.15,0.15,West,Retail
12/14/2025,P012,5,41.49,0,South,Retail
12/14/2025,P013,8,16.95,0.25,East,Online
12/14/2025,P015,4,12.28,0,North,Retail
12/15/2025,P001,10,19.95,0,East,Online
12/15/2025,P003,4,48.8,0.25,West,Online
12/15/2025,P004,21,8.87,0,South,Online
12/15/2025,P005,3,176.65,0.15,East,Retail
12/15/2025,P007,2,34.78,0,West,Online
12/15/2025,P008,4,22.13,0,South,Retail
12/15/2025,P009,3,19.02,0,East,Retail
12/15/2025,P010,4,18.39,0,North,Retail
12/15/2025,P012,4,41.12,0,North,Online
12/15/2025,P013,8,16.48,0,North,Retail
12/15/2025,P014,5,22.09,0.25,South,Retail
12/15/2025,P015,6,11.95,0,East,Online
12/16/2025,P002,7,25.41,0,North,Online
12/16/2025,P003,4,49.75,0.1,West,Retail
12/16/2025,P004,13,8.89,0.15,West,Retail
12/16/2025,P005,2,182.57,0,West,Retail
12/16/2025,P006,6,61.95,0.25,South,Online
12/16/2025,P007,2,34.27,0,South,Online
12/16/2025,P008,2,23.72,0,North,Retail
12/16/2025,P011,2,63.12,0,South,Online
12/16/2025,P012,5,39.62,0.2,West,Online
12/16/2025,P013,7,16.7,0,South,Online
12/16/2025,P014,3,21.42,0,South,Online
12/16/2025,P015,11,12.21,0.25,East,Retail
12/17/2025,P001,6,20.77,0,North,Online
12/17/2025,P002,3,25.6,0.1,West,Online
12/17/2025,P003,7,49.2,0.1,East,Online
12/17/2025,P004,14,8.95,0.25,South,Online
12/17/2025,P005,4,177.44,0.2,West,Online
12/17/2025,P007,1,34.14,0.25,East,Retail
12/17/2025,P008,5,22.95,0,East,Retail
12/17/2025,P009,7,19.64,0.25,South,Retail
12/17/2025,P010,2,18.43,0,South,Online
12/17/2025,P012,5,38.51,0.15,South,Retail
12/17/2025,P014,4,22.67,0.15,East,Retail
12/17/2025,P015,4,11.92,0.25,West,Online
12/18/2025,P001,11,19.44,0.25,North,Online
12/18/2025,P002,7,25.97,0,North,Online
12/18/2025,P003,8,50.8,0.05,West,Retail
12/18/2025,P004,9,8.9,0,North,Retail
12/18/2025,P005,2,173.26,0,North,Online
12/18/2025,P006,7,57.68,0,North,Retail
12/18/2025,P007,5,34.54,0.1,East,Online
12/18/2025,P009,4,19.66,0.15,North,Online
12/18/2025,P012,9,38.81,0,West,Online
12/18/2025,P013,6,16.72,0.25,South,Online
12/19/2025,P001,10,19.39,0.1,South,Online
12/19/2025,P002,3,24.09,0,South,Retail
12/19/2025,P003,5,49.5,0,North,Online
12/19/2025,P004,11,8.88,0.1,North,Online
12/19/2025,P005,1,180.04,0,East,Online
12/19/2025,P006,7,62.21,0,South,Online
12/19/2025,P010,6,17.28,0,West,Retail
12/19/2025,P011,3,66.7,0,South,Online
12/19/2025,P012,6,38.55,0,North,Online
12/19/2025,P014,8,21.9,0,North,Online
12/19/2025,P015,6,12.44,0,West,Online
12/20/2025,P001,11,20.35,0,East,Online
12/20/2025,P002,6,25.45,0,North,Online
12/20/2025,P003,8,48.53,0,East,Online
12/20/2025,P004,13,9.12,0.25,South,Retail
12/20/2025,P005,3,183.09,0,East,Retail
12/20/2025,P006,4,59.03,0.15,South,Retail
12/20/2025,P007,4,35.14,0,East,Online
12/20/2025,P008,11,23.57,0,East,Retail
12/20/2025,P009,8,19.1,0,West,Retail
12/20/2025,P010,3,18.42,0,West,Online
12/20/2025,P011,4,64.56,0,North,Retail
12/20/2025,P012,7,41.15,0,South,Retail
12/20/2025,P013,11,16.57,0,North,Online
12/20/2025,P015,13,12.39,0,North,Retail
12/21/2025,P001,16,20.7,0,East,Online
12/21/2025,P002,5,24.5,0,North,Retail
12/21/2025,P003,4,51.9,0.1,South,Online
12/21/2025,P004,15,8.71,0,West,Online
12/21/2025,P005,3,183.72,0,South,Online
12/21/2025,P006,5,57.65,0.1,South,Retail
12/21/2025,P008,11,23.16,0,West,Retail
12/21/2025,P009,5,18.36,0.1,West,Online
12/21/2025,P010,8,18.47,0,West,Online
12/21/2025,P011,3,67.04,0.2,West,Online
12/21/2025,P012,6,41.45,0,South,Online
12/21/2025,P013,9,17.22,0,West,Online
12/21/2025,P014,2,22.52,0.15,West,Online
12/21/2025,P015,9,12.2,0,West,Online
12/22/2025,P001,9,20.5,0,North,Online
12/22/2025,P002,7,25.3,0,North,Online
12/22/2025,P003,8,50.99,0,South,Retail
12/22/2025,P004,18,8.79,0,East,Retail
12/22/2025,P006,4,58.73,0,North,Retail
12/22/2025,P007,3,36.29,0,North,Online
12/22/2025,P008,2,23.58,0.1,North,Retail
12/22/2025,P009,3,18.84,0,South,Online
12/22/2025,P010,5,18.6,0,North,Online
12/22/2025,P011,2,66.56,0,East,Online
12/22/2025,P012,7,38.64,0.25,East,Online
12/22/2025,P013,6,16.65,0,East,Retail
12/22/2025,P015,6,11.91,0,South,Online
12/23/2025,P001,14,20.2,0.1,East,Retail
12/23/2025,P002,5,25.95,0,North,Online
12/23/2025,P003,3,48,0.1,West,Retail
12/23/2025,P003,3,48,0.1,West,Retail
12/23/2025,P004,9,8.65,0.2,West,Online
12/23/2025,P006,6,60.87,0,East,Online
12/23/2025,P007,4,34.08,0,East,Retail
12/23/2025,P008,10,22.31,0.15,North,Online
12/23/2025,P010,5,17.56,0.2,West,Retail
12/23/2025,P011,2,65.81,0,South,Retail
12/23/2025,P012,6,40.16,0,North,Online
12/23/2025,P013,5,16.91,0,South,Retail
12/23/2025,P014,4,21.75,0.25,East,Online
12/23/2025,P015,3,12.26,0,West,Retail
12/24/2025,P001,8,20.7,0,West,Online
12/24/2025,P002,11,25.3,0,East,Online
12/24/2025,P003,6,48.5,0,East,Online
12/24/2025,P005,1,185.88,0,West,Online
12/24/2025,P006,4,59.24,0,East,Online
12/24/2025,P007,4,35.45,0.2,East,Online
12/24/2025,P008,5,22.71,0,North,Online
12/24/2025,P009,5,19.27,0,East,Online
12/24/2025,P009,5,19.27,0,East,Online
12/24/2025,P012,4,40.76,0,West,Retail
12/24/2025,P013,11,17.13,0.2,North,Online
12/24/2025,P014,4,22.62,0.15,South,Online
12/24/2025,P015,8,11.78,0,East,Retail
12/25/2025,P001,16,19.32,0.25,South,Retail
12/25/2025,P002,3,24.88,0,North,Online
12/25/2025,P003,5,50.9,0,North,Online
12/25/2025,P004,15,8.71,0,North,Online
12/25/2025,P005,4,182.06,0.15,West,Online
12/25/2025,P006,3,58.07,0.2,South,Online
12/25/2025,P007,4,36.2,0.2,West,Retail
12/25/2025,P008,6,22.39,0.2,West,Online
12/25/2025,P009,5,19.17,0.25,North,Online
12/25/2025,P010,2,18.53,0.15,West,Online
12/25/2025,P011,4,65.34,0,South,Online
12/25/2025,P012,3,41.45,0.05,South,Retail
12/25/2025,P013,5,17.18,0.1,South,Online
12/25/2025,P014,5,21.74,0.15,South,Online
12/25/2025,P015,8,11.53,0.25,East,Retail
12/26/2025,P001,11,19.31,0.15,South,Online
12/26/2025,P002,6,25.05,0.15,East,Online
12/26/2025,P003,7,49.98,0,South,Retail
12/26/2025,P004,16,8.81,0,East,Online
12/26/2025,P006,3,61.67,0,East,Online
12/26/2025,P007,2,34.15,0.1,South,Retail
12/26/2025,P009,4,19.22,0,South,Retail
12/26/2025,P010,3,18.09,0,North,Online
12/26/2025,P011,4,65.28,0,West,Online
12/26/2025,P012,11,39.25,0,North,Online
12/26/2025,P013,5,17.21,0,North,Online
12/26/2025,P014,4,22.08,0,West,Online
12/26/2025,P015,7,12.02,0,North,Online
12/27/2025,P002,5,24.79,0,North,Online
12/27/2025,P003,10,50.39,0,North,Online
12/27/2025,P004,22,8.79,0.15,North,Retail
12/27/2025,P005,7,185.72,0.1,North,Online
12/27/2025,P006,5,59.12,0,West,Retail
12/27/2025,P007,9,35.82,0,South,Online
12/27/2025,P008,8,22.37,0.15,East,Online
12/27/2025,P009,8,19.67,0,South,Retail
12/27/2025,P010,5,18.37,0,East,Online
12/27/2025,P011,1,63.93,0.2,North,Online
12/27/2025,P012,3,39.73,0.15,North,Online
12/27/2025,P013,4,17.02,0,North,Online
12/27/2025,P014,8,21.71,0,East,Online
12/27/2025,P015,13,12.35,0.15,North,Retail
12/28/2025,P001,15,20.13,0,North,Online
12/28/2025,P002,5,25.72,0,East,Online
12/28/2025,P003,11,50.89,0,North,Online
12/28/2025,P004,21,8.85,0,West,Online
12/28/2025,P005,2,184.65,0.1,East,Online
12/28/2025,P006,5,60.25,0,East,Retail
12/28/2025,P008,8,23.58,0,North,Online
12/28/2025,P011,4,62.91,0.1,East,Retail
12/28/2025,P012,4,40.14,0,North,Online
12/28/2025,P014,4,22.3,0,South,Online
12/28/2025,P015,6,12.08,0.1,East,Retail
12/29/2025,P001,7,20.04,0.15,South,Retail
12/29/2025,P002,7,24.9,0.1,North,Online
12/29/2025,P003,5,51.55,0,North,Online
12/29/2025,P004,16,8.87,0,South,Retail
12/29/2025,P005,4,173.77,0,West,Online
12/29/2025,P006,2,61.33,0.15,East,Retail
12/29/2025,P008,4,22.19,0,South,Online
12/29/2025,P009,5,19.1,0.15,North,Online
12/29/2025,P010,4,17.66,0,West,Online
12/29/2025,P011,4,62.74,0.15,North,Online
12/29/2025,P012,5,40.67,0.05,East,Online
12/29/2025,P013,7,16.42,0,East,Online
12/29/2025,P014,7,21.79,0,North,Retail
12/29/2025,P015,8,11.74,0,South,Online
12/30/2025,P001,9,19.59,0.1,West,Retail
12/30/2025,P002,8,24.98,0,West,Online
12/30/2025,P003,3,49.22,0,South,Online
12/30/2025,P005,2,179.45,0,East,Retail
12/30/2025,P006,4,60.88,0,West,Online
12/30/2025,P007,1,35.92,0.15,South,Retail
12/30/2025,P008,9,23.36,0,West,Online
12/30/2025,P009,9,19.39,0.1,East,Online
12/30/2025,P010,7,18.49,0,North,Retail
12/30/2025,P011,3,64.13,0,East,Online
12/30/2025,P012,7,40.22,0,North,Retail
12/30/2025,P013,3,16.67,0,South,Online
12/30/2025,P014,2,21.96,0,North,Online
12/30/2025,P015,5,11.56,0.2,West,Online
12/31/2025,P001,9,20.35,0.15,East,Retail
12/31/2025,P002,5,24.06,0.15,South,Retail
12/31/2025,P004,17,9.01,0,East,Online
12/31/2025,P005,2,182.04,0,West,Online
12/31/2025,P006,7,58.02,0.15,South,Online
12/31/2025,P007,3,36.34,0.1,North,Online
12/31/2025,P008,3,23.08,0.25,North,Retail
12/31/2025,P009,8,19.15,0,West,Online
12/31/2025,P010,3,18.09,0.2,South,Retail
12/31/2025,P012,3,41.42,0,East,Retail
12/31/2025,P013,4,17.34,0.15,East,Online
12/31/2025,P014,5,21.19,0,West,Online
12/31/2025,P015,10,11.61,0.15,East,Online
